Order_ID,Expected_Delivery_Time
ialx566343618,117
akqg208421122,163
njpu434582536,128
rjto796129700,103
zguw716275638,150
fxuu788413734,133
njmo150975311,197
jvjc772545076,163
uaeb808891380,169
bgvc052754213,228
vmau710398846,113
lcwn330553507,106
wcjs752046999,98
blhl288691670,207
zyvo118176215,101
uhfs888375680,30
vmfv999642595,201
qfgc848777135,207
vwmc439983136,78
ntzy027061451,181
pbjm971961647,133
kjic578711491,75
rkzt648036688,192
segh259958026,170
owvs520891091,77
edrh271340988,93
qvfd540651807,192
gzfn634029300,238
xjps180812498,59
ahpg083217029,131
itii428784576,111
asis944862845,108
xzkg140273315,124
zotl583816092,32
agoo012263585,150
ezif478391605,109
tixw400453550,49
mrfx777445506,93
czjt755903822,54
zqtj827550147,55
luka250567007,140
zkat983341391,33
ydhu273019158,262
rpuq263118672,110
nvck471535045,19
rxgx102974679,57
ikas794013321,127
dsyl658069912,129
wzoc344425774,87
dwnh519656346,81
yakw330215137,112
dcdm719150402,77
fris321432357,177
mxuw713526914,77
carl449634661,93
msnw786727644,133
bbow373480117,243
vizd072469706,99
etss702593505,175
rxxx129114996,89
bull762076829,110
fpkv432118410,168
udpq945815554,118
qeqp930384577,86
cwvq091479872,69
ivtf765857546,150
emlt327861941,14
rufz727804632,77
gkrb550339468,179
tsec016509855,92
xczs106918282,84
lgee738117860,73
nxfs257449148,82
wycd588946822,48
bhdi726355812,138
wnbv620439671,184
jvco758418006,217
zkks967394571,140
oiyh656906407,210
dfit633531471,122
qhxw976953297,192
mryb985330207,97
jzam829230168,155
xnod694467359,68
hcno407153953,139
gyjc869072111,95
wkqq813752515,208
vdfj488526028,115
pngq326709686,196
caja224507886,122
hnme204254454,73
uehx759760979,74
sdod930462581,76
visy471360404,72
wddq796276216,60
pqya338067587,146
last796029882,100
mzyt873581742,197
kbhb286226770,94
okvp821614347,17
oska955853002,85
rgwl479077727,76
tmzv371880726,97
ofxt601212694,148
lbui872023073,110
ixfk439251990,208
njfz936670348,58
drir663128253,170
drdr957134932,115
qrzj427928057,76
hkit681446136,119
imnm972342448,183
wnne890905509,117
kbdc711046313,62
alem833315854,82
khjm619520065,209
oiay843077855,88
ohhc448549441,126
knul324217390,194
buux572471968,89
ieue797662723,141
eztk468187811,89
zzid436960558,92
kllk327072475,248
uurs547552548,78
ubwl989345056,105
iimu721647260,115
tfxz025621580,52
kgjb145446786,122
xrxy085440961,92
pnzt689957903,68
qrng205617369,178
gycd207308146,87
wqfy256790455,88
vgjr167867003,138
jqco336937571,218
iwkp065421476,99
nwvu459529234,175
jjcl090851660,51
bpbi053158546,172
ksec432319879,82
rszv454658332,112
cdyc438548517,132
xoka811702118,132
nyum131271823,177
iwoy649851528,206
lhus187289759,116
szbb646301545,153
bwgn919229310,93
pdxn136638766,133
zzsx562940707,143
gyvm380029078,119
umwc109456087,180
dsbe906886027,141
xnzb532907287,155
ltrp525870768,217
rbzk606295253,74
ltoi660207512,168
pkhq469939766,149
jgbc287273591,112
xzzw562394658,216
gjwc226881646,238
lrbb564302256,97
fkyd365052251,105
wciq107093545,222
edxx482704762,127
jxsj508533395,24
xlta607070306,157
lubd358643567,17
ycwb227184501,89
mikp615052003,193
djrw974238657,162
rxki994339301,82
wfjy432968933,55
opdl820466364,130
wbpn330130607,127
jtsd466670552,108
enww399699472,216
rvns240114667,208
fvko144254933,213
jocn049365284,168
atgc248887447,88
jexa898688264,122
cmvs014428179,268
ntme294239634,106
tryr235168039,172
cpya420089193,183
opvd660426426,82
ecar963502319,78
pbmy587069805,138
wasv461278289,132
byhp076235734,231
ohfh963147472,148
nkmh560985800,114
gvea147758996,25
cypx969023715,142
oamt174420009,125
vmgc964372188,53
jnge623681084,133
kzvx918950241,117
rlgt572766152,197
lvnz878892159,53
zhyo265634674,157
ezxe128319748,185
kifq556800414,63
carl757119263,125
ywqd911535741,133
ppqt362000534,147
czis944259836,163
ibwr067523869,21
fyao616279169,165
bfvj522482572,138
zeaw181992534,76
tkua467465647,144
ljgp550489562,92
hnoc705310037,69
lzkv724137602,152
qpqb113436782,139
teij116088130,195
zutg690542042,150
qphf884454355,155
fcib257172141,184
fium151549195,216
vvnq162473052,147
hhem665543827,124
zfgf746938367,77
nfdj333236314,196
zfxe533340329,101
kwmv603335255,75
gopn683041817,77
ppri902151840,95
libi732501950,101
kdbu035077095,125
mfol662804540,212
bdgu970232668,73
odlo529484325,145
vxvr447893698,68
fmhd254099683,56
evzr452255970,95
hdgi344002220,144
ypdy132507323,56
vpun175942482,69
cdkz589624699,72
kiyg810534481,16
pwbi898606991,99
taqg748867597,130
dkgi875489081,132
ubag651976139,216
zxtz236128998,127
hmju318251956,141
ltwr528697521,83
jsku204560077,220
istj070213071,162
dahw022547497,75
vvgj958702360,133
rabu202619192,23
aeuj226729421,92
rbiv368919286,75
kxfb230420855,54
hwmm104541576,213
qnwk753395424,99
vvqg343205052,143
iuxj806937978,55
yyny933118563,149
bwhs416644198,31
rfxd157515921,21
pgjt711137922,75
fxir538138707,247
kezq280741564,225
dqha770938362,185
biau131098726,142
zkun393659280,172
lxwa140818117,138
uyid942578627,217
scqu849553683,57
mctx146223837,153
cyko979976221,194
uesw387337499,232
wowz415217997,132
uxsb403561931,158
cyye995820696,210
jbts229431770,123
iqbd216667101,193
bszz787750715,107
eynm000731182,91
cdmn013747827,107
fxuz549696901,118
jtpt648811611,238
oxji736034406,62
rihr033620085,163
gczg917526696,78
svpx912240732,98
asgd164341326,88
xqcr834027606,133
dmrl564554163,123
efrs776811164,154
ljep947754095,130
ljfy543933323,192
fshk983313794,94
wypw496102732,88
ayns342721271,122
thym058259757,131
lgzn457957462,143
qezt047211927,78
gzdo509306528,83
ersz046238543,119
tgpw108094548,121
inqt227293158,171
mwyi621708115,80
hzpx007931304,128
gbab110045112,150
hvpj165495397,248
ceed295586354,26
tonn051257985,162
erap841821582,27
iavt937545530,119
trka856987401,81
lcgk008504983,132
zqro449286965,126
syeh579470089,160
zhab316861798,124
qqjl805129936,14
weco669309017,89
zbel647135442,153
emwe467794784,230
xznm347660092,23
nyfh224947388,39
uvri048682496,135
bbws342212288,135
wsoh266827723,161
leff787822709,140
talu198958493,148
anfx475383342,136
eddt314765083,56
pcyt916802893,12
ungk686699285,135
jgcy113446649,127
ronf620294989,134
hoxq128553542,29
pmtg425435413,158
qefg170628671,127
bdlk287272047,159
iqem237229463,144
zazf712069296,163
dpcr770207794,175
glsd963477325,136
zhhx122382345,55
titu043025048,138
gyxe336866683,150
zlcm795242431,162
zdvi265864937,128
wduj099075306,191
xhwj851689395,129
opbb084664115,153
nplz786278633,140
vfml243571298,125
evto530786855,147
ckgu502252849,88
tjxh038296843,228
xhlz301038990,171
zpnu794398600,119
xiuy990187238,219
mupr233190762,182
pkqs694908430,140
qibd572188244,187
rwkg752700186,10
xukr152686247,112
pkts252955495,25
kjef892715538,133
pmpr684370621,170
bpyt851249485,127
fdjp742606171,18
deff957321361,142
vakz912181469,17
lxlx275255455,86
dowq522268038,184
xdao434795901,207
qzve473103395,168
sgrh968289641,124
jpet729617185,148
tbbu562785662,238
yhct639146328,92
vpzi082179640,142
wxqg297592780,155
eein393878639,79
qkiq165480717,125
hqwk443892657,112
xkxm865630486,15
bvni933228891,28
befv867092423,101
hobf254746878,162
lhfo186255622,86
emki208355100,190
eiug703797186,68
gpgw045112006,131
pajv540287866,180
pfch546197063,145
watp349944722,11
ipvd026583007,246
pexn467185751,210
nmla539707523,117
dbuw981669021,231
dbyg819334603,29
koew144021127,68
qmjh777621315,126
pszf462397050,122
figc612141073,59
gpwj834408989,123
pwbf401580256,30
vpzj106843126,92
rpxi920665792,26
vhkj347911892,93
ilfo183800165,125
blgx713939207,117
wlra252926669,199
vxra135801103,112
fzng561300776,35
sdij345774967,213
ylyn963444268,129
prwc675910621,136
sqjm123634300,173
bptj463968079,115
njei617905873,132
nltq801700453,86
jttm849299889,82
dmps249322564,78
gego068198063,192
fptn470372741,125
gqbu367833799,65
izaj168715864,237
fnep523025583,143
prmd574549289,144
mrjm925736117,161
bxmi331655934,207
mhbw191834924,198
zgus506380717,83
qebb550457670,239
nkwa401940966,197
cywj467789158,58
sjkg905066419,98
xntp740548398,175
pvcu885016852,79
xzhm898208742,77
uglc908112005,155
ggni863426619,52
bzru027859331,109
abfq998863769,78
wywl453950288,121
dypb040671273,78
vqlk306910270,210
hvgr961766492,152
lmam222460100,154
ynfp918283334,166
ntqf654847526,79
wltg948769753,77
wfnp526037482,126
snnk405400637,87
wpqb321718229,128
sdoi829127570,168
idya109511672,161
ttrz409682533,110
nfya937262694,253
lmop404805897,78
ybxm786583586,114
enld417016844,92
lmmw269814056,124
iwhg780258471,215
iwgk345795951,53
tsgt870627135,172
iceq731335361,73
xiqr562543389,127
ccvj862813862,151
vavf041518880,83
ojgk976611501,148
gzhs999389838,7
lpoo559278752,115
ciiu227813992,147
dmfn307541025,143
whbe278371630,69
ajon496915803,143
fjwn048296205,135
hibb670568838,77
mpxz628633412,216
rqqt145827294,221
xrou628500081,107
xnwm549054246,79
tcjj860782373,92
ceoa860679195,82
ozff337964990,231
hdrw273058143,128
jjpc681328627,86
wnja265203362,200
kkkn806065019,83
ahcl676711139,217
fnmz024487519,44
tsnh426803977,171
jlvk970569104,199
nkob102431367,81
aitb076913492,66
zzht454845366,143
penp730595480,117
tqqq117400105,82
wrbr570700916,36
wzvs619072447,100
oini183602327,143
elrp114539975,151
fvoq332072223,69
kemd906602818,152
kqmi499374214,127
qdqs225203666,138
ztel491150706,84
sfok287655638,166
rbvw350017323,178
evfg719847858,192
kcdr224504524,126
nuxp187566978,199
ervj934596417,162
kqnb541413741,211
oric826953147,160
urec609350393,155
ovti492712870,121
brfo817641389,152
pbsp176319059,108
kfjw636000221,154
szso398384860,82
pjbh964684827,124
oaew463729559,17
dhru296264034,161
jrdt044319812,97
aefs889604846,54
aozl672518026,104
fmmu732691037,220
cmnr733682904,98
velf920731059,57
grsq278292648,114
rqha328591539,60
rhpv487359562,197
aokn153705465,77
tnxr721054246,83
sxnc962329653,121
hsbp920939915,167
mbhl763139783,147
dqml870257443,72
oipo304682095,140
npqc426335347,126
kbcb187418479,80
nvss305715416,12
nfbo612860913,171
bvje827756058,178
tmra080782884,125
gtmc763426867,72
kjln790080169,246
gqyt412008922,172
hojh303673874,169
uowo219202183,193
laly052364040,29
seue774035229,56
hpfx282951824,166
kwac459258247,237
drnq455410643,126
cpai239579459,182
vjqj497482999,77
ikqm848453901,70
escq078763525,148
llgk631278832,148
qpgp954149325,83
qhmc638167529,122
qthn147451965,157
sfpc015585430,57
hllu627872258,170
wrjr749227681,146
xzrl716784548,95
mmbt765343357,57
zayq005312106,113
icjn893090853,121
jwef100439998,128
iray690328025,181
kdbz058571456,157
qbnx455660626,232
eibc335635387,93
kxcm483694128,163
lyqs160626048,117
sqpt381009382,150
kzec642267375,83
fjsy457667101,120
qcyn693653025,48
zxza102160001,158
xdus014073429,158
kdoi450584961,208
ikkh818371440,186
nqfm352762141,163
jhfa779664836,119
xbxn200447293,192
necv303251571,127
wqea232651451,140
zhbv507383833,125
vlst254301121,101
kklz242189792,47
xcpn200806737,172
dxuq411671723,214
dlxs382799710,66
ltpv954472394,174
oitk739579230,124
pazq694586181,107
oisq612742703,58
wzvu432262336,185
wper150449859,147
xzho220714716,101
zrwp620728072,110
gyxw898561903,152
ecem060800309,127
botn800344578,25
tqxi045146775,81
kgap585195507,270
dmfj519519219,107
tjib241378229,127
cads491909704,51
yoxg386579172,214
jgze646200858,95
ugdy034169362,139
xzbl323280136,154
lqyq813452304,98
pchy611585669,99
okgr359664734,71
wzel129960984,240
fhco827148157,126
bcww473893145,81
azgk940712115,112
bzoo769001078,186
ubcd783242087,85
jiyc198145687,100
kscw878662353,60
kvqk488778566,196
kpjr226562494,137
igvi130716526,82
fkun064220230,250
lyyj446897623,245
vdsc242802639,244
ittj864611306,172
jzzk349096295,90
sdxs740704107,10
mttu695236585,165
ooki837835398,138
yogd343858268,79
gcvw047760888,145
jrpn294896376,132
urgh719421847,73
xwtx438995455,177
sccp018255873,118
xxor408538921,52
jrzw710510668,134
eggk782414616,131
hidy261467651,86
jptb980554885,68
vpsf780953121,152
yzbx667733486,108
hxog930219425,172
jkkv014691736,142
sfrj659517575,104
onok376892035,80
xnmd060157935,120
mzeb245970250,92
nuyk105990581,95
qodg716991505,102
cvog500284478,158
jwdp033586938,69
ggxk185781605,92
jysr427028144,132
apll985655975,104
ybmg115603702,95
hgvp189522861,102
wjsm256325267,132
mirt199087171,138
wigz116241077,150
djni578384701,93
booz176813299,187
yrxv783282166,64
mjzv475761405,90
vogj512177127,155
vmcr655255820,123
sbaj018996229,213
mivz461407242,106
rdus129341681,162
fump208124017,88
zzdt398224350,113
rosu742347769,136
mltg533186640,187
griq568538346,120
ulic859633079,46
hikf286518789,83
izvl399117454,105
tbln574225506,83
sgep605324393,264
sgrv807655331,80
ltuo081712610,107
xbhq884931942,155
nymu234606643,72
qnht214154545,133
itfi259801851,72
vhkd487067380,143
kbln393702128,153
kjni870891929,99
ognp232305886,157
guht709314264,132
vazf926651495,107
gwsn039100496,220
fvvr839976631,127
hvcw149352257,68
nsor575698541,28
noiv975543322,95
axtz155758687,128
cqkf340722182,182
uzno711040707,142
yucd410527852,120
hnhg555883986,170
larg251421075,50
mqhw773310802,87
znys264264304,79
jbvi392181477,50
hamx365036358,110
euea467890264,198
fyhn937992389,110
brjp572494933,88
ywqt342960968,122
oifg249484577,97
amwt677706239,117
bvka348874203,92
xncp919063413,163
dzja169620854,124
mfkm295992455,178
kljo727155219,83
crwj681968834,118
xigp305225329,147
orkh922812379,57
epws628648070,159
vjso332723361,230
bncl161561536,160
phdn272715324,139
sojs277662991,161
plbh544658611,149
dwpz461110458,156
iegb214834761,162
ocwa633756358,202
xxku620056780,72
vkzz832219130,253
ohzf165095441,85
wafx978606463,109
mjny778475225,237
lfkr680811422,217
fakz515425358,127
intd941914908,25
mmnq033985559,127
egyg586560007,147
tsjg989601604,125
dyyv405381763,117
ypoi593771415,132
iwqj434088008,25
gvoc220746028,128
owjw109017720,83
wnua569339256,82
rkkn946013798,137
sedz438633697,118
phvu276201595,74
yzco846093054,132
kbxz166579673,98
jsvc767291402,89
rbfe187517457,218
bsrk558755933,114
dgye215214408,155
eyhx467155501,109
cpvr765393098,94
jrzz070590798,52
wpvn370540505,199
tifw976395462,124
icti836263169,100
kddb655628516,139
vnhq327619759,87
npch760309383,74
evvs500014087,102
tech899419111,230
gtvm381235972,87
omzj432297634,52
essy604523183,145
cusu248875311,212
edco522391392,172
ctoj872363102,137
taqs429293566,135
vqty702282323,87
rpge560994264,77
rqcs923125271,112
bkmx082772212,118
cfhn315113890,82
adiv498964791,87
hojv987068372,214
zvkx405674622,117
fgzk425074716,166
paom510411686,128
nung093192090,97
fwvo451250409,62
awyc243905733,80
unic591472044,162
nhdk983966912,137
kgbi202766353,142
rxrk922214537,127
iauj712732773,83
itdi360890843,169
ziyc225083622,145
cuql549797849,168
uihw861416295,140
cmqf429277404,130
iypw167065359,183
aecv597151350,116
addp276655174,158
jvev469820141,165
twuy336541938,68
uotq333364336,58
opdf699695945,77
vwml283310596,83
jlwh564514757,85
fdng780283298,108
rmle339606284,198
fokf045562405,20
mmhe959868409,143
rzbq717508778,77
pgae607790008,147
hpua184773788,150
gggb753628772,121
yskx271672040,58
vwhm385500781,118
agux910512982,145
jume050100672,163
mafw581032294,83
nrmz910220511,86
goym112724831,166
mcjg202506760,222
gvjx942268592,135
oosb954281783,36
msst937092386,19
yarl392103492,182
trvz490719836,99
kwvo176250144,185
wjky761986350,95
rleh153953902,145
vcpo904984519,72
qith021312304,61
yxel261089528,83
whjk646058031,100
svxy111176694,190
pqlj119874486,78
gsjz313680509,127
ysof955290928,50
hzir281026902,86
lezb158488142,17
ters101342796,25
osuu217847532,166
uybm390303163,153
tpma104105121,142
bebv151631351,195
eqko291188915,94
bpkr573708864,112
tiku670163066,86
gcjo049307092,165
wdiy581729479,97
npwo106548418,80
ytvd567194993,98
lcma897382130,218
prsx065636625,103
smtn937032095,197
ozjz810226690,67
gasz878984846,225
doai643866562,180
xqes087347664,38
bjdg509711656,68
clet305799189,118
ojkf639678702,132
ovzn802438564,102
xnsg076844692,137
elcp839245372,162
lvph411101254,106
urnq808828173,110
kxdc810247309,177
ydsr554309330,162
wmds295023114,168
snxt657345988,117
tlpw634103887,242
hxlc252959441,80
qfnw066693562,150
dxgf368981190,188
saaz395276267,241
mjjl405462834,53
eciz076285667,71
hpap861728738,119
ckgk578696273,90
mxpd911239648,188
bfup174692326,194
bkpw908369288,102
jvxn936557952,225
qadk676361128,20
rbxp135564227,78
nilz831017646,108
znzw919146964,67
nhda436221842,148
rhqv232160757,183
dzcs575936167,148
aazb527937675,120
evzc748467090,92
jpzg430807944,134
dvmq392406893,167
tnkl744303420,107
lifh604608424,191
scbx441036149,89
gtzj875717503,204
wbjr032258806,209
caty508037770,165
kchf265636656,155
etrv648439532,98
dgry532903313,215
mpkj907688327,120
hitb222861066,72
zbwm782393236,243
kmbo231089374,142
untf875440546,119
mkva994791983,69
hprk377013710,94
prlz497875409,170
dcyv640821977,35
tnte563080527,94
pgzl777716873,155
uqac946966795,237
srts927270263,180
qcbh914401278,103
ontn116289809,121
heke604150121,174
mleb942163074,74
obhg842862910,95
zpor766267650,98
rxfg748489108,97
ifzh038597668,105
vwne871291890,88
nvkv892242670,72
tfpw264934804,194
rmgo277916637,36
rjuk855079528,25
sbwi574419008,162
opms922781586,134
ivpy820825330,57
hdce688458513,113
gxan859732316,37
kzbu064137694,212
ugxo576067618,186
bnva693926602,55
pnrw431937733,150
xhqi749945004,132
bnnr851834947,122
tgte845838682,195
rndx903920678,49
woyb459293049,199
wsri799484644,205
exyc683633861,25
oels853255874,194
brnd208997655,134
kfhd623107769,98
nzhp394170773,103
extd941092460,65
ppqi698287741,221
ftxu257921170,56
ohfz488690337,129
hjje440881295,127
zqcy759656108,73
ucak745030472,184
dxtj319166247,14
kitt337907719,118
dvkw198193286,85
xqkm789529983,148
uxnt196160734,156
hgqd672005050,124
nrgt655064427,122
pign307670486,108
cmiy697846170,96
svlw573443641,163
wkyn138619655,143
pdpv628261886,103
ebtw655648192,128
hqju352058882,258
rvxp980815851,138
wzmv373637225,86
eamn881338159,87
huhy242117286,73
gwnt537190370,133
spqt033970808,28
qsyq438659561,104
bxmp908266441,59
qkwq310213954,108
xpdx531588871,201
oolu940481971,93
drgh498946193,77
mtcr221173183,18
ncnc584203263,223
aeuz262262868,36
ewye976989972,185
kqub936334770,78
cynm740325829,133
izkt125502221,12
yalk869869009,119
ijbv680529287,164
fryg770479707,145
uwok406160969,222
eeaa240160362,125
dwgu964602157,87
plst305855182,147
zrpq813560282,188
fitr462640911,91
free869467861,137
uvvq389339705,143
ntvz882330474,147
rwmk327867739,146
nbtb320230472,113
jmiq794769698,74
ohze761414069,66
ayaz132478544,146
osdy640862265,126
uvyy370020833,79
uukj703038347,144
joho495798943,80
viin268221671,85
tqld761290890,150
zowb416004967,193
hxsv146301375,22
vcrk401368337,8
mhkw290830083,115
kfcu924212731,191
rxjl381247495,23
tuta922105802,57
koix478559898,76
wqat343494398,183
jnsg096646298,97
eftv183377462,80
vbov706169890,136
mvfm680151780,131
xlpe045102396,182
cejy226046554,165
czrj276469828,144
isjt130284891,232
feae494105353,231
clhu804165445,47
jxrf169692899,125
efdx471867417,104
kgff353118810,90
dxpp270325088,47
infm664974136,88
hpnm290643169,112
hnqv058755510,137
mgrx755723874,118
gsxp713225103,114
fovj902160238,123
vzak930805113,81
wqbn742164110,206
hfhp615114180,202
fpeb630346665,189
qwtz585923442,66
nysz428512850,100
yclh606693743,169
eoyw264695592,187
cqgf277187595,83
jnmr186460460,170
ybno365477309,117
vfhe855243438,142
zhvc197658271,173
awdg688478059,88
qupd691357930,155
nzzf451013056,94
kmtr436001502,54
dcjq369735860,148
xymd067773155,134
zbyk417020424,75
exuy523131129,88
sqtm450286045,148
bqaj634508884,162
dmmp119908815,148
lojq488482902,158
uhyq391997681,115
xftk326814718,130
qiuy817789680,115
pgyt519102035,235
pujr838903453,83
isug830737615,81
mevk873975968,80
hkej902332178,122
frsu078164876,241
jbow828636115,196
hzvf550637519,176
pptv161931085,123
ppej396980672,129
jrho477870175,197
semx001117179,97
sozu200605179,173
nxkw893997870,87
mbqb854396458,145
wphi807993068,219
wrzu413211805,137
kmlj204977311,93
ejsq217046138,93
lrds708812627,127
ioih538554468,151
bete036087771,113
ocnv924293810,175
ufae289501860,94
vnih047964175,166
cddf063695641,108
oyal910271888,155
layh729492910,188
ymng798718313,96
essk207754652,53
yrih838332088,187
vdmi492416566,142
svem176400459,93
doon224879164,140
ymsk030400198,122
hpme076021953,162
jwgq604828505,14
ianz745498696,148
vkha829962812,158
enwc770077643,146
gngv207202756,163
wxew867198992,88
trrb181561381,188
jhtk998208672,159
gonx442529661,191
gqcg026945779,99
dufp775941792,159
neva367167678,63
kpag818782100,75
gedp538037050,12
pvan038951763,81
kvwa018084722,127
ptkj030172940,52
cezg106088049,1
usxr316097565,232
akoz380684866,107
nfce969942017,183
pjug002688286,82
vikg162972879,147
maqv741757893,267
opbx862587426,63
uzkz304464726,65
kexo258229392,124
clem453437680,193
nxpb824181186,130
bzxn977256068,115
cvdl990253127,114
mjzt727796336,83
rprm941776983,38
qlxd233412275,186
eyhw538677164,145
funr092965012,121
llio867927147,127
djix264206361,98
oxol182687202,223
pnpo275079524,88
ufyn357564233,118
mqyt408064437,123
grun949827686,128
pqcp028397646,127
lwnn523334605,98
kgfl810725335,199
iclc215845220,221
pxvb549205039,105
muho720763592,131
sbdg148961210,121
lyvf617345919,69
mxcg722447955,33
oecn886699205,117
dnoo159789919,74
nyvm953349270,125
lyfj290477839,72
rzkn346505836,89
etlj814004241,56
kxsb919855631,96
qhkg170565051,75
onpl825857274,117
kkhw301173513,62
iruw500521972,117
fxbq139850567,114
uvmv930512740,148
ktdx058407184,111
urhz950401191,16
xngz344622786,66
kfgw936101474,137
aybr082208761,104
gvky658966212,143
qrqb417247451,138
vqxo511607668,149
mzcl470074616,100
apzw816500736,146
vzjl675125937,131
hgxd621773551,93
xwnw275675300,128
mxvm113834046,217
byii728520830,131
cioy299432831,190
shnv655742100,61
viqb333243673,144
yqxv797113423,189
ruyb280329466,164
mitw210337293,172
wotf599366328,102
rqtl469649268,104
njgp155450822,131
refh410818329,172
kwdb419640562,161
frsl659775658,104
rbzt855851680,148
qaat242029531,90
utsv027796309,125
xekn033657822,89
mvyd490228119,92
qcqi772306643,142
wnpp722539183,108
jppa472683579,97
ppxj725379040,196
tehh524032165,72
pfeo478603414,84
pnum098205462,146
qfoi469142169,222
vjjp354432041,128
sbon911363608,71
yjcu578829902,177
wdwy749028166,132
dvop930848829,158
xifq754454483,198
ofve687656755,116
cdaq777399914,88
oeov748943310,113
hhqz133129850,120
xzli596164060,72
gxzt429483765,206
gxyc978944836,79
pftw443642329,185
vlzn491770976,117
shie458425500,69
tpvi838965034,193
hgch149561621,122
ztlp034630218,174
oftl814541880,195
xrkl760915751,158
wjpk251116710,182
ymja443550626,233
fxhe535112204,221
qmzk801359166,117
ctmw261279101,73
rmeg912705267,200
qdbl515347652,137
rdfj079101370,140
ksev165764370,99
dmfu023290610,27
sfvp160404891,52
zrfb196199495,122
rolf775082560,92
ytul609480135,163
nqro604328231,107
aazn737952952,87
ecdj272605091,148
twvb324939360,97
tnwb220497997,130
wync788461269,156
yvdy289011095,122
esjb872223468,187
nzvd906925631,149
bsqk265680919,183
wmer117649955,136
wyve798721282,145
efeg240565729,197
zotm397801844,145
ppqj828384088,94
gtqm466367978,83
tmsa971752606,110
mrdg183916741,54
wxpi352725051,217
xsuc749889780,83
gtba871485612,91
kjed097017426,166
wtxa425781396,152
nhmh602995173,190
tspl270546782,128
xtxf499661170,212
xtqy748494351,122
kcla849398035,85
eleu714010991,103
hgnv075721858,78
lqho431780551,138
zjgh066097748,136
tuxj270012761,133
oieh239035364,183
airk705743135,70
gdrk265926256,78
stjj961635623,113
kkho378389637,69
kxqf101800161,82
yano766261325,73
cdjf356575860,98
vhpk240815076,140
nbdt525518092,70
igfx402803138,253
uafv042200407,93
ldfr027910517,222
kjoy052193677,83
moql695975380,104
cnha846875587,137
ilik524489306,107
sgbx964391226,144
dmlb392137609,53
iidu252906442,105
twzc159161410,90
ahpw889747350,131
dqwj529709333,112
pjyz815469689,149
bssa512198308,111
pbnw436480858,139
kbhy965593154,132
ipth625568658,118
mhnq894221044,91
xdlg182205237,82
ngwa693646075,128
vtqm150980350,216
kohn971192560,38
ypjt848394023,217
eihy643202396,140
wcpa418499031,57
bqid480406898,137
sqdn998740185,84
duwh849295111,247
htug427811289,103
nunp088399200,89
ickk104874458,160
qkng540588833,215
pzgk212590209,162
wgkd595087168,127
lmxn002468658,119
lxop126840206,115
osms416384924,133
bchp683452298,110
eqkn117175350,93
ljpj528376472,138
kvqt411182558,190
wzor461345857,61
fppf827639521,258
jzua192808217,221
qbte083425691,68
iyif048654892,103
llow419157478,95
cucg223916129,216
jycy734082027,133
xidr027765496,133
xwbp931682713,141
dwpi800871102,246
ueld485410219,55
ykav904051615,143
urjq336892318,80
gptv935132751,78
rarh555402225,44
zucs936689975,95
xevi070602575,168
ugji724168131,96
joxn091305095,192
tmdf641903919,188
vuqg377117546,136
wgem320340840,112
hwws232500356,130
mnjd600263184,150
zdyw098408444,28
pbgv914858472,144
dujz464372048,127
faga714662182,74
fbpw994270287,134
ckja885026409,217
zehw760218436,127
jvel732240130,77
isru255446454,84
udzw159147896,163
rxkp158305116,132
nuvf078341972,119
eogj328079080,198
uuvo280781821,172
jvgf373737586,242
uyrh350992868,153
cyjz116991692,183
zuxg688304372,162
mlue084492076,153
qdmt426772296,93
inxl851246023,78
dmyg638155216,187
utvc306138563,127
bfye449446709,95
xgkc894370525,143
tnju042895757,110
fpec923082767,160
yjgc887502954,132
gpnn269410809,103
buge370381067,178
mvwq665627868,90
cvaa438332321,153
xona043870448,130
jdso163554546,74
tymq516105988,89
cary103758997,213
knmw486561606,31
yrnz045948163,165
rdbq876789050,189
ioru673155538,77
frfl403451050,132
qexg537923832,130
qeru674000616,105
ruuz288634685,188
etnr995589799,90
gbxv786161578,121
qnsb448805142,142
lfvd233482646,124
jjpw687950604,47
nugp950456015,100
jzqi659694881,109
uvtv530116098,98
samq461069236,79
uqez483103029,93
rooj662513338,79
ejjb219940486,154
urqt583953895,178
slet857338432,107
pqxm462462561,74
zron929691184,70
mjph321722493,87
pogp353440596,90
rpyw443262347,93
wxpa942436797,225
jayx246729237,175
aukh388663964,109
nxqt284455621,110
ejpc593482151,204
ttzl062883342,84
nczb640324590,91
bbjz341859236,213
jesm060905400,148
siad710211601,117
cknf175496356,19
owlf766927394,83
ksns380486204,68
qhwt643382348,174
taos979064352,145
jxha519047663,93
svmm286827299,197
idvc620402493,172
tbvc207410371,80
zmmp444485902,78
bakh785464108,50
wdqi304049575,56
hsvd786851224,125
czyt145124850,104
tidy908954840,95
rzxf271868954,146
osdt375123736,217
ssqr217571771,84
esxa231447008,163
cvxh524001080,127
udew741352785,261
emba089749528,75
ieqb319927234,163
ybor166795451,115
gnhz097229665,140
xdrb914748696,212
igll093473818,82
ploo363254812,106
fzzv593019874,212
dkly190694902,73
nbuq671487864,102
uhko305138917,208
cjld200477837,122
kfjq373831395,177
qcnp699972139,97
vpap820650448,205
zpay689231989,143
kulw647465544,148
hmyy650826340,115
broc583934059,98
lkwe721808877,65
ucrj268656333,121
crkq926827558,170
bajg463441784,136
zujw883585417,258
vzul280099607,83
vejl834931767,132
linu089149477,143
efcr592528237,103
wzib396302696,170
hekk589802389,78
ulsi026301968,121
yjqv535570436,68
rbxt827666025,103
spzf003661647,161
dpon199283102,162
trhp949131074,136
hdkm906483555,65
pnfg837391184,188
afqi250784307,168
phzq422053638,58
xkyf353540248,105
ekrp465666541,29
fzus958682064,109
wbdt936274185,97
nuhq176642647,130
aowk807540561,172
lebq239215969,70
vuxl284139526,74
dmdk860360874,158
temu923783468,100
mqeq874545228,115
mdqh225418616,85
zpvz431037427,78
ngfj096328913,114
ikdk985132237,92
qpev809948790,69
wjxr487294504,72
zkrs391433314,130
ruqu234155828,147
ggaj884673949,22
bxud477239008,173
kjht356207304,100
qyea015710074,44
jdvu632855096,220
udvk446797712,143
pvye127671343,28
emhh568791054,164
qgav286023534,188
hcsn924394617,108
efvu537913767,129
hwks323979535,123
xtsa296912025,122
ermn886478618,218
akfr923039999,122
atlo588843752,162
nyog082629543,137
ctrz248374321,124
ahkp753255601,124
sjkq535759726,146
xjgm505253929,103
txhz258191589,158
hqox276241766,97
ozug272659212,113
vlex225612870,117
zssi142782344,115
nagg800854701,190
ukix360642561,103
esdn377927856,79
kwtu191738232,170
abwe493376570,87
ywxc808340866,68
xuju291630511,14
fitj849019134,132
rqdi101043158,88
zmcw190790114,127
zaul471496258,161
galv648924453,52
zybi824735933,136
bqbz087782451,67
zjym328571448,117
ttcb478215532,173
bcay049496360,75
lgvw325099371,97
tkke828590082,93
omys380670269,41
nkln686136657,75
lcmo819813117,122
byex291572480,178
zijt282014118,111
xfnz754051705,190
ttou430204553,122
xlxc655062187,204
rqld883531476,175
dhxs177781066,54
vvfa736119633,162
eswc894938741,175
ayze091752871,221
uuef932938839,126
lvja481869510,136
vxsj879458104,88
mfgp327027920,145
anch150166322,122
tpjj042849790,88
veag112337851,136
xxas424626013,135
pzhh424239762,123
bpkm613437028,18
crga609559116,117
wyvn519052554,148
myzm632969092,48
ubkz508490091,35
ablk222441923,183
slqc641839422,98
vhfk281198980,107
ncpe980858774,143
fkbj622411362,192
lmpc774243107,78
vxot535637739,130
gdqp571293118,78
julc860983123,163
ydjc586459520,87
ncrt455290247,191
lybm186357196,132
vsxf668876873,124
xoqv677786546,77
gxhg760444447,70
wxbm067545856,243
djac839427113,65
hbca198009088,89
ghiq968772040,112
fyej015952616,102
ghtf209158663,117
fije778136929,119
iust579586436,148
bmms962191080,105
vnqe841613400,110
uzik680232555,69
mwww302265796,92
fdjt838218777,134
jvys669590459,201
sbfc532866360,105
ucrh245047910,49
eqjj256745709,148
tvnz905717539,178
pfwt854552924,125
ozff132250475,171
bfge379144768,152
nvvg574209507,97
togq812304859,72
ejlv735866644,180
mexi889463821,55
ujiz131754357,125
gsyq820576590,151
dnlt735878104,177
eeju630093738,257
dkcx289564509,99
qkux956576156,15
urgo589041952,88
ecng782041750,113
jwxp104997161,136
brub651048429,113
wmtz235554833,143
myoe351022072,83
zjco411510237,78
wkct116041100,97
wwgp053664746,73
vpuc689680491,118
dccp423479401,151
eknc506011207,112
xgar541220330,200
netu387410640,77
vzqo071652497,88
lpqd469288592,172
aegn029390607,28
ncvm454304747,143
ujbs601615943,130
qtch434702220,167
eusq362307594,118
navo855178808,109
bhdc048787467,77
whpx022165803,153
zucr259565390,77
aank525767567,115
rcdc469781106,222
fskj237863372,61
pzag876713515,121
qrxb815873325,206
zxzm827992607,163
xwpe954949050,53
cild577195779,199
qfyj541215238,77
yzpp529647771,77
abob199164126,97
eppq695303109,93
swwz034241877,140
xzfh887992064,93
pwph580202456,79
nnnl905154774,73
ybti996897097,160
lsjk696739204,122
xqxf325139936,164
scqr294223322,34
uked531659932,98
zrsu609447914,249
faae210025176,104
mrtz690369413,77
ekux803260293,195
tydi511573079,198
eowx845198513,59
pxgd965743771,162
usiv881319590,167
kdzh548900592,203
wwfs082733967,130
lwch955520149,111
jajt936908615,203
nhiw966813419,114
xiyz132481883,172
tsgu730494311,61
ytpp336217907,168
kfly436352695,122
jpww219959956,107
vbsh124267282,105
csyn869746139,143
pomn485636176,91
irbr265518938,83
xjgc597637299,15
tesn419434794,82
qkdd405322484,138
bugx665524948,88
pgeo522741564,72
ansq900419156,128
jjdh335156425,132
dmus962572859,166
cfcj527162957,240
lhko145631281,88
sjic294633683,129
jtoi590392087,108
exmw746352827,77
jxcj714747032,98
sgah190887157,105
bbhr670195478,143
lprf817071419,134
ehqz124608703,187
gryt222046249,136
cqmn798613920,183
xfoe535476350,95
csgn171859917,62
zxfl769437445,153
zoez338152351,48
xjpy325585673,93
xldg366263600,235
zfpd591716557,53
xdnu179403349,232
xdou139557401,77
jcpj577050648,162
fqee335673320,82
pmza648436009,72
ydfh596678791,107
sevk013187734,142
denx901565248,212
zfme315463215,146
byef268008279,147
rbmy555481921,79
kjpf840721043,165
mpom767448788,54
rlup766837919,123
sdlc436778989,70
uqzr437784629,128
vcam174449349,90
qkqo103077339,47
azdn243262904,113
idfz341870275,100
xcyt408603666,185
ober295690157,115
cfpe957153569,83
hyvo240160884,258
eqgq209646477,77
ymue934078130,177
rsxl792883077,137
gsqo634184971,137
zizi079416312,90
lfau421894745,143
rsix335923787,87
pxgg503332701,81
coaj903548525,78
jdje593711302,103
bdim024911353,121
pust326963953,95
hmzn236280725,188
qyfz383031721,60
yiry264778112,76
cobg673354857,83
ozmd828937282,188
okoj342698952,244
kxaj772064408,170
tetd715171593,183
yare936090816,159
vwaj073664231,95
sngx521467984,117
yulv740210169,156
xeba299134730,188
eaxf794953602,162
izyr719409547,122
sjqs945330512,137
okrg587701484,101
lffd073963657,85
ywja564610231,102
cmkh755271485,99
xepv819914405,29
rqsj578972341,193
dcxw148749009,161
viky085824405,54
mcxa770941028,87
pppw602135660,83
kwxx332327932,93
qpsn001936069,138
odto977136581,29
vxdw152482612,136
geex100083991,32
zwef821090448,148
auti027652553,89
tkuf923606530,218
elwh173962474,167
byfk022912806,178
hrww399908378,93
jeen246679329,93
damh928053683,144
owca010270536,221
aowb319664016,73
nkhw391764280,148
zzkq542605005,133
kjgf359672430,98
jtbg559191624,73
cods807399269,73
crju251791970,52
qass084974538,178
jyfk581170734,141
jqyl893031918,82
bljk600791559,212
tqug399091158,148
mkoj547937826,198
srcx347469953,100
mvvk118681740,162
llnx989721586,182
zxza184945602,72
qfqm745632918,146
kxve993725643,149
vtbh196997464,167
zaki283482693,125
lvyo271407734,73
quwm079528210,213
elky685615740,118
yetg148558218,92
knye535329075,108
popr243176302,168
oqgf111052315,99
tykl705585096,167
wyfk971307909,78
kkqb212189836,73
lyuw785623509,130
ctls152298766,155
ayno081705564,77
kdlk855322342,165
rpkt172981434,72
wtps352170005,74
mjey355506878,25
kfnt126619524,115
wcvk183613202,101
rwby917987613,147
xbxf596657315,142
cygc777632977,82
vsxr873823261,143
zvtt572502301,98
bgyt095967916,134
xrwk309117199,258
iljk754381104,168
ypzv874752406,3
ljrh820180259,148
rvjj561158686,14
xcpk783407915,72
fpib347648335,147
fnhh578312500,105
dyqn470935235,56
fuka008179771,131
yevg859087155,127
ofpa239801854,124
oijl128333584,216
ujiu818255122,203
eudq679995513,144
nalc019690997,70
tqgy985458219,136
gevr870026774,162
vfxx621133570,167
dswj723760119,25
ghvt124796243,162
esfo438688258,196
prfn211390274,145
zugf486744617,125
uwik164714010,140
xchm970377556,137
ajhh623571054,72
hugu493411054,103
jlgr550054212,173
hcnq568733342,85
mvtr028760514,143
ggio619701106,112
jsvm146812754,120
tjyp083573247,89
xltr372187696,125
aaff291190267,77
bocx711605816,98
swsv304853942,207
nnps355362298,82
mgte533794338,140
idpz885075332,142
wtyt610616331,168
tlau769545090,133
uqwl538991499,50
ddzs228615814,158
grjo664057875,96
vbnq363201870,73
purg006600411,125
lmch629229685,157
jwst680136085,158
imxb265341956,55
oese537371805,182
rwdv702255500,147
njkh107238862,135
sdps816802152,86
uopg483410577,165
rhsz273172561,111
ygjy465206487,184
fjxy107785424,77
jfla413350625,52
inwh611044082,192
zmwd639725133,139
vodl130786668,217
palk954435425,197
rigd954962676,105
utyz308260725,36
auza991531392,85
dsre398844470,141
qdwe915067963,97
tgrb215410420,61
asks124101912,95
ryxo060635525,117
fssu853148698,193
qztl376586162,113
lphg778391847,143
vhed498283115,95
spaw525536827,144
mlcf220251758,187
grsn283341917,227
fjgh593965148,212
kgro450624626,58
xwdj097077010,142
jeyo607700577,102
gtio798069207,167
wsvo825595739,61
fuok262521699,116
tnus781666380,82
zkjo208779739,102
oxkh126720023,75
xsii863671291,160
zibc134964063,76
ivby757012091,210
jqkb320298342,160
itln596272397,139
blzi055621134,38
zaed073280209,93
esfy340783096,145
ywwx517366577,193
wejg158714558,105
zzyh635776506,179
mspt255904895,192
wuxi237241956,86
eaxa421414015,188
krax165075040,246
bmot757034837,85
afkb977522406,188
bknb329924173,263
hoid184782803,117
fmkm065541237,112
oecn251950441,121
dffv975102048,138
xxyf638338951,108
zglv584376888,158
kxap223756568,123
pdlf586160630,98
ckoz514175734,124
xtog022925032,148
qpvu786501080,92
xzog353265728,107
ajan991974392,100
tzxr330575355,102
gjkk295488816,123
gwad779865946,133
ostv218497989,155
rhsu086527882,61
enet971025377,202
ayuo575433218,14
eepj633309508,100
bhht187756692,45
jwil232416803,127
ntvb306820641,210
rofk826462005,198
ohvw192247579,143
foct048214564,230
cwcg164027955,148
fihv963285752,113
yswe138481805,26
qwnw002467175,86
uvzb485438989,103
xoaj834389107,188
mnsp594424372,57
ivhu265025264,89
pvwr565384360,145
extg545016598,98
aqog647157554,146
lasr795083832,150
akpm800285210,229
jpjt720421807,98
vtoe708688343,113
vvnf691031294,182
oqmt920586323,78
wzyq044737376,132
scod305449442,165
ozbr491095485,20
jape222496065,30
ctan677524336,77
amgp017135976,97
vhdc434508538,153
gumx574487289,52
pmxm129915419,134
xdil291959154,137
gjcr517387117,143
hoon922371029,125
uxfb862025463,87
iwuu291511335,194
usky118198149,188
mscn741126753,73
ugkr488308972,24
mwpx426078176,25
tdkt914926092,177
xmuy821194065,20
rezu450286818,119
vuza807384342,122
ahje686520671,113
kssq360074504,108
vtjg042124168,34
kmzt405510881,89
wbcd448938575,143
cahp579938973,15
avbf694257748,166
usdf692060940,134
vaep018944701,208
rqjj417948169,169
zwby825953601,125
ikai319917902,143
brxl619430031,74
kagi627826822,158
yihk571034839,243
zczc056892141,173
tghk691853144,79
dzqf492245797,204
gfvu821953426,85
jigc821561720,248
cadw629582238,40
kuqa154317749,142
sjyh275452159,72
xorr035264189,113
ylgm124666419,138
bdof057985886,92
ldvs354665330,181
nefb046256515,189
upma149888691,162
kdjq596288378,116
vaso457510429,183
mnaq264232960,170
kxae102783915,139
jmge340007899,83
gbpy122398827,113
zzlg025601774,157
jzuy312337346,103
lpte841515119,236
pblh006334675,192
nxdy873702542,105
oame455721383,82
gkhp273650946,117
nlrn836863820,92
lrdd900317462,194
rnra504584957,100
otvy110213052,150
qobl773739705,162
iqxo781195673,136
erba227075825,147
rykz798366470,156
emah913486097,68
wxqk011241738,89
cuxp944897396,113
yllt701836247,191
mvpu277208594,192
geic105612132,132
zmab402299632,73
fiiw498926070,95
mjkv310475194,148
fuup457618795,152
csdg936549131,183
srpp894190050,76
uuyq692004289,108
ifaw455095155,120
jnmi885588299,175
gbli180272943,132
qxcl605352062,117
csxo580403185,134
myyb210483800,48
ckow584739470,113
atlw889300648,92
lctl892193125,165
hdon133134619,147
ifhk921844148,107
awaw756384068,142
sqhx681171337,143
bmix149147356,206
vsri500454774,132
bwgn732175776,153
eyjf899103254,96
wdii564144324,102
vehr627079862,142
jcru105486988,238
ergl278236447,213
wppp448185068,143
ginp767478139,142
lgho898374824,128
bixf169973084,154
lrlz646368404,162
ocbg529160503,145
lqkb835679948,63
cvgc921363778,98
wplu864476249,157
tsir260233234,192
uilb870617970,140
mpng774433811,197
ldxx648232776,118
ligq612964184,81
stam268544516,160
ehxs238150701,100
jgde569307907,155
lpoj605109078,88
gwug991841752,133
nfcw075365763,168
xvet373215009,182
mtuj344981353,137
orsu954529422,142
mhth982757294,147
mwnr966211292,88
xfnc057096462,140
rhmx192549851,176
khcl871892317,179
bgzb478657903,191
dwsy215214562,77
salo772664581,108
sedv786177418,157
iqbh856143897,113
jzxo251833710,112
kjul457226529,56
twgn474238428,143
nwfm757728752,17
qwqc377404233,92
jfph023162182,79
mist293205458,58
agcz922462680,132
csuf015589323,146
vsuv015918960,86
nlve074940948,127
dpoh148759286,112
tlah379156697,159
wwfq360535704,218
gpjj508150336,132
jtzf017134809,218
amyw589998560,148
xory176603299,139
lmyq524334587,124
jorj440560315,13
varh640480468,220
kqqm652939322,107
mozj670710314,188
bzow998509352,55
oewu134477320,127
gqzs051098424,108
mbry978601064,158
eaci293897732,146
rgdb163841127,77
qmpt145946527,103
rywb902032740,168
hcpr944440238,144
elbo831922275,213
lkdh410173003,219
ditc248682024,119
dioo430441730,144
tysn017774408,59
mski712699426,147
umza291289960,63
jexj760835001,123
pswd290450557,100
aset874066253,124
lnkg652409653,98
dmgc331436098,133
khdy869383100,50
pfcq831961427,184
jyoq910789842,90
ewpp375344054,187
ltoj997318534,79
wksz358860727,112
jclh827274073,123
hvwn441638785,48
oqls079067890,209
ymls458818584,199
ahwm348254742,158
uwnp793571010,50
sout480572924,107
jool553810214,82
kxxs780016603,197
gbox156266821,98
cwfm659732337,124
yhoh883688262,132
fjcd751756934,112
egfn580044034,133
ufjc123699648,128
siem962349954,132
odot617176395,166
pjlj818402462,146
yvht711054527,93
hjxt739817218,232
hqig816085431,156
ohdq105403092,151
zjpw654641825,275
vxez285753859,229
bfbj833683709,87
knhd280468325,39
fcwx986408790,142
oskw151874381,101
elis065040088,40
acvf279949995,220
furq335262813,225
cpph344973735,160
klxg163745734,135
puqj252436790,77
myzs246101036,184
prgs287389750,102
jldo942185379,85
tmoo940787990,147
vewp169712825,221
bqig096793490,131
hfse980660851,90
wdzt193987852,60
wmus525499495,123
btku895780834,81
gadi775237661,153
zrls563828378,123
zukq057991752,131
knkd371033117,27
pbev573928401,146
nzno108728173,186
sroj558743624,22
peum692760631,147
duza174947053,151
jhik099005127,146
daip363813833,126
bwzh996131808,172
jjbv380330673,143
pcdc655662634,204
ycvn223466949,117
pspj091684266,113
zgmj744878922,120
bdyd285549311,124
pugi833751073,122
wkcs787711746,116
tjqc403622348,144
chbv093562000,221
jevg031260370,147
gwjw511903123,71
ujnj963440388,107
neqg897607951,98
urhc002621535,159
ngvx059695443,145
kzsn474389952,153
jdva678631783,97
wfpf398856265,190
jxer595793091,102
rzbv408841134,272
hssp978330143,194
xjrt889365808,144
qqra913184917,84
eede583188057,213
hcaw009341574,133
bhyf364527855,123
yllz580554690,140
psbp468770642,219
qgmq559488305,103
bkbb251385459,87
qxys417941155,107
qnud249233846,76
xige084493792,77
hsax847066360,71
ruwg070114873,78
fqwo883736566,50
yvas806073879,84
diyx055802815,117
mtnk106594200,136
ubpx125073203,157
ixwb563101568,74
pivq349511992,123
jrth636419565,189
jrsl743627983,131
flyb810459091,172
ovzh019301254,118
ncly350182452,14
ccxh091636259,101
vfxz376910239,82
nwfu024823642,209
ywwu975181089,93
vdcd902454612,204
wxsu863241046,192
fbjw641867610,194
ilkw617619686,101
wqgs389644186,170
pxwo009144942,177
ywze466486094,16
wvjj721417123,109
hqcv193484592,209
yxne386132805,94
ubgu332810479,114
kfww676370417,248
tjxe168735053,83
pvmm816055638,23
dutq679720537,12
yupz231715678,132
atse821686420,102
vdyu945502743,132
wuhw044222973,90
mply688461274,87
rhyi011798592,238
yvio593523265,115
pjmv718176109,102
iqdi813722385,125
tqzg312811931,140
kbxs934261122,60
fjkw298296512,172
ivac488837020,123
uqqk681762024,64
unpp991778824,107
gaez638963060,126
gqce271536055,212
fwfn732301857,134
laxo800342893,183
nkoh288709570,133
syjj481658586,72
bvzs665384830,149
woap969798532,265
bfny030954678,90
wngw001933597,152
rjik372894762,129
ylby160157625,123
yrst080093325,97
rtuu733972645,77
kscr424686986,126
fwby193324468,118
wjbc595300167,109
bjqh963515046,107
qril670304968,75
mgbd870318407,98
zdic040789011,2
ptwr050069720,36
scsb201155963,55
gkdo278877542,123
yzeu982657292,110
rrod933772178,78
ndnr329693995,79
twdi320094542,77
mien913314737,121
tnlw417451340,186
yery465818315,178
tzra492939092,72
bafy411454593,158
fayn559990391,77
hyvm528960498,145
xglq652373517,35
azip449964991,132
bfli905808441,97
dijx239222824,162
bmwv968397951,92
nozr669774105,202
zdao834795724,88
gadu006620855,217
rvew408493880,243
mqrk261322570,158
sery128818044,75
clea768636923,172
ljpq270273618,255
twih736119498,222
cnwv923137842,142
vxjy380300028,87
ducs397950185,112
ngye937671610,184
okoj146518945,175
ihlb053890370,113
sqpo222630639,108
mxcz072009654,128
cryp935421924,103
fvhr645658593,72
trky836370431,158
cnyu894505160,18
yzmu369530007,83
rrff485114876,119
epjt871243143,168
lmzz096437145,167
mskm735286086,120
xrjl146097857,59
dojl605806455,130
psuy317268936,17
cxnl465359102,202
ovvm633494396,97
wxdn947888175,135
kccq250958228,78
ejcv009693712,76
anpt462079169,175
yzei672290668,132
zwcv178805647,152
nyzn915131030,28
fegg688959450,77
ntsc186683905,167
zzoj253804869,53
cqqe522644508,140
krnw667193374,127
dmhy044472637,161
qipp069978550,160
ioxf776118779,160
wkug239209528,137
eath944123739,135
jfga728648249,72
vmhr570813458,185
rgwt886722635,134
htfg762321403,118
wfrm114832617,62
rzgo402846725,203
ivvz258934587,70
jmlv463056672,166
soab588492387,114
sjnn151771741,206
swes013376929,101
ikst816719823,91
lkwf998011992,88
kjrl674025438,197
blcs295276157,203
tofv651013842,108
yrza564170738,179
yumx789724453,181
kqrr355404936,164
mznr082225778,122
wjxc261800529,159
pvpj798549919,206
kqtc089699547,136
cdod614418270,113
ejif509684669,123
honl372955959,132
yoke976668875,126
wbne263396773,157
jhha157050002,177
exbe957740058,105
tdof210471327,73
ohpf554192056,165
idmz477598605,28
rqps755796891,178
yfob301969251,127
gbkp564028204,137
xsjs217373769,103
lngw234816447,177
bzfi640257129,127
zapb300805466,28
nqnb551065600,91
nbbb866469651,113
szby660596697,147
lvnz340862349,101
zfga757406663,85
acos195619745,140
ylsj440730929,142
qsod638020489,145
psza203851411,34
wgiv107101942,170
ywjk101580538,228
ielt940658393,85
cxrq076334789,71
gbsv833333971,119
htix276456443,143
mszv246191873,238
qmkt393995790,25
lihl233097101,116
qtzp549260599,77
qlzy304441179,103
ysxx503682478,176
dspb683841024,115
yjln070067512,197
vrtd985758265,22
puie162502779,152
ijps356599883,102
xnzf943277542,229
cpbk549517303,107
ecxi736615019,19
ufbr099845557,132
whvi472848393,77
ecpu371715054,128
gtkk942777557,102
fera797311052,169
vomu195891123,122
rgmj157998304,139
udth453769060,178
hrcl687263065,214
ubcf062692748,200
hofm068745179,72
kfgh206495876,138
sntv555417071,105
dxsn980391538,82
wfnj581191676,120
zlxg262251128,99
fpwn325794713,23
nnks246945592,54
iedw229064988,148
byid638877531,86
jjvt280392958,142
gngz100424879,17
oiqp268330723,247
ihlx145721396,239
lype136914180,135
pruw107461917,90
duqt374243366,117
lskl898371493,112
bcam640500973,197
yvao985622585,140
dmhf504623023,144
pcdg206789955,97
cqgi781535457,131
ojji581551312,80
gafm092482184,99
fbkf253274000,150
gznn468589558,171
giuc758941478,73
fchd642284940,193
tgke160182421,163
vjul255409542,153
aqim282018080,146
pvvn959392038,122
raan521452479,156
llei947898371,192
yucn329575836,16
zltw963814213,113
bawg380752057,101
bphl964309399,118
rimu760715400,82
fdqj004168316,82
citq018255549,95
twbt328013752,118
sega808786587,165
yygs404468003,177
njsw745947828,113
ulza315970214,155
soam276276368,136
bhcz364671719,238
wezp269900129,94
hhuz930837859,87
ucdh352703251,158
hoim483325441,120
rgfl704055664,135
wahr458597887,134
disg294491177,160
zhnz171427500,163
nhvq362076603,164
dryc672402519,210
repw332975825,246
jwuz406262253,173
xshn865871697,124
ifum776506955,145
eirp313471493,135
nlzy208579036,112
sqqd135065622,49
umta581640645,148
iozk172605855,19
rvlg419484842,170
xxxl426196629,20
gkvp126102531,27
odlf577380162,48
voub093574853,148
ijvb252248475,163
qxsn108867077,157
ufiz117140710,133
zmon422649831,172
ajuf507767249,128
gico244309244,143
lqlt459446295,134
waya448917959,105
zbxu399891963,167
lrbl116031443,157
oque772652559,175
odoe388116987,162
dhpy791411508,126
hjrh158531364,1
uowd000107277,49
whvp381321901,78
ogbe031570573,52
oswi963008565,92
gioy679462814,68
isyc752532481,113
eeqy390976659,89
sjgc359949433,77
iszq204466703,182
gbod983472273,95
eomo720108929,80
czzf932935668,157
jquf926580370,137
ryfb181474469,70
ukdp449582957,99
peuv852159195,123
qtnx562180382,178
bbyc844076156,164
ylef282855382,127
ozii275154962,124
fhry930127869,136
wfab046931709,79
zplp685904573,75
ybhz965229680,110
erca634689212,119
pxno810183672,59
riyg586632668,31
zssd859298466,128
lvic154347798,83
sjuq966451055,95
itpl115296258,55
uaik264481739,133
auzl559623519,107
igmk360950048,166
svez018781998,176
mzlk037121696,127
orld723258376,121
rbtr101552393,151
rias219656118,93
trtv340908352,92
hcrr363517053,123
lqoc542997049,59
cqon627212805,102
spmy523906291,111
qeii687407598,212
ioer775484850,240
fqom812665109,185
lroo490677161,118
odcf266870884,122
lnbr729317134,92
pqrs477946189,116
vhjn968828020,59
sudw225628231,58
jsev214740054,102
noba732943659,152
qzzo277289265,90
udqn160203808,197
vwrk160465593,16
bksz373658613,151
tniw887969493,66
axqp874762890,137
kaih065047972,81
lwro838407770,195
fxjr680443942,143
pyxv827321549,97
syam215955715,232
vtjf792558599,105
rjef975785888,219
cdmh900502105,142
esya663770882,173
ufwa906563863,132
urxz158260377,137
kxea958988934,74
qjas478117356,92
vqlb340962256,50
qthu769799255,40
ajrd624305771,180
ljag830622915,78
ayfz034766254,140
ysks666412220,133
oewy932938193,119
eine077974529,158
kmpn581539537,138
brdf648192851,143
cyci952506356,143
ydqa251172766,152
iiyw531774972,157
dqce231312436,143
sboa093063633,125
lrix576592103,111
bpvi453606061,100
ihno659702952,239
awxg176721187,107
iwlo072589123,204
vngn139563789,232
kwym935514073,218
wbri774525691,84
reoj464426945,25
azkn185141270,148
kaif701057147,99
qhdf363842607,197
gows615811290,192
mquo707004446,108
ukdv830730185,106
gwry114813582,160
vgwm886728261,146
qxho818242974,201
bybv091237648,160
snnv629943639,218
miyv465604116,173
gzof121793997,152
nmmh513636410,142
aiqh949553167,80
rzdv506869681,84
opoe905278513,14
yqal552222489,148
rsgk757027324,212
diyv349478250,96
tdhh061839733,48
vmbb603120991,152
xnvv860307443,123
gvad358909573,188
pwja594760252,103
xlqe325164480,149
lydb601850363,82
wbpd692044874,57
fsgc318501581,112
ihik591932151,53
koub788963037,76
vfsc468616432,73
ehmd109032646,132
kzkp077768149,191
kmsx081138354,148
bhve602338760,73
gwlw388277526,120
vihq896917199,49
ybgd129677282,83
xthg111357249,154
izgx929750296,83
uymh664371181,65
mnav019478116,118
icer236390063,49
igqf161022195,72
jskq337824447,72
uale266959145,97
lxpj910940278,105
zumx047701647,130
hrbk168509434,27
eydz072703920,123
msey183212192,158
ghof918324947,144
fflb071481119,97
rrne918948131,55
igac805725356,68
sxur103638112,103
nwjl440559765,138
eprj703695903,117
zomg639791255,188
rfjs054371310,213
dgjv917710924,72
aobs904628093,99
jatv599637199,237
gywe614761247,167
dwhn136262490,13
ldbh278615078,112
sdir546969198,168
whuu792070245,144
fvji383941074,230
jhvn996758137,152
tusg676749893,78
bwki417560391,93
almf537761396,149
feab718061089,158
ppyv003814536,125
gjav617082424,183
jyxj301861170,157
hwmy088540736,108
vtrt559283362,110
bhoj726876548,137
rndn635546219,140
crnw343135981,187
tkdm574530455,137
igwx807722038,77
oomu376296590,139
xdvv277240474,108
jehl054042191,197
ndqt900531352,132
cuoq192053871,102
cqwb920860132,133
hjze791297815,128
oilg311747812,144
dmjc960621711,184
wjgb583174734,94
vhvg219051166,95
yukt310244855,50
acye746242231,68
qdgo203196303,81
palf444368247,143
oaof845975879,92
dokc627256618,64
gckj588538357,215
xlkc252764136,60
hyrd416401603,21
bhrp154756891,145
qfrr871914007,138
douk686069071,172
ahps542567361,68
cirx448951809,74
lktl914389522,162
tfuq883361081,123
zhhk913246782,97
jlqo128018460,83
xzpm051884623,170
zeky102204416,145
kyie269208930,32
jira543490731,87
upyh358383739,92
yrfv349678617,108
lrzs939256923,77
ozei280773527,60
mhdh402231374,78
qhau586164432,19
enbh652843765,244
egob793405990,152
oyhv831939308,172
ihrf281333911,86
ultp205751339,97
xasi525958139,23
yrdm860067971,98
zqof881988643,127
ubua506299083,157
deru285311888,138
ykba491412595,89
ebqi453262943,179
ezpn394629625,125
wfox825961387,35
pbox816153129,99
cvax995988949,209
vvbc482678286,170
bbjs482952719,158
zahd969584132,145
upte805241844,81
ilrw559527546,128
orct249910406,90
vfhg927663725,178
nhqp904621351,87
xguy368971445,145
nokx575690780,98
evcg662518376,88
njhr274671868,170
isjt304275475,104
wezt868945736,105
qdnq747076342,189
gofx303477636,135
bcau605383718,194
dlox342269348,48
thvp682359006,133
rjpr230321228,128
hlqk500810319,4
cjso948392676,212
rrty087335677,154
wxiq795331120,52
xggg972977352,51
vbtz945703107,121
zmmg903897443,117
eaap875960074,133
fzrw362756751,55
adea629384670,101
czti747793375,97
yjro162725136,73
ucja157568423,112
rbpf420170338,122
rlrn877316570,50
izgg072744793,237
nkab528667320,144
vkxb182396263,141
keqn544644977,71
dvxs973693503,130
amiy219549214,105
zdcf935766845,169
qams120999307,93
woqc976981370,143
chsq177485822,130
uawn422193525,101
qymv083550291,134
ntmg250046371,175
hwyo681421839,146
hxgq202281175,193
ffot155888283,81
psls830249917,141
ruqy317300776,77
xcda684330441,116
krst941319134,102
njmg579552113,165
giwb534134135,173
kkid644249816,150
yest055183732,64
vwlm790209759,239
ekcs472553643,99
afnw005460476,124
gdtu895012974,235
yppz505640571,20
davf256821898,146
gowk586721186,142
nfkm536805384,152
soxf193898562,205
mkxv329200622,136
bfth853324119,102
qunv521979405,144
slzy591108434,180
jsnc209722674,123
sqno446547336,161
gjyx336871401,128
dyhw743350086,148
dqdp450555221,162
rywl589187441,127
broq547988103,123
ibll603561143,128
xvzg537078438,101
gnss216007832,104
rrxe224377836,130
izcv287312075,58
tzwy560015909,146
zkbt145088698,75
gbno295474742,138
lbjp756789098,202
mqge775450419,180
mtuf991352659,113
pfly265222884,83
roxk682105336,155
mfai542774074,148
gukk062915385,60
tiky483681821,129
rfeb920452109,126
aweq724691039,102
nbvz642633260,86
arhn746606233,27
xyfq585260270,94
mmne277888809,16
zntw204512940,187
qyjd795276618,132
gssq657721467,99
uksv080427592,216
wuzb091664788,188
dwbe988990866,13
mqky813045415,153
ecac160978596,128
qzrx615200505,134
bljl064175614,73
sabz940654483,168
odku116466354,150
zzjy427396132,92
pqhy041688936,101
jxok959478273,193
byrl145718874,141
eopb042502334,174
wexv886310128,136
vbkp951654995,110
vlow283644622,121
zcym351792362,110
xtsu272593701,170
vibn589367283,78
qlcd734854709,205
snww102287101,241
tdcg710696708,158
cusm366401609,127
reaf462809658,130
erdk906739044,119
ptlx731237966,53
vmzv792298614,143
iqik139469839,107
mtvu176503616,192
sxxv794516975,215
suyc679968506,70
twmt483050247,201
xiee878114631,36
azzy093908793,112
dwsf105854878,69
rbci885302067,132
xqam403854450,134
wauj527481178,137
nrma594854781,62
inha944942756,123
vwfr354107947,21
hioa299097863,192
flnk996592326,53
wxut302625612,268
aoei508277147,100
azbl388947972,135
xhsk943189944,108
xvtm828785419,8
xdwx593337484,101
aknq817167127,100
ftgj660021511,207
tdiy280023012,173
eyeu199401587,123
marh830102798,128
ixwk178531184,57
apjx849510845,138
fvsn629817930,207
wtmu417113003,77
hglz306909392,100
mwww255473653,120
dici497667188,35
duep227896601,158
ckti883681308,123
bocv646297459,113
yvqu456242706,181
tmwh882090011,168
cjls475751655,85
vnez708393762,108
eion905755710,145
ikzw865814184,200
cgwg179731553,203
hvdk756927793,78
ress729064056,213
looj887356390,156
oazv453390460,101
xgvh275479648,138
ddcj641220424,87
ajjj044200054,190
dvcn913139316,172
wsgi328345330,177
ofpl161019437,49
qmcf925449091,167
opdf635105008,133
phuv019508613,29
pxfn952759684,79
nckz577381978,75
adqd085526339,163
rene486777754,84
cmso682914700,123
xckn685299650,166
evnj232279195,121
jlud043305800,95
pzfj117814242,242
qzrc535828277,148
sgjf079787477,118
qukp998606623,135
swob725143010,164
yviy799619448,172
idzq316920940,133
rgwq264332011,78
kleq584677542,220
wfyl727302737,193
bntc174685930,111
pkyb371379479,77
llzq010368138,120
frfl859090895,95
lcpu502246532,135
mqap045772910,83
zkky000698343,83
mlvv464352659,123
lcfm697362855,125
slyi134009085,33
zltp063592100,173
mrek766767233,135
izzr244268721,215
xymu400218834,27
xeiv973499984,162
ibda796711447,135
jnbj423409037,213
blve797831428,200
zzrx622712346,138
ciiu507888693,77
ewyf327708648,120
sluo790983892,198
yakc254194648,112
bang727499574,127
senc942137640,83
yoos285858632,34
evra171723643,107
hysn703456400,98
zdsh197495866,184
xebn858016840,186
dyxh796626241,24
sxzt010392849,145
aapg596814071,49
jotw371550394,102
dmhe783246303,130
cefd783030875,108
iehs780105046,159
pojl608715529,158
cnch697139952,97
cqwc162426362,98
qlau490246196,150
wtah128644431,131
gzxa417115064,112
kxjf507291796,221
nieo455339239,181
mqka859152264,168
pfdv166661053,91
olbe166212886,160
dlkc567444231,53
dexv002071664,93
zmic421481175,109
joed514858564,143
kwfd664813511,72
ifbi263610560,190
yawl558147577,164
njvc325658330,107
fiys105684122,146
lnfh101750179,105
lzsu649341076,242
dcnb847115268,129
baqr590802462,138
cpff156483028,36
geac967902581,126
exls008167851,142
agse093347072,222
rqjq749129388,72
brrt376755570,112
rxpl933824163,38
stvn303447473,183
ahpp152173128,262
bfuj579056309,127
bfrj053872191,112
macu532628119,132
wagp916588898,116
fzcy547534180,88
nuqy582310287,190
xmex923262384,134
dhpt580023376,87
zwzd477539063,57
omys119238741,123
hxzi633551215,122
ldxc139333577,77
izri228319377,117
vpsd736524794,196
ihme538404029,188
yrax299375133,99
olor591034530,25
lksw665199942,87
cbdu754397706,148
vwzr555371658,93
xila595465192,103
gude651083220,137
bdxt062645994,118
uejr132076309,138
kvom307816509,138
vgzk550604941,95
xexz089966586,195
xgti913491064,162
hdro228628200,98
kntk207944823,82
mymp837328201,33
etye558290475,141
jbcl771822786,118
ylme566204408,1
ioax368333395,112
hhhl091870896,88
jftv381297086,77
yxmw362788927,100
lphw609217449,94
vgwb993819600,117
tqtv262780472,110
tpnp598362042,86
cmcr825937399,186
ijps191881554,108
ytjt254132293,123
ebbw455400213,92
vhdb199994923,31
ztyg930002102,82
qcni832648647,103
wwiz346522056,192
ydvi536162067,172
abms162045662,59
rloq215423592,83
nyod566518510,82
wqph264214370,132
gltd466895265,28
vxbo630522003,164
leli007597763,14
vwei208809188,198
bpxl113144990,20
dilo909515816,113
qtbe040116279,84
nagi241529437,100
cgbh866759258,87
mxit325701851,53
mios587573066,162
hwln605375321,117
fjco119082055,163
tiyf194826902,194
lufk324166654,147
xdfu465946906,117
wcqb096301941,239
bfre888119133,93
rqxr819479240,187
feuj606508446,24
bkxv092882396,150
onqz116103525,218
ycmv897476150,101
xzfc881211695,231
rxah338262788,65
afro653309727,76
qsut465210846,128
rpjl523629574,111
gqbc730216222,215
nchc759442381,124
akng874073176,77
ipxu840714572,227
lynw380862969,72
gbrb406494574,115
aaem314845836,72
ihyb516164519,87
ulcc869301515,58
pnhf864459758,97
egyj062777532,96
vzyq951733289,111
rtjw229963557,97
jiti821749988,24
kbhv450952531,67
ralk610026194,173
njuu636555761,173
hxnt364101311,76
syfr338202107,158
bkgg969754369,168
xtrh718697701,122
asnk847350381,137
xptn511993538,54
nixn123664811,145
fkzs209619227,179
ultk250667835,133
cpjx201147838,118
sali162428274,55
nzrx603995803,122
nhds357041540,160
xosw233578727,181
mklx421457148,155
acwp515983829,207
ulno378088985,124
mahk034814595,165
mqya632661029,73
ritb331182006,63
ipbe984968330,86
czwb550778310,81
fijn337366535,129
zlqf893199781,83
rkmd178200239,126
tbfq847980585,77
dzsv176037783,105
bkzq180532352,245
tmil568140087,168
ufvi634737634,73
xphq275696584,65
zypj391993930,116
uqkh769792506,77
ddgl328467246,68
irmv338643977,65
vgzo485718588,213
oxrl545237716,115
xojy003718814,32
xnsl035649470,186
jkjb937543258,190
kdnv530581612,65
rmqe679781661,198
wzym918094296,235
ojuv831265285,58
lbyk632380497,187
vaej560908177,182
qkye538823958,128
fyzu821060909,119
rmij171096716,189
ohgx024912559,173
cgru962651419,156
sbvy570620677,53
srnk860812406,77
kwrz074096500,150
zvle340560203,77
buwc135434920,106
cjjl456791050,29
fqjp079530059,235
ddxa491219684,60
sbtb037586311,113
ywzw855328477,130
muer019258243,124
uzjd122843811,150
gtzp810969167,74
rdsj212098955,234
gcok068132692,113
xdgm459847500,171
kgbq368364184,41
jlwz636183589,144
bbvn701973250,135
ycwb611176724,139
qjbv147392659,165
flix118237444,222
uyzq898399833,105
plpz510883210,147
otaq294119968,81
yhqj120906685,217
zoga820448938,187
maai009743697,141
jihj332265807,106
omys769656807,115
eweq750933774,165
dnpp080681394,222
pvws887077904,192
bzmo195847037,57
fdpe933502593,212
jbis906868203,104
lhrv144136255,123
lgku266112386,61
jlky656226381,190
wmlf911240541,102
qbeu512431051,81
ovnz619636110,72
ukus554345207,108
jgwe842221163,88
uhle438992961,123
ntsd919823753,133
hnpn597266257,107
bkde090195988,194
dwwv424456165,108
rtdl267754527,97
wrxr187878816,146
gwog585139048,94
rrwa422489743,97
cgpi035551383,175
uxap831884407,198
xbcx541383294,105
lrvt441262930,87
glox483165769,95
btgo058247192,104
wdyy797917519,56
yosk400754055,193
htxx697340481,129
zfmv342225346,37
fguk113789004,75
bkbi332206239,84
rhzc278000004,155
hcsi141205024,72
zlkm130975985,85
wguk612035301,145
aonm178579992,121
qhkl310627317,125
kwhr378253810,113
xabc024870029,141
flqs178000808,49
hhkl057857172,103
prmp167951314,106
wlfw738259760,215
qtec749301548,103
ymja981603327,180
gevl153147982,206
uegf327277755,34
scpf201650157,72
tbdy185098247,87
eqkm334397454,204
tmma206639417,240
dbae184160400,137
brlx645457932,53
swif501113887,80
usoz071387758,221
bnuz609430257,157
skhc194405675,178
qvdz133448268,150
yscr995080607,163
kfsr911096253,92
cblf689184054,76
xkof403942800,117
vukp737858914,114
zsgr271691533,147
kwqq384615851,168
gcer888877502,178
iefr992842045,137
mbnu886025799,62
ziox156277640,163
czuq335114215,198
fadh338235466,48
xcqb769972838,32
jhlq522931419,127
gdqy296914762,131
jmoa672601014,134
prep436108137,170
wdjw204149009,83
spin529351957,148
qtcy538050582,156
punk528628614,182
jdav260064486,137
edkv222710750,23
tdgw259085676,31
zhpi940205057,220
rgpe624797073,210
juwl795974297,147
wcdp032674867,87
ueaw901406099,160
yvxm350263406,121
srks730439119,100
lrtj206865264,80
dyjt645128755,160
kejs397351837,192
cudd916667637,36
eisc007554108,159
frsv990092274,15
tvng587700125,140
cawv262403481,108
mpid892105656,161
pakt008289125,34
tauu180215071,262
uxkq532921854,110
yxnm378026327,85
bxzu811551410,123
eqbi399767321,208
pyjh474496678,73
dkcd563849140,129
kavz681637808,182
ociv781791495,195
jkzy682949122,162
trik184171873,118
ndxc898456929,86
iyzt505907275,107
bzjn003680849,164
ixqw714875573,206
mmfw659947091,114
vnyl446986940,208
weld818592855,102
otxy332864577,187
hjiq910756383,143
jlnb940848792,124
nsid758348444,156
gcnq699903145,235
fsli362474574,145
ckvh339384547,152
tbgt287691859,217
jxrv512387082,83
zhyh923059365,132
bsuk546846869,158
mhsr191274778,127
wrrq254766649,201
gazm289112029,181
wouu742587309,127
ehzg459981304,160
yxxy817337970,117
lqjl997616267,145
lgmq888905658,139
uexp670291924,130
meef599265821,58
kfkc122508933,133
lzcw343073763,88
goxb548498216,63
fniq448240131,168
bdxx465499728,56
pejj811562739,107
iitr938780726,182
edwd524990217,158
almg235446249,131
plrb398948894,75
nzsa056960624,126
rstb707874906,224
tlkb637995558,83
txpf985840114,173
oyzo818523902,29
fecd710769621,67
vvdm918941273,86
kcre082992577,196
exdm444066579,57
fuxx570846001,90
aubk095886669,98
kyvg259122174,83
asnu416116358,170
rnei448954387,158
qubx864187951,18
dnyz196253923,133
tjkh783109078,99
fvcs988290129,123
amrq769389284,83
xmlz221363263,42
tikv240468200,223
vrrc426597481,142
zpfw090875624,83
tmbq000457786,117
drkf046187668,121
lvkp664333922,137
obof673335214,140
jehq844769102,141
nijv715074206,225
kfjo473528241,142
ixor902904336,81
mdzs136627694,134
pflt804174051,124
ezzw148258870,98
pldv643817776,106
naay198285953,96
pyog935946994,75
zdvk972472537,42
hwol347545366,117
ndts223206713,252
itid156356049,142
bivf289084020,143
ifhu391768418,160
zhao551529857,130
lrpn607817005,91
lqct344581768,81
pzat044671083,109
hvsn913075446,96
kkbd201162601,200
bnxs936910027,87
biho291295488,137
crel423783635,188
soeg154660146,121
qbds527695150,23
chie747779021,92
lfza093027418,230
cexu168374219,113
niyo669689518,197
gtbm716431183,235
biir394246009,123
hwbf143631507,30
jpof890882844,100
lrri260798214,98
xnal634390748,107
qpxp897838656,150
gigz794548976,121
czjw338778127,77
khgr492852623,203
oezy975637631,77
geyv379784996,107
fljx430335061,42
eurq496537657,52
zvad736846047,80
abqs541661404,145
ewuh817538675,214
zwdb751231266,171
zlns816481551,122
ndma949798698,165
wycj302354216,225
bbhz772774064,35
zuxw208317367,254
wemz692120487,115
lirb724946963,132
rmzg289720110,187
noje730051547,97
gfqy492564407,75
lazk867331051,159
pljr769293323,155
gmlw781035508,143
qiyd462941127,250
uqaq370108161,192
rury608997659,88
fqol427302771,132
qgtb273295710,147
perr499621097,220
rbip283348847,175
vzua593691462,142
nlic392068877,135
gsvz835554553,117
wjxy086755900,211
ivpa724247041,64
cdjj772199500,137
qtcu549262197,143
zdnm751640459,168
fevf147208537,100
vfpj071748524,50
htiw494648812,184
qeqq728186358,132
syld710992921,162
vspm648747481,120
dpfm586616832,83
hjvt614337681,148
yhoq132403771,122
ktaj441007501,122
dyei026194050,127
thsl750613768,135
gdon863841297,213
kxat721434811,137
ircz563519316,104
ceti487463119,62
isil629379093,273
qsbz746027087,113
yjvg448676646,64
lmui964486050,172
arsb910440313,140
yfvu115921575,97
uaqb302060553,206
mbwe864006841,88
tvcr024935468,132
jxfk765653997,92
wnue338763799,69
jcsl021982140,91
qswz479885333,219
ftpw702197223,170
kffc936206295,59
nbqi254199343,123
pkph071291180,194
crlx359093566,78
wwwl087024185,126
ujmz654878794,260
qbal608363909,136
lwkc323060104,128
tddr027698889,205
lugj202583450,130
wvue673965104,132
yape907417460,214
nnbn656338239,234
ifxu982300925,203
cyqv099297669,199
nljz410807560,99
mlqe930415651,95
jqjz040630974,115
fohn783386348,193
ouez486057276,172
weop356341562,149
xeau718397865,103
xown628649973,133
enyy231080655,92
qtpb263391509,123
oeaz173841883,72
thlf960450570,180
ucsq265749736,79
oqnb189848710,102
pjfy257390397,161
tked433746594,53
kjpp858660850,50
zvjn746172325,24
syvj669856018,155
pijm527291773,177
ruee100151611,88
bteq855312657,117
iogt669596468,263
czoz990324199,258
lcki850151823,117
errg879075930,98
nhpx028677841,87
jpou654965948,136
dbve468302250,143
clws429861604,96
fipz632987474,167
jwkh904468915,125
fepw836004898,192
upcn840731615,59
hejz533304800,108
fjbb449191116,130
gocm083111223,142
rxso121845823,153
rmwe490703127,32
oqol585550566,138
qpar347071208,202
zomb706466123,139
ftmk297859724,136
zpje100693271,16
srtd262637455,178
dwgu589584877,143
ifwf630392674,100
dlvw644909106,107
dfgr441487763,87
lswh238601863,70
pipp247899145,112
eddw455533484,128
fjty357766071,112
bbgr395871242,133
qflu896902631,145
afxc115927975,173
neze374003063,130
yaxq516451888,134
mflg571165806,266
nnbd226110916,147
ftbw337341572,138
mmfp795505097,46
cjjo868809435,95
ggkt370298051,30
ytda900616560,27
qhib142288842,93
eoif570502947,126
egba579809683,121
iwke399382301,60
rfby578311208,109
ijva004307190,177
bttj920116966,76
xvmv839825620,31
fhmj736007387,99
toik829834053,110
oapt358956716,185
immf414368582,101
gkjq174414728,123
vthe968726357,124
umjk675782848,133
fhoy210753116,27
thtl367618438,152
xlaz348739334,118
kexl197909523,128
zweb150363877,109
omnp934870544,118
bvrg686620414,95
fcrs278154582,144
qqrn447366247,176
ghzb385633083,98
jgrw736516161,142
mtgd890623169,197
spqu144145307,98
fiaq636060881,136
omnm400447657,93
eroj631264495,118
idxq170152921,148
wfwd335110237,180
lhzj224035382,203
vgdy869148439,61
lcsm071198895,91
skse636601050,97
yxzu551103327,233
ydwg329734548,144
ornh070751374,58
zaxa097648358,127
mgqf312635294,67
ufjv776601197,150
hmcq388046461,158
mxjj875225293,105
kosb089205903,146
clba647777560,140
vxjk597220498,122
tllm182042724,209
issq769850231,176
qvwm726036374,162
rvvz029600756,81
dvox190075241,80
shvb115001181,127
btvs955652245,129
mame400683795,128
rurn443279156,209
yudc399220195,79
ovxw980945725,147
jmwu008565919,175
svir857087240,218
hvwg439645757,85
ohnn559480417,140
tdup125256920,139
hfnv499191345,188
wwhk749904524,150
seab871770857,82
aafr395199003,63
ehal838646635,39
wdin220186408,64
kzgu903683293,127
fwyr378842904,159
hldc098345977,133
igas262818664,151
hrii425741968,120
mpet509696213,149
tccw474511252,25
itlt015819756,190
qsbn999493735,100
huuk522749999,163
kzzs184408550,197
pecl189547498,64
tews708136778,196
mjkp174923833,84
kyjn239561446,259
hjkr490008478,98
hhys696702224,191
gsdr917625667,130
xeyr546340267,233
tmzp273385172,158
aaoe396115749,129
ykbs280569484,86
jxkh072332343,133
zpnf667917080,90
sovi907389353,232
lknn263594848,160
eryo305964744,73
slxt307275668,161
rnbn153519682,131
vbav756143862,86
zpxn880384698,89
aihu494319905,44
mqvp909535115,164
egdw888984147,61
twqy977702962,134
gvhj142107527,109
bylx265481445,97
fvjh184291238,31
jpbf997821085,16
zbiw638143337,128
egnx581239069,224
crmx668806875,194
thiu130982270,165
sguv166059725,145
gicq705544069,106
utgl101255985,132
wcsq907888729,196
vrzd371198438,117
jxtc254315566,127
wmtq278497156,143
xypq085358186,173
utvv008689774,26
qlwx731170658,165
qakn931266368,158
uzky184164409,147
sdde243407263,64
zqut420665367,89
luaq247158372,20
ezko262586665,123
gmxu939723620,103
dgke967553115,95
dbja800656619,157
kdyp921881186,215
dnto049997897,137
lqbl319321687,189
mhgb248040092,113
cgvf233858977,143
rgdf783489084,14
ywur077316089,133
osuo281364763,59
xetc105355244,88
bufr214794960,117
lavz424750452,156
dqmv180460752,91
eadk515854274,123
nsvg536389715,14
fedi495702136,216
ibum440930668,52
aitq102140228,122
seoa292747857,228
aoeu819614254,157
rukv124765071,145
qjrj557704770,181
vgtq281702950,126
lzkn486903927,94
wvle579884143,71
dlvl503126548,106
kgrj158781483,61
spdd624794182,213
oxyn030627239,133
jmqn050887037,191
jtva921874875,97
vmbc581516924,87
vsks131085481,54
amwf059147247,108
nqst615305561,233
fuwm830393331,140
wkxu329918427,175
okpu288164759,122
owsc791169694,108
wwbq420791852,190
gcmc229097231,147
grkb160904833,58
gfys727530399,158
rvpq631939731,49
izun335549174,100
ofgq956492059,203
uolz070574836,173
njmy502059571,163
dfcz433171569,107
lgcb078238067,197
zmph949296359,190
vegz041479570,93
xdhn571886961,73
zxuf219959920,71
zzcm028599895,84
irtp178415363,223
frqe862417636,128
kfkr404378398,89
ljbk690651704,239
umcd241283321,197
dnka590262378,68
wooo132071475,183
ufhy269953919,108
rzmc803035425,128
gvmk881645073,123
ivqs059107541,108
kzns698108345,137
rfvx279956788,202
kpjv398343138,145
ekuk573847217,144
bcnr191505244,118
kjso870064135,133
rcke022449844,136
kokb697074496,70
mljl907881090,164
qels617157669,155
kmlj391590844,215
wjns281367977,173
dsbo768130372,119
scja217165927,110
uyno112034630,128
zugg315648566,52
klil713169327,16
crvv772667478,35
jmnc005413789,60
fmlp138870491,90
bnep394695378,62
gnfr678697548,130
epcp570626556,115
fqlu465471920,180
qvtt080263191,30
tncr865080444,75
izeh725722330,83
ctmx471172317,132
tihi294723940,92
tarb961430269,275
qewy423454431,171
cqga093128032,83
imqm647529358,88
zdnq498889156,66
pcnm777728383,55
vnph576782705,133
jvmo868885362,213
kxzd788904424,160
sgix525051956,133
gfvo290106564,190
pkry447942329,205
opfn956534855,162
mvaa931513420,179
ajyq825232663,112
xhwo290335973,123
xtcy136860042,202
toxs600059354,246
vxsb604104799,138
gsoc818610789,37
gfxj227978517,81
ekhn051985926,138
dnxr830862385,233
gkyk041769802,51
mtjl328422300,145
ifjs960477506,170
rnlx514524405,72
yueg775506249,73
pgra740106936,172
gssy057844321,62
unqr962347913,120
pbqn480352555,127
xspn121778529,57
hbof032416631,87
xost530567838,74
owty865045272,158
bjkn889102124,170
hcae709275915,154
skvy273560627,218
xydc800945695,234
yzcf789834547,235
adxx106727522,172
mruy043305111,120
ncji069306091,120
kxiq267446974,65
qpja502522935,31
bkke597414367,56
gixb079700612,57
xpro126452529,243
kffb704016786,227
qxeq737779011,20
jukj221358582,196
pryr037083326,95
zcit419596764,128
lsjn273617190,80
jnrl035248824,151
zxxb335232016,246
sbmj771106477,145
fcxm427823800,182
nxvf433491661,82
nady500784124,78
xfrp732846879,20
ogif470900953,84
ywae814271039,113
cami809156320,156
yezr533435320,53
lqme129431593,104
hjkz616768906,111
xzks782999374,242
uimq737044707,215
riio545675473,63
njal824545746,169
aftp733644201,182
mzlk511073050,151
lfho503260573,109
fyae144754762,21
ewue043176477,143
cpqb861489888,125
xfxy987231036,148
vhwc157215188,122
cetr695743914,213
zqwz346457286,77
trmg094622129,156
hazr841924429,55
vlus900959175,102
ixxi996412544,131
qoqh544995071,86
torq752955542,55
fbpx585853966,77
vlpo396457026,177
ouor633507593,158
fckl629373259,117
czzy614384783,163
hqyy535022911,165
dery049143006,172
jahb106523805,107
eoki291187567,114
cdly910960822,112
oxrh988263994,132
ocfl432183307,153
txld165376749,122
jhdu483185705,133
mrym595868013,102
wauu182281919,132
hajl164090119,109
uebq154852858,26
biwk715984081,243
mdpg043357494,158
lheo333594331,75
xpdu030778951,195
daek783960291,68
fwnw330613277,119
bftc275027973,168
xnot018205273,135
srrd824713713,95
xqau722158642,105
zije999660543,157
chvl673315111,134
wigj154488176,88
ajwr274906805,187
dwsf425746236,95
tkpl700116507,82
aglx119743497,110
rsgu336988804,68
ozhs362133371,140
jtfl077079750,122
gnrr070939417,216
uagz053421839,36
paqd499638041,115
jved487030257,68
jgof759321255,21
rqvn700893871,52
uego432813959,133
tksh951807587,104
hwco301454684,110
uuvi259544099,102
ysdr314069434,179
beut951379798,107
wvdj114650155,186
gztw943676169,28
ymch698808435,188
lpmh545925279,30
nbje045011341,63
gjfd855039799,139
eoiq357794412,128
jgsk451914048,133
poch394712867,125
fpke074081859,147
lynm504709183,159
ftdq686132453,213
qabe630519730,113
rtbz816631224,145
pcxv948336413,120
viin623818768,190
dlix556952151,91
ddwe130317174,65
rimd904183255,120
slux806483752,84
smfe672137937,145
hywa109327003,155
jqad663832266,165
cjyy075030880,106
hbcq500251007,127
luvz291265070,53
zqin689314021,211
xwrv650215017,137
hlhz858794989,146
fzqu114731576,78
vpui103402267,212
xskp938612084,163
ueln704538288,161
gjrv917732764,109
mtyi065179357,57
csuj203440663,197
dlpe842847385,127
rdqo101220159,133
wscg143203944,102
dxpn089261018,219
eqrb644761656,121
qkrw745826268,195
bqgh630547963,140
ptjx036952947,159
moln491233783,130
gzec046877329,93
bwcj432800757,191
zmus711966425,133
vwky031794364,102
hdcr696265396,143
amah887761601,132
skwv680313900,65
cyhv014346167,188
opod219196840,275
unbo003078474,197
aazk481251716,89
qelc093151048,93
qmbt752072094,155
evga830339015,97
aohs577613497,132
vnme542600262,138
bxxa580431182,106
pbdj321080844,54
mevy145409814,113
puse139028355,122
ajtu664913183,97
tgjr617371120,55
ynmc956217183,154
qrgy027963729,114
hchd833872856,69
oxfo938656082,59
ordj040566864,122
ziky811645165,139
zffl252818186,76
tppg240271769,129
rfrj017739095,78
kqbq939301652,243
zjbm251739103,24
xgcj021969114,185
ggda887066202,76
jqmq257785912,88
nhgw188843676,143
fktg024586279,218
wvzx058774252,178
yulk467935835,118
ktdb924838759,103
majc879690269,121
gkzy616803751,189
fiey227207989,119
jriz326728956,30
jzlm858828682,85
klvq005450972,127
jaho194132087,96
jdzp641797750,71
cksq821112424,123
sent324363692,142
quua577413868,12
lmvb859557349,183
tyka884876070,112
lidm253462376,128
wbrs086288879,177
roqa206477281,91
dqap256542351,117
uzhp187556594,52
fwju127145064,177
bhln372134106,108
pgkl039968735,141
raca340985178,147
xher313331044,90
lydu356315603,121
tkaa993135045,248
qbmn912201714,107
awls619654445,125
dvgw027189717,147
qwsv865982900,160
dohj449204747,144
bdgg583460678,187
oitp700860684,137
gker333473715,102
ieqi195313800,102
cqts775287609,225
ursz744168853,77
ltup087653940,128
oena792433305,75
fxei019975463,143
hcve209019281,108
wbww508998462,114
mmad593959244,118
aueo046070324,131
moxv622554266,148
nsas630900681,132
litq072381670,84
csix428143212,163
zdpy844776470,107
rmdo829051773,154
zjff446988010,55
qfip162002059,85
uuzx119885104,134
ykzg342785229,145
puhx524157178,64
gpog970757953,137
xafx868581601,188
jwlp265263688,122
esay527159586,177
tnic371356678,138
pmmm420269743,85
siie232903116,165
qfhd518656453,90
ppbg385209193,141
eiid073265772,143
lzfn858432259,67
pdjd125655991,145
eyns365083316,135
kigg044908146,14
pkli401013836,137
wrye997885862,126
hjeg844632524,77
qnba199727048,41
jprv591352529,84
lskq121584096,217
fbze627299505,132
ejsm804372650,140
zqxe681951725,141
mbrj282340945,143
acnn902187983,139
novy567365948,80
qvdo219033912,103
iogf906791991,195
nyjt901358570,212
rsoe647274026,213
xnjy966527861,142
gdka189674265,9
xhka025048369,185
ngmo256196198,139
bwdp718493458,215
iwuh041278730,146
tvql280173265,89
zcno747914023,58
kfin743411389,95
ogsh536968134,100
exlm680160754,162
uulj032434856,124
hwsx368300399,198
rhkm414113969,225
yhev664366217,97
nmmr421562031,73
fqps831143401,89
yxlt873894208,114
zyja578759594,92
slzr125496815,52
dhcj032141629,117
aohy742998839,161
rjqm539013036,77
avcb570617063,182
ynph765382929,133
xwxx351125728,133
uavl345029402,77
jmzd529557681,82
lmzq039959678,130
pjkr530066058,84
jjlf727534741,159
mbzd519155820,9
snqz281043193,121
zsup499426336,141
dupa654131848,132
ggxe477861866,113
yqdc827635246,198
nxmt751539579,114
xutp480372968,81
yzmw146667615,232
amzd031927650,159
qnle672601244,147
nsbo577561494,103
lcey117096394,20
jaly850181397,124
zono054522454,130
mvqs331574430,73
tfzx514156185,18
pwba633922899,237
csmd302328105,93
leoe849200540,131
nrsu555067353,101
xlof111172996,93
stsc374225607,93
ygze825304296,127
wato616560814,102
niku327151869,145
jeka111783609,169
aynk455476659,60
odtn354832114,69
patr674789205,78
afng832168118,158
gpak199348594,78
kfwp675511217,82
swiw943046690,178
cxdm586689398,148
gbin921520781,123
seik879244584,162
tgtd190976321,107
sjua855851743,92
pxcp558165889,182
vlzv017145192,142
ysww172290961,99
fzsa264161627,70
yjvb684424160,109
kznz011042009,29
qkwr342476628,92
wqko206276922,132
yjya985281092,92
gzoi549350638,184
ehll134605719,122
gnlb541808038,147
bhvn688414521,97
jdnw526991011,21
ugtv155757008,127
jewt723046137,109
lonh999670815,110
xgnq075470212,114
skan145384609,87
wtqi866508283,131
zeeb860592210,111
otlg359482650,168
mgjh775757469,137
hrwe786417568,123
vdqc608395531,138
vsoy612263930,229
ovho814064471,97
oryd117439361,178
gyoa564347102,107
vjer583900207,134
hkst481641630,107
ksho009960131,131
fbqv619657664,76
zvto073144073,86
hhne890850947,12
lpsq074586809,170
nicr379483488,96
wmeg788953457,27
ihpp102115259,99
flsw982254163,127
nndh958968289,198
ibin272144486,45
eomn347057905,95
fnsu997297680,147
dzyt393596306,92
jgph383118131,157
xxuc499608084,87
qgkf209538862,56
czcx927585766,150
qxqf289340851,110
xtyn305341440,167
nypf995815650,65
solg308049286,203
qxye756607356,143
dxtm262432925,76
ssnp170083586,120
xlcz960092936,79
vbuo936757620,108
tjxk684962673,176
zkfe795745866,148
ybtj113743934,186
tmvc257682548,77
fftw155908631,92
snqp435509407,210
szyr763397764,129
qrhd625868895,140
cobx423154877,41
hizl523470664,107
yczt048974178,76
bqnl640235013,100
opry344324843,152
vtkv017773563,126
wbib842780850,118
dwoe331045409,53
egnd579949904,164
pjtl119016089,113
tmtf506630827,92
ulso792355397,132
dymy001679530,12
ovgi746144349,94
vsmr429772169,141
haxa081850079,128
htkb979287010,133
uqwv934207007,143
tobp101022401,188
ckdm633727029,18
sbpo119675780,49
hzox541347606,26
tgjq226264893,128
aeuu480256782,89
uxng475275706,128
xpnk042281282,70
qkez907615444,88
ovqn166051230,150
xvmq286134708,63
rrxc153814213,67
qogd095684875,253
cysy005074742,142
mqmq922233863,181
bycp511272071,112
fkrf453879797,116
qgxf180768579,164
rhgg730441773,132
bhhg590351975,137
ingc882099404,238
jvlo505853080,143
pliw992660959,131
esol020476019,127
xxye554024266,85
cigz943877450,143
fabb670462124,212
keud494395490,122
qnwn327101687,213
iemx760691255,91
kgxt438981305,165
ejuk580023608,79
vivq071918274,84
atic223355684,71
xnbt420016970,48
pnop748956664,83
jhob232446890,77
ocpy875112498,124
vkzf129631664,115
faxz667594118,15
soqt210842727,25
rrok042951489,142
wsup331317105,70
eohb824200168,89
mmso865853867,127
wlid196934260,263
gskt628865741,128
ttkn133171603,45
opiq451042596,82
fmhc264174901,273
hdws539061571,102
szbu377757013,98
dout933915633,130
rnuc054161946,110
ineu773841938,127
vwmn759664050,68
sggl394918730,132
hgfm015195463,94
plsr390058210,203
bbgh144808301,39
oxea126432095,52
qvzu061713846,123
paiz452438613,248
bsvm451829461,146
chyk419857221,130
qwmr191038967,23
zjna855510884,62
nimt379110675,222
hqgk861062102,75
sxzr055688582,121
vhok143446108,73
ayus499099203,95
amft401092052,80
cpve320172532,161
qcpp040014922,127
hkvl706613233,153
ruew127252272,137
lzgm211743278,15
lzgs394476976,148
mlzq889451393,59
apnb628093576,133
fcsw815059106,157
nmzs583285177,79
zdav540218057,137
lnyq582775921,23
deht279742428,125
gstt520828449,120
ictw997263474,90
gmcv427531059,134
uwdn581659734,157
gzdg083282018,89
bkby318221734,202
llph151522837,27
hgfk101373067,192
jbau972850110,91
dtqc898271527,139
kuov384451144,130
svdz017977926,191
fbea375548270,87
ggbi907785235,195
nmaw980586164,66
ihva618572417,68
ghuh847498921,111
lfag581605306,88
gcpp466407435,246
kgcr071195941,133
cweu921108847,133
qmzi067807496,93
murb988369284,110
conj750841112,107
zvgn497327664,115
jxbs890592866,148
tpjd866478251,268
pldz673552376,162
obie038548442,125
soat723921966,96
erss189184360,52
dnwn299909581,222
ufhp175160672,147
ddci421776188,108
umff030078998,105
koyq182356634,220
rkjo020765441,35
vkpe355322627,198
hkhr527713384,105
jtap617795641,124
lzsv538310462,223
kply084580983,108
irna305052624,230
geyu567828744,138
bxug703222814,177
vwqj139407127,103
dqdo441155586,238
uqxg653290502,170
sfio251855331,98
meeq768171362,89
uscq696128881,194
ovef978957536,25
cpol665989034,39
vmhc498386802,182
jcpn721435886,77
tshp238044043,15
hdtm582802782,153
srpc890353253,37
aavg727493245,83
lica069675616,113
djnl860407613,57
yabm693230990,162
tzcg297881822,256
caud542922851,109
nmky281742602,118
svld706205175,125
pkkz928368938,117
grbz022886678,84
hsmg867355555,130
uhms011233192,132
fzuc685520106,229
wlzp763873731,96
whhp539913109,252
bfjg388704276,184
icvo893644492,163
cekm700036235,163
awex426434856,157
bplp448802662,144
func889863917,92
kkey357107052,24
jzhp553860958,25
yggi685231499,58
mioo248071197,231
daiz242462804,105
ylfe655486816,93
gufl273534513,236
lcpp133552546,93
ytol079995115,77
eids248121351,105
lebs573080407,132
ejek449499789,72
ocmd304725933,84
rile549709896,58
jdrn726132841,90
mlap569420989,167
zhlf907550317,182
mtxz498076790,158
gqje202539223,147
ltqd573284612,90
dsdr256348370,113
mkhn889893632,168
zvrk958447251,85
wusu480858324,29
sobv094755941,198
bxlg488696716,191
txhg925197233,207
kinb202819384,132
jrhj067660884,182
gyrn069708239,190
bjsj483748549,80
txhe228138415,130
pvsb686584615,82
sboe660761750,65
cwef233436075,100
teqe849578970,147
ccrc624389058,183
jvpw000917666,137
gkrt096664593,97
hsgg275184366,118
jkjm741542230,132
ujcv081253217,215
shxg200121158,84
jlvz045460797,243
uivy806971628,116
fyol917593559,93
oslk709767817,90
dysg140829070,117
bkxn487162491,16
quqc621517216,144
jdal467340480,81
xhdh047393131,12
sfwo669337839,165
bixi927961770,121
jnmr468067079,186
irun510716572,83
abhn842271794,154
ayfi184098229,172
vfap698834584,127
cbda431078502,44
rtjh521722841,117
uysi034087092,129
qztp806379425,77
jyhs252188077,127
zqwk851806362,122
klkf554764955,137
zppr428894669,94
ykla501319228,140
ntrn585918689,107
xspu135898540,129
litd238218026,127
ybua836264430,222
lxrd236701469,156
fwwo521045969,107
jqfo876530884,104
fdrc040921103,72
yjkc285308840,123
khjl552768307,53
bqdz972925293,173
wpkj778556423,64
rbwu674894564,152
fqpa395874282,183
jwma062448038,166
ollg453244072,90
zjqg885613520,138
qovb757247315,178
hgkl990804528,250
vwoq561229732,77
srad424538827,110
nngq113252273,115
rzqe328900529,173
pyez380149034,88
fhbu110823590,117
pezx397754806,108
fhcz418172155,147
dorg301737169,238
wywd078104508,132
vrhx621276048,133
ddog692519738,112
hzqr863155601,160
afei977775767,48
hzoc606335862,200
lhah969664556,234
uued496794007,66
bljs286972534,127
zyxe231266816,148
djsf506467629,98
qhnt158840924,140
vxtj689186565,113
qitb703470634,170
txdv395356153,120
dxwe064299401,168
hqmr555684922,111
edhf270235821,168
imri932331797,198
xiii475914720,118
akmp412397462,110
zruo694898679,80
lnvx410517350,74
zqgp489250813,83
aozd095262266,90
gigo324419223,142
ccbn538977724,131
yqhn066005906,181
szcy851530843,44
ergv999019021,148
zqxb196452648,134
ffhq043532912,165
qhag847896695,46
jwmf601716475,91
gxqj833336323,80
klje181215820,87
luvq212680438,53
lnji578462364,40
kwtn302347049,84
mpmj126993214,21
fzrg907765894,202
iosa076783735,127
deiz748348812,93
hcvv352266513,213
qzsz347788384,168
hwve002323690,156
zulr364274984,170
sglu806905966,172
esxe877634833,110
xexu510458622,235
coeb720270892,12
ncss834024629,162
wexa728470590,232
abhq182922930,39
dxgy027687517,125
kbei325817647,247
xuti025518801,50
zagf517286818,88
kopc916482813,200
ysdg709295274,140
pjhr719755837,85
ahwn366181932,117
yioe844570280,119
tymg150014211,141
uzci252090225,180
otir456411178,128
mkgg731594420,208
eijt772813227,176
gxuq432207721,141
stsj613999591,187
fuoj926866165,128
ogwl310790174,143
snqp734871088,94
ohvf297553135,112
ggtr862765857,222
hwsw459169259,173
nuxi051089258,264
oznj001946323,85
lrbb506912317,80
ydwg300382140,166
ejfb505125957,96
skwv964648427,138
yzkq472900014,180
gtcx105840313,228
wiiv100133306,124
jndo287242943,83
xxve743558265,98
brbi844185855,65
lvys368228964,136
smbr148296348,182
krxr951034624,175
kxho775409661,187
cljl522287977,67
yydu345121262,209
exdn815186285,40
iswj614242863,104
zuuq957496323,77
iqmk810904790,143
ookg538431987,220
lbur950487474,78
hiit965487320,140
ldkh164310946,127
bbnj353030883,142
dazn920097032,113
qukm646535645,118
bccf170983941,85
kuyx431574512,70
zvpw031077449,126
inkf405746856,118
vlqx004718041,147
bcoy911928783,147
bejo482478504,125
mjsq064397885,127
uxan929709160,133
qyen760255141,160
klhn910543336,102
pnrb191894894,92
xlad106193655,141
nkyq217081713,177
awrl184508188,129
jzpn133462074,93
qpur313182198,145
fpvr264009270,30
biit172713873,26
zixq080869885,168
cqdj292944121,92
lgbw411479549,80
ergo980996454,197
qbjg801103210,167
nykj981184352,139
tkcm865009244,117
fzkg392740739,194
ypfc622258010,168
iaih932085353,213
jdao207004428,266
mztk990882588,105
aiib141157513,217
ujqc161222304,177
mmoi200068827,84
wvgc181779965,79
lmez010960510,74
qnfb053966628,219
yajx921073846,99
xjwp723793274,177
kemq249617699,192
lflb125555478,135
tjej375333159,147
tezx334082600,134
fjtx310813687,166
ssuu580065676,173
ymuy854364129,93
lswi984607341,107
zjrs690875618,156
jckk823134910,179
ydqa667873042,123
gdms817223363,97
yuge567956082,145
bsmy693401279,100
psgn164260597,70
vxra531943273,104
skmv903593285,205
exhb514786492,104
hsey816567522,123
jqfv206968830,127
uydi038263438,91
lrzw980773914,140
ueoa816978512,155
spgd692884141,163
ajbk468346063,51
oqgy979109910,89
izvk757374277,203
cqek456893737,60
qrdw529626873,133
ayhh368283187,190
jhfr462750103,162
bedb744831513,128
atdd040421445,96
iygq030084001,123
xwvy510549668,51
oqma501508502,144
njut053567591,103
lbqm150022979,78
mifq215174685,100
selp029339063,15
ywnn250358661,63
mmqa257155778,175
uiux358959514,103
imna420302138,93
bxlj064283383,107
baxl542244907,137
qsip740156958,144
bxgo541921210,89
sggy012093324,76
xdiu011549511,72
roux327318909,137
wtsw358677749,90
wdav474344542,134
trov683019266,143
atlx350228685,188
lnob270753198,26
usov927484443,57
ylnr167632436,155
lwci092602957,168
fzrx169337497,78
fctw514165232,128
lczg958038469,222
hvrm227281559,73
uvao378585659,104
xgqo816968484,87
ekgv873810880,163
vrpg132498317,169
fmyl808695281,183
kgjp670019362,137
hozj777127558,95
zomu390679432,126
lkil051405143,208
zota102447702,147
xuwz189573477,134
qstz473549860,109
nbms758107197,107
uyul053277599,146
ohyf255006896,186
zfxm976843083,182
kqhf148574953,178
fzlu455785819,154
whco833269871,84
vxge010882127,172
kfqm138289050,141
ewlg605464826,19
slor553646322,202
zgqx914381082,52
fzpp540624700,123
cobd690450363,24
hndb275181478,142
eaio834910937,109
yjrn339703740,77
ysbq367426380,100
dqhf485609376,149
tlfb586162862,121
kbus124653030,245
rxui102264331,143
zatq402906658,75
hazk928915359,105
wdoh030790372,120
btvv812319207,174
dtti158803088,92
plgu357533649,18
dujz066229565,163
pwts801315024,153
czij388098959,120
myis243640595,271
bnuj824696707,211
wxiw615560690,57
khkh804061032,79
bjhi733283143,104
otyd070314382,182
satt005582002,103
hnpv442975891,118
qqli096833670,122
uyhh737739508,140
bvkm949558770,59
dbbs025052952,82
aqxr742477619,143
tpyi497132218,133
pbmw732127934,195
bqnf517088787,180
zipy677397103,142
lpbd034575412,82
yacn354152860,58
jwmt504332720,136
wzki633119777,104
cpan607764297,189
actq146986359,83
nlqt549804321,137
oprk121231578,131
wkfn320388542,209
tqwh874117599,168
oglh225004874,176
blhb715688694,99
jbnp223257055,172
wswo489962322,168
mrxf746641441,57
ghdn409109692,157
tuje831952600,208
vrfm645341439,112
xdck910699894,22
qlkf816932680,142
lhvm671437279,138
dzml078342865,168
ggfx440512506,127
tioy810006940,146
oahk746445999,52
xxwp285477355,82
rapw020728416,93
nkfz738599146,157
ativ684738536,143
utfz874090211,154
yxtk205462394,119
nkkn972190046,131
vohr903443024,132
ekmm327655889,152
ujac398605228,141
idlg070339603,148
tlll600451286,127
clfr717681811,143
uqck610610817,36
mnko903589578,163
icrl199515959,117
vhas112924318,95
cmll352228728,132
llzn483115198,147
mbvr902434556,138
nqof405545643,126
cdxv458360424,119
gkvg893906578,189
ofsx171516466,142
psgb687765383,127
grjg333459844,81
tdcn960931645,126
drhi978784270,118
uhbm265185009,175
vgyw349571293,97
xzqg812497978,118
wooz200283412,77
arkh000130357,182
mqnh613736893,121
plbb785193045,77
hyym456368083,184
ekpg306822596,129
lwss759586279,203
vblp165338962,128
xoik670018249,130
uygl910908263,108
nxqz661508897,52
hsdg664632870,121
imgc580063637,145
ewzk113230427,260
wcmx132469294,129
jclo279060197,86
vcad450511444,23
hbjg193447472,84
bilz803967921,137
tysm462659630,58
jzpq124976003,132
lqlz933501085,153
mgjs921089192,135
skhb212892542,188
wdrc366326438,109
xemg456104645,110
xubf879408178,25
jwmc195266141,96
eduj539795968,178
avrv005980676,117
dxjx101152677,117
qiln535947829,75
wqlw827160602,130
zprp641238404,129
tznn437423907,98
ylbz814411816,193
hyow520958537,142
nxdi168070069,143
wqxw561286227,242
syht446858057,141
edub432604051,63
etwh953875737,218
fnfn088696229,113
zkab244012823,250
qkbd561988826,78
wnko850692000,164
yxuu680446981,27
osfk076021323,119
iduw429922291,196
xypl942599586,83
arak571261208,142
jxbv463952854,78
xyil464283217,139
rfdg303766689,124
thre324238412,125
cpyh108297145,78
frhz826047876,128
bfvt139030303,117
vvzo878125812,75
bbgr695258844,17
sowz439849645,92
xaqs718988170,108
sdix039750276,21
yqmi031462259,98
jdoy280280991,177
ebcr394872687,95
sxyv078559529,68
jnnx355265356,101
racd425935969,147
nwri044189341,158
xoqk987418556,126
mqfx044813014,110
hejr248127514,110
ngrb836243509,221
kejp433449623,144
ekbw877607857,58
audl294352117,90
btsm806945416,137
nnol894813706,127
elvn659445819,122
kqtz991938473,90
mpwp291475332,148
qryt779506952,128
xppv692689696,148
iwlc040274522,37
efbl990029217,183
tebe679297151,96
uckm430937441,128
cqpr587286765,93
dium696812209,134
ycay793711882,105
igfg818169870,55
gdgh850146561,181
qtpq151622365,59
nytb619339101,244
dlox069569501,82
odjv490290288,77
dkha069000208,193
zzfr056440231,77
swsu074909745,193
bcwf603000017,88
fqbc231302535,100
heqo027995162,188
qaer624765503,212
qaoh521939768,172
hlhe171627722,117
jygh581734211,88
glep419024567,170
fgud247232387,83
fziy268115543,98
ynkk851336300,22
pfzf775949180,129
xcqw881477597,131
ofhq519099322,62
xbgn616390027,238
rctw827297465,142
tpvx864275745,143
uwcd765121224,68
upnh669787055,102
awpp456302898,221
advl955943910,123
enid664313563,182
dbhi370401810,143
kscj132046140,133
buue136544686,213
lzym484050229,168
pvzw580994183,135
cfad095996697,208
ctah598517487,25
ggln955051722,133
qevd627337997,117
lvlk414949394,257
mmsk944308508,129
bukk122624769,108
jczp890006251,105
btqx706209504,190
joav845642999,164
xacq685022575,118
hspm322063950,116
qfqq668307572,120
fxfe770654769,103
zoju597951464,18
pske314338491,183
nzik474134568,73
rrlo920753452,123
ulre406194262,93
smbm423236836,72
auoq176311463,238
gtuo854736150,82
yrog095372471,82
wnmo771670593,87
sqwt814705106,160
iedw623236534,99
rejh366904318,59
mysu809168379,162
muju181262354,125
yost983286704,217
rgrp224572032,132
xiyk728739828,165
yhaq666789262,122
qtjf904179307,169
yloy526677276,162
mcvn691975524,167
vqsu883511473,34
qnsg149020163,138
ulkc765894706,124
fyau014145573,74
yrrm304968118,32
lvvw698891299,163
qcwl517433557,130
gbxv154956690,108
yfcs197942443,37
wkbh890720103,19
wrvs763690619,86
qpda489582651,68
cojh317905873,163
zdfn536693126,239
siox537910319,200
zlff395991933,147
nzgm108216759,178
nauz564784921,133
gjfe618528011,110
wisi633870239,146
ibei176056366,97
hnja277016386,76
eatw866682011,203
ance309027229,105
wjow863630635,158
hnjo398339475,63
zqcw022157215,163
makl463685538,162
vtdt479171965,145
xhdm307726556,147
uuqr517624110,113
wzjc571075223,128
sekt901400572,167
mimg501618270,167
wloa171834254,133
jhjs364948117,97
abin230128683,118
rpve958671156,89
mhsv482036433,200
pnly342190853,26
bels183885078,69
oype768003827,115
oymz699006020,51
vswf210882568,117
dtyh080013405,198
ugia874470315,91
imce459811741,17
tewu533465496,176
zmnl146544808,79
gszu767597131,216
mduz011124858,65
rksi476504985,110
zlza151086068,75
lrfh109107100,137
qilj817362621,119
dazy306268524,20
cjrc537275742,93
yxpo625098790,87
vkgl379331218,83
gupc192368064,221
hanr000190230,116
ctsp923465790,207
hfjo516000422,98
alon282873442,125
wibg975445478,112
utna279058820,162
eocv301500338,75
glym752800776,98
gpgj894296982,217
qhea476488549,167
zmja155883934,129
fvwl119135970,144
lczc180690998,97
jagx745019615,112
xypi573601403,180
dmhl262485503,119
qoqz991377461,70
gccu943799477,143
mdbs551909555,133
rjok127238039,148
xpqa617770962,118
jftf066486740,72
hrki434750133,74
siiw892420636,79
hwrq134949792,77
mwyh397553747,82
gxcd724398695,88
uvlp578359327,143
inxb130834561,83
nwqz955754543,192
azhl704321940,89
nnen266316087,100
fhst465767770,180
srpz229628296,20
xlyu110940746,126
okud329542529,238
kuag478730497,148
spwv997002570,188
mgbq271462045,50
burj440334053,80
ofwj569412452,181
jpks312737016,92
prvd014788194,72
rqiw939205882,81
lmri025150326,229
paxj085364115,100
eguc623790772,128
wfle331046646,152
hlgm600155379,177
pynf648197040,172
sszd530800434,173
ulxc157040526,62
zavx805583971,195
ugen270831323,210
tgyy286872277,63
oegt343034456,74
ymmv452415483,87
myor945425648,201
ltcy941879776,77
xksr681850035,147
hwtv110847425,142
dnai501018778,74
srjg517428155,157
dobk840835029,101
kisj704646416,69
wkns508234933,55
xzkq193119820,117
xwbs644292267,128
beuj273808444,202
wmwo620237513,15
wtib163448407,222
kwme384075462,192
ymcw404814589,102
sxmq906078292,273
sczy262142030,111
ekad349691543,163
jelo693068681,139
pdir065540654,137
armn575734910,150
hzik326389494,243
udmz154077088,40
xgkw587884755,138
ptbr621666420,130
swqm303137503,26
kpbc605955326,216
zcma684662490,188
udff246859493,75
zkdv387386063,162
vyai733529456,165
vafc391630436,216
wazu719747511,198
oobt001977003,130
vraf294026036,85
hypv618124639,144
haog800428431,149
nuly500087999,118
ficl229527733,71
xrna610910098,125
jpqq416548352,91
dcjj953152249,47
hnsn900512673,137
wbgm876609460,160
dalb286426430,88
kilj340774514,165
aetv590613941,167
mgei450309055,129
bkgd879562534,90
vcce850071490,115
wcul761879854,132
jfwp923513462,66
qvpj948009555,99
uikl491091510,141
jafl646647000,138
gfvb415196527,81
yklr066327627,145
dmgj641048442,32
xghs068522857,173
xlbz469948038,152
lakr761680304,84
jhrf611504760,132
ovzg237415936,135
dfoo760104452,172
lnfp310798174,87
gfgn195346104,152
oovw121245389,52
kvco933548933,142
oxfy319025312,20
oupu491402911,201
mjjk292400593,165
blid362823734,215
zkna825039203,236
koki673774600,114
idvz790670752,153
wqws325140884,143
idpw764247149,31
xyew025339693,158
ptte722025051,138
kfdz455936438,97
kxdi659246557,125
clrz788320004,35
xlbc008559541,145
oizg691126337,184
dgxh981158152,147
ucfc226264431,25
espi076414652,137
ddui421234447,141
xnnb444733003,173
llnb511618365,72
igda088031367,101
fqvh265153717,161
yyiw553476705,138
wdqg912234284,149
lpcs434418454,173
zzsj164755406,125
mffh372572364,18
kyrp142473722,137
kmwg452084316,54
uctb985194026,22
wway792909929,228
ohui912667373,27
xwwf272991255,157
pctr276248698,13
odle964260758,178
ifdo087796011,135
vyaj364343982,152
mlyj980799599,219
yokr311787713,211
pqyn850657415,187
vcgq396435695,115
hnud573402199,121
spnx147926728,120
tlyk745160930,205
bdjq292834260,120
dcds980796204,72
zbip593133778,80
pnfd351784630,134
mgio795091530,157
zevd507880239,139
nbya042264513,50
czug829774208,195
clie087050399,102
lqjo369322062,120
vpdd949263618,68
namr116587116,143
rdrh288788400,141
lyxu187630460,207
vzrs982870805,205
cwhy284186349,88
tqha677179281,58
qhoi696661657,144
dxrl758847749,101
bofv367591096,229
qtmn734846566,193
bvjw124757048,69
ntlc073155035,47
xxee918086684,92
tgpu604615065,152
lfhb157950446,18
hqyv011141678,150
wjhb547495946,83
ulog755409265,158
veng336050777,31
fgyt187842733,52
airk995272292,40
qwsx094298036,86
klkl943389128,223
zabp328475966,221
vjir487293571,123
yjqh879530804,151
hrlh887559676,147
tfoe370688920,130
ohbc146349004,48
slis501550333,252
cgqf097454052,99
aege753663438,203
lkim578970224,132
uvkm025217536,144
hoss505105704,187
cnpm288427857,145
bcmw198870239,105
urnp883483801,145
lnxk440069161,268
aehy234323130,177
otwq673739388,78
kiox299634110,218
rkta663766858,95
rptq474010645,132
vrqh533809968,92
aovh846299386,264
wbvu247826141,136
jina376655016,121
ihpn637419767,150
uysa708451211,203
erpm304253288,97
joyt335036732,194
nwin330098016,211
ugei446404961,111
xpgw947874677,183
jptk658410739,121
lkxm043821530,170
rplb678868157,77
qoiq054923014,76
ufap325578927,83
repw938652005,153
qige236912524,121
rugg849868596,160
gpza925526959,171
lihq948208577,93
vrgl039935970,140
kcpq645894240,92
qtsl812793869,187
hxpp804241946,40
khzr502246279,166
cxgl261855359,133
xnqq752562781,103
adik676430530,144
vfdo296696308,60
ryux396721202,132
vdgz273928951,178
gvwx078474047,107
xyvu994211342,115
vuyu065991946,147
iwhf442204428,187
vuld174516032,203
cuqa826872050,86
uyal930309732,65
kiyk223630390,133
gjpj453808306,235
emft153158078,118
qjqc673873546,136
sqyn661087219,167
jzlx800086920,102
fzdq519364954,78
mteg385403286,146
nxqn270421654,185
ftbk958935462,92
accq452230322,117
ehvw826781202,98
noan595873233,87
mdpo295579967,165
mtlq557527223,89
vssf505748674,192
lfra509141877,160
wmuy568019093,92
xxsh405048593,96
besj904014692,167
hkom894797717,115
kqrg162838229,187
azxh939458598,1
uhyh774080740,199
mjra614047376,32
toqb250842891,97
arch811530420,152
cczw781780314,98
rsdl368090291,173
jmeq314808175,122
mjrh659166453,63
jchh165303243,187
cahz369940900,167
eqea220893444,195
yeun065841354,83
ucdq582888819,102
kupy824548874,113
xlxk815586761,119
shkj601836779,111
bkcv112171609,220
tsgk110043437,178
xpts941748787,140
zmgj919602822,90
rfth475757944,158
hdes004386434,148
impm552358876,90
zznm989127780,188
rheb881632602,129
ljid595163947,213
qmck264726855,101
mcnb387789751,108
ssse130836432,191
tatl950432918,192
dyrm101245903,29
arht318769985,168
aovp255957361,82
sbdc641805082,57
vgfb341284303,84
tpsa273201300,93
ahhj706703670,57
vnif597674332,143
puqm800733237,143
ibix526978003,45
skae681923439,117
dkju949608812,120
umkf091247599,51
wtxi764384368,115
dfby633227952,189
oiga382802013,130
dkbx581039348,118
rnny422824210,143
hstc134134397,143
jptr583515630,61
qdwo416477444,75
boly320226090,57
tiuq539544403,107
vzvi801263170,117
ykwi536405221,57
dctv391325983,75
appd193432141,101
gbpa992753997,197
qlgu165871403,69
gljb334344634,10
ngrr953755054,199
caxr431205903,126
fkyq692262283,74
frbr404896520,213
dcmc072175296,100
ortl606519810,147
xbog703596422,99
mrvy893201573,82
otmv224912429,167
uoax437764808,154
fpiz773622272,87
afsw032253642,108
ibcn681779380,105
ocoy543928952,195
plao453694706,101
bcra003243136,137
dwrg715009940,122
iygq805292487,148
prvs159185760,63
ynlh310767741,82
qnlf661370819,70
cwcu741446841,118
umsw608823589,84
qmkr792155372,61
acmc954220734,208
auqq121884741,150
feth036591020,178
nwby355512352,192
bvvi298537483,89
yzui208912906,217
vqrp597731437,128
cwlq374820149,127
ehnm611881222,96
pfik167084300,26
novc540360333,177
ysyk154561579,213
hhye219019214,187
oxpb459018438,90
gnku462753926,133
yxbk739254885,27
xpva904014752,143
roes861857635,65
pgde194816690,117
buwd585339074,99
mntp848067314,137
lout234744195,99
ypso113701961,20
spey069533080,110
gzxz130283478,222
kydb020843838,90
rdmf779080198,170
ehcl469358781,145
fwqj187141157,122
wtxw253240761,107
hdkj460715013,94
gnky574209256,78
rkzy415051291,67
qqzf648044793,92
fzyw265961472,138
wupz472569845,127
aavm876228553,132
adcv392099635,138
euku626650108,67
ccdq506656768,244
vhjm046034832,85
nzrr293406504,133
qdiz116944081,12
zfah557831274,27
tbbw762472363,90
cyry644771683,93
vxxu148225914,40
yzzt542696540,185
wrri964346708,113
dewu325155548,85
eaur513715420,193
fudc156448676,222
lizs140453639,127
wfnx980686378,133
esqb204353842,162
vqwd364782094,235
xcyh007128220,163
ezuu985369530,212
tipz847947390,79
mplw920544748,124
ykno823782794,193
xtfn791977265,163
ctom720434720,77
vvly400456090,117
etso153321751,143
rdoe175515804,125
zdrs093270017,136
vkxb186395413,78
xeeo470731703,83
woxn606382530,88
fbqt319010454,138
lluh662211905,187
pzbq153170240,163
xofz252111661,78
tmnb213861572,110
uqdd884180693,156
fzqk807587483,155
plpr706052035,122
kovf937439544,53
snea207847510,180
ishn299406561,94
aicr958430003,132
ycwl731825549,160
aymq838059563,137
kntj016417308,113
pbbe757998963,135
qdws353421423,132
sekj030619349,152
bpup536939414,113
nfkp770376075,202
dcud054627845,184
hqes697765024,175
ynfi866317694,152
zeob784266668,87
apkt395706889,133
nytn461701311,177
ufef747738614,98
begl134724482,58
idgy315220933,74
qzrn140670573,211
xfnt252241464,78
vtav078124312,114
pfjn040397303,173
xxus249426680,180
zbcs216339350,84
xgpt305045827,138
bqha472882427,154
xwuh575839055,177
diuo905966696,73
rrkf497260554,208
kekw593837446,141
dlhp456140272,144
jjgb504806830,190
nzys678033734,105
poei135687580,62
lfgq216468566,97
ntsz483048511,213
lkfs145352387,177
rbef101747591,185
vpgt555424025,120
tpod651450754,197
hlgd324536668,183
aual306364443,142
zawj660763479,137
cfys075752851,155
gmmn097989786,147
rvjt573495950,24
wscy201397518,137
aytm224677841,168
pyxb864321185,106
rdbi016118021,215
wnut022355302,93
wywh550384152,180
sfdm618815921,88
izgd070241386,85
rudn776430261,51
xktp313680929,90
uhoc750154995,128
yrzf926850479,108
pjec796867569,126
yuqb400103668,127
oube658949230,128
sduu202461461,92
inkk927003325,183
hmle194086531,68
czeo283262742,90
utub452630113,63
xmkg895265986,27
wkmy914690817,105
dirj189805171,163
wpgb326257534,131
ujct197101741,159
cchl911029852,20
fzdt758816838,132
losy350041129,163
cagj364190224,94
geuo206828746,148
cnqq112821067,189
trrr082173645,138
oxwv228673148,186
zesi217564105,114
evif527678874,144
ssul685295999,237
npww759663298,58
zilu192651272,140
bbnp793151805,190
vssa793612365,247
btvb176667866,20
xvij441523694,93
zcwv023640772,169
eioz812261832,117
raqh783678352,91
xibd761176090,28
bayt089153732,123
wcsz768106006,83
ztiz566619440,173
tvzd315838091,171
drxp267042138,208
zbhm732271832,90
uyun053163697,143
epnz418384749,87
sasd992092809,193
inos044904604,204
wlkf728859470,153
rdny742389954,96
kxmi763162719,140
cznn329360135,72
kdxo849671893,128
rorg818443041,24
plnb992722353,133
zqjf727977915,128
cwek898950037,179
qmbn123865530,63
vdyk199155992,189
wact098355699,222
ahkr054292296,50
jgrw493527936,121
hhtf577570456,208
obbr522089026,232
llaz783699020,201
bydh712324869,196
fxlr723196054,144
fhne597568223,206
lbqa402758280,86
gudp623639049,81
cmnb407956530,152
unmd795473904,51
lsyi980225581,89
oxbw856793046,167
xhcz144609196,194
bhtj754484475,132
bwny917977716,112
nedw491015265,143
gezf448692939,17
ydxg987244689,206
gmoz216532568,153
dagf977452306,185
uaqt245019838,96
rskn056191337,154
ktac555450382,82
acgy340892319,153
lwsq965582324,266
ufcd766619570,167
noci358452179,185
zugd537242177,250
vgia279830405,113
cpfm815458784,97
ihrd739329812,70
ychz016135726,12
qqru586531588,166
wfcn705854435,148
rmnl799232596,171
dpvv641405060,93
yfrz761868517,71
sulr178456503,79
qpnk382163918,98
tgra271738086,128
syzc754553820,16
kqqo683110531,60
mlbf473541138,216
dpwh040219272,72
ules366058734,98
utki314744944,115
agyy194781693,152
snhu818066677,67
gbol091248672,77
mvls158779205,83
cncn447893445,151
gglp125004186,62
ukxe820772811,153
ncjb357594570,105
rzka140106983,194
utog653104342,84
ddiq799884651,160
ijxt407911765,19
ypcq793372677,139
pbrb795241883,142
ddpd142210383,156
zujc279682863,214
jvzz084490599,189
izmz842028466,113
gcyr201162515,135
iqtk653297612,82
gnvf677712813,167
wgva794595793,108
uecf341271349,133
yegg704640463,118
prxt350914923,182
pgsv825801045,77
gfnp065225708,102
xhlq090039552,145
ixvy391453296,125
mkpp302632862,165
kwfu638099359,103
wvxj543121294,192
sfoj164438598,77
ulis809574436,31
pzsg322348317,94
kozb792075862,108
ndrk352061075,196
gjdb121670866,180
uytl079924942,111
utyk273695713,181
akmf323300861,210
epbi850868748,200
nntk501970595,180
ammh029929218,177
ccxl975190322,178
ydlj759772329,165
imrp803136835,159
kkni283102635,250
impo096699448,35
arvq298657934,182
hbzq241462038,163
xhpt979850911,123
mrfq421093291,198
psjm805870030,130
tzki551689335,137
zevr695695096,121
surm607398206,67
idrw254654753,138
bnun609044775,19
xxmu626843920,170
yzdf648272644,159
smva419024635,74
yvwp114896849,105
ksbc376698602,83
nrjk467282259,218
cfmv030881123,137
zegc244503262,26
zenk239810683,88
xcfl477423875,155
afrp039289877,122
cwdl560378142,137
rjcu517012829,87
yess972550020,121
gaih403946865,18
ttgc592604034,34
tqef391464462,51
fxtp899721407,140
igyq767188442,167
dgxs800270933,53
bjqm277723448,202
mxwl060648149,28
wkod269164583,173
gduk103299880,76
fmgw486170742,216
pnds362662453,162
qawi381992892,109
fuiw290263784,240
wmzk783784752,179
olmy235699317,180
hcbi282824752,84
lijt018981689,203
niye595006789,82
hkvo254272854,88
bbvg710944152,162
wmfl076256992,153
vczr605400863,72
usqf826830092,136
kcpg601866438,77
fvjk871888306,87
jyfm216458975,141
dhmd768797034,13
glbv231933924,9
zrsm175725062,183
hzre856189289,106
szkl976484907,146
xcyq551430407,101
jutm631463976,157
theu018798971,231
tbfj111204055,97
uguh919873739,98
zeso156672673,141
kqty733282183,187
ocnv765255653,93
jazp344496927,73
jghx947691443,64
exuk620425298,52
agfa904495429,137
dzlq830319347,122
drpa686493872,97
cbpf736712066,127
uemv567883257,195
lzxr446417420,148
kkwm408643147,77
sieo166630412,181
wosv860025907,65
yhgj028015496,67
qsvr512827251,105
uztq204348534,157
bdsk102329422,34
mymj327519790,82
ctal531292161,98
onth034559913,101
gcyq701643659,168
iall075636635,152
pnih941358123,198
zbwy858307599,155
vcdt165986740,152
eydi774832979,106
hxlu601068608,216
kycu582332122,21
mvos025512986,193
rdbb170154052,158
gghy404984234,28
kxew723813918,98
dwei364960569,87
laeq713085974,172
ddpu976700157,62
srjq676150512,125
anor917488789,102
qlwb034002524,78
cldl219142663,73
gzll762252084,143
vmyi904311086,179
iblf970448734,18
opun980122511,172
svct260971098,212
lnte353244658,88
yaue108947085,26
firn775268572,50
kupu492759656,202
qlsv359326350,121
alus351604002,88
frot437781937,109
gtxl095515396,130
alqb926190130,102
rfyl922123379,122
tfqx918312868,212
pyul099208904,117
xvge910836941,72
npgg194752452,137
msym702782436,60
wwrc788599962,92
mnmk603650407,19
svnw284677775,153
pzvb653960910,118
zzwk206354276,203
ycao794860982,20
ubwz210956981,131
sqgx417616458,136
phju533469105,26
pcna775570840,24
dqtc450243651,90
aumx909520799,158
dyea729626342,112
fpey736677354,124
bzlh759776481,127
lset448895958,117
uusc666596957,83
zkdf262791140,70
zzss873661088,122
tsjg199552201,126
vocz622193957,108
mlly020096578,221
vyem502861911,43
kyqs785360825,47
rwjt473161106,23
evgj038305492,87
xtoz009286946,130
nbhj388901413,108
xtdm027149313,113
cags146398544,124
cuuj851464765,218
sdbj781563265,140
cpmi432982353,84
faxb344799626,92
iqjo681902025,135
xcxr279280567,128
jgvu032978312,128
srsm799358656,233
nfsa516841034,92
cdne177121922,126
oyuq194618749,132
ouah017043712,214
hshc385715159,143
fsxt583977558,77
qqka544757253,142
vrnt065570779,37
obca613346862,155
cxdq919532708,90
qrpe929516954,110
vbym030396333,171
kzxq992522837,117
ozqo117680327,180
tlpo628203370,152
omru866250253,67
peyb776365087,132
evxu984613744,140
tvkt633169846,62
sdam261078374,86
oygz097620350,140
wzmg191523984,127
yvnf819771034,137
agbn636090499,222
xygo205835827,178
oocq607674650,164
tdyl558044360,151
tfnw587458104,212
dmqc837301408,140
spbz826916735,210
qfjm276125557,53
nryf896625459,177
zmec037740178,156
vaxf944008200,122
geej465038427,64
txwl171323449,60
fqbr467432841,83
mjbo906634889,113
syvc244494447,98
eorh230669872,130
ebea601870001,138
mxkb517865667,143
vrwy646377589,17
zhnk364838870,104
bpep794487426,199
ivxl302678732,218
dgxf616461351,173
zuoz688454249,77
zgxx725421952,76
trnl334696836,110
uwea310884218,107
dbzl917480789,74
xywy142506978,246
ntft256113729,62
gjvg732936786,136
skft794890762,234
huqi695288837,168
yflb447936386,137
yfgi389923866,83
zxky811961888,138
elot462283055,109
zzao263450240,134
fiug831397201,123
umsp311401939,198
ikrl369200656,57
gbjo365257693,211
ktga677366319,246
ielb108672796,97
rvli327132780,123
qnuz236638572,140
xjsm966796314,118
qrnd234344751,188
humt595745846,29
oqgy201803852,92
mrjq908735185,200
puvj582239585,203
bvee602835777,16
tulw305290330,63
fimr899064357,197
ocqh151955304,27
yytb178935909,75
tqsp122971019,109
dkwr628917133,98
eugl572358278,47
zvoy549812500,207
gzte494185744,168
rxvh995418657,64
fnkf031485019,104
jpoc039577191,221
psas010327035,117
okzj915032573,93
pjfj992795074,114
yjgi858229462,131
nzqh179069938,139
lofi190510334,15
ameo080110229,142
ptsa684589611,70
towu062996066,132
rrrc495709837,200
krpy793559208,83
ychx591144031,123
fhrj775819238,148
hclw249582481,129
idhn852480819,84
shfk664904494,158
pqwg281908498,96
orkr893285191,138
weyy384593768,253
mact755754210,157
ryqg355910983,62
rmis053639323,138
rtza176686006,108
krog064144200,155
qgxs529914070,26
jvhw620821025,102
pbac323539688,98
ncjo629369244,138
hmzk787887081,18
eycb718837854,163
xqmq036990451,172
obmj373031522,218
noag628978011,60
ikhp435158498,142
terq315566653,72
hnvo708796550,24
qaru159358224,225
ywsx516155127,198
nzcr952344415,68
kpco845027297,143
rnvc030959241,207
ghzk769614060,88
skoh504232741,68
gdit919288828,168
ujmc878031005,108
vgpp339661320,94
jmzf475878551,123
zbrj679473046,128
qzmr526767660,184
zvrx226324390,133
bdlj244755703,127
drco868097423,164
exvp175615766,159
jyhe362788537,192
uupn566311287,78
wjld902786037,143
jekz073566438,149
bfal072228723,124
eaxy628363992,105
ngli415530865,102
crxi343328771,89
sfdh129933572,188
leio461536174,92
oibn788204787,235
qfqg510847124,151
rqqq581362658,176
vcnm609360631,145
jgic868064595,54
qqnz178337086,112
ncfb280567708,113
ojtj869787639,75
yiuy815061054,103
rmpo101379398,72
ulka401105612,177
lmqr538162370,28
invy463516919,96
naif435145095,168
aoxf722882442,51
rilp246553329,106
zdvo775356065,132
tiyc065976889,146
cood815350899,123
vrnh319877503,223
tlmi792767795,148
rqus020048266,165
fiqu514852613,60
chwm737299798,88
dnpb349034653,95
uvgd981103818,50
skar244791422,184
trvl317919771,133
omoz375612638,58
aojy502636702,37
zhjl476671500,21
tsbn413226572,105
cssu734802309,118
huui695949359,34
dxpw138794880,37
msqe463705113,122
xzyr496016767,220
vwpn749032683,85
jhhe257501197,113
tjfg045253427,128
txlj001636854,235
pxtd165902117,125
pgls520285367,220
uxkg535939125,17
bjzz384004381,77
aprd039444420,118
cdgz889278707,114
rxaj683740742,170
iymp939024583,112
gfjo232290488,142
qwmh144707871,143
vhqi835557353,68
uwis580335375,163
wggr118618310,146
owsy087423132,97
dedm133953264,88
rcqa817728969,132
qutz496405438,120
wizg207744673,175
vxur121016779,224
brpx666997593,216
stef841907019,11
vioq753155432,95
zvpt238889438,209
dgou377052892,212
xyhx938495114,206
kbxf220818376,127
wwov937053133,146
fbge038191249,174
jtbh288132359,137
qjpa146608727,63
wmno649005229,62
gmzn860336085,94
ftdf300504063,71
psdv934663274,201
ztni727329332,223
yqnp795117362,134
ovsw953911335,56
dtms399122184,72
brxj812073228,126
wzcr494038425,227
zbbz088981512,84
nhgr156858586,97
iegc493037751,100
fhvc616432580,122
xcfs423079621,144
ggrg161077069,67
tgtl103850515,170
dclo232045784,116
ktkb039216394,145
rnvj071174944,105
ewby792147160,77
oukw922683122,165
npuo660739362,52
uapl129670896,86
icss554271823,92
mxik699870005,193
xahf628216873,17
puje586221420,32
ddsc471670071,117
ssgs841124654,227
taci120727255,88
jihe180606745,96
tiwx994154153,58
vqos448371563,167
zznj919238794,245
qgot310009298,153
aqrc122176188,134
zqwx079335661,32
ofhn516699520,130
esyw330128586,91
fsmi444501076,239
vevh118411017,103
nmgl512159996,87
yvpo404121250,222
inta521882191,61
sknl361241032,78
hgql282542665,71
vqpb254330454,26
degr021834558,133
kinc542802063,98
rley135128343,147
gdox800278766,152
aotk945659321,115
mpzq193506864,110
gjkx092137046,176
omvd086786915,151
ikpo432270376,187
qpru149384353,22
tsyk126174640,88
tkqx912467856,136
einm278796358,136
wtaa310265263,132
impi992363257,137
tfkj306385926,189
cxgm999801052,108
wslo805861808,140
jxfa422365074,118
fumt858308293,110
cgud027808797,155
ttvk220701804,218
zxgi669085028,93
uvdh995127506,49
cxlj168928511,214
dwra898564743,20
kkqp408531429,104
wpvc078286389,211
lgpr411552255,125
xjxn013557125,74
dlyg771416066,97
oada207583994,177
vfml545198621,153
qkzu509599586,117
inlh169384029,62
cqvf666442918,209
sbjp632747598,151
atre445476415,200
xpbo503470081,66
kcnv548703361,99
ogsq278685708,240
witf023615304,162
jyqj415229531,138
dmsk844297844,88
pksv293025223,145
garo878411916,124
okdy956692599,150
cxkz278966765,176
cpgd103201716,138
fjyi227764662,72
fmpe882188274,140
nkde482285064,148
odgz265199909,47
npfc654517020,86
smwq134149662,80
ybwg690693932,140
stcr006806755,163
tapl970363752,220
saum044580209,86
vkcz632563789,118
vksg100626544,19
mvpl009654764,187
cuvn026839996,226
wqpq761061515,209
tais950184525,37
ygya437994720,220
smaz116081857,189
bsfi052384846,268
enri450494062,54
hzsm361311061,102
emix456531173,187
uojl898736217,145
ugeb025188133,97
dtzs077015277,200
auad338728375,176
mqqs850766570,188
qncs412122443,82
kepn348949314,143
wooi911656737,244
vwil453300802,84
igto006641062,155
ygxx672858608,27
pqrl555793775,107
snit332265391,155
fumt665648101,174
nkhy351534690,74
qenp660643292,123
qfmy064911874,128
ucxh299167507,72
ctdg315169109,165
vvue231041310,92
irts174542211,177
lays561359928,80
suuj945532063,205
hfyi856234576,77
wmzt454654178,129
xptv602604773,134
kdoi749308717,55
fqbb217055494,93
xmip518164204,87
qbkb252363734,67
feru635332340,125
lvwk495188066,129
unkm177794816,86
xdah783460945,89
osez810303245,148
lffe175419676,139
vzgz484379416,144
auyo103186470,210
yapj085531572,97
xiey463962030,146
wayc433806474,137
brsp138703855,81
jhvd885484569,98
znaq525848611,193
mfms542523649,183
ntqa574155446,72
vagk282321217,153
pmnf429993660,128
xoaj324084544,104
opjk190252636,108
ymmk505299220,187
mgyd374838734,93
uhne071176544,143
lmpw581592516,215
uila905850519,87
rcso028240979,59
zpps716045078,127
jkzh372697925,113
ofgj927652548,30
xhme439048664,102
ojxh383836679,162
zyqi102181378,133
oyws295138476,157
cxvd133693964,119
coka448113567,172
xini691586074,132
sbht269320797,198
rwkx760976976,128
sxwz698905442,257
zkqi058980465,118
tmlu987874941,165
hrjf444396587,73
prxt481711644,27
widv687149765,89
eusj311861071,152
djrk815210722,122
cjgz554460850,99
svmp678252442,74
wboc224184307,115
cpii045567932,161
rzxi172926923,73
lvss866151225,220
qmuu254981257,96
plty820232073,52
jybe497283054,75
foyq895048327,146
irlt349481815,31
xsom172403792,110
vwtc569446089,232
ykka891793194,146
cino379834334,175
mwfa804460439,181
txpc670469337,92
oifk679853272,204
dqgo624546930,122
eshz692112293,164
pmyq311667264,146
uqwl956599056,168
hlsj144272347,220
kcln965804801,65
piqd658725028,80
gthi298779435,87
uhzz104989960,73
nffx370526208,92
mewt871099523,159
fpcb539240429,128
dams615026578,118
kgti461197070,82
vppu454529572,79
urdv226213599,124
cxtv063245234,209
zmvi017713667,212
lnll654439737,191
rdhc131315007,142
cnzj238909732,181
exvw361329215,111
jtsv828435645,79
wyot656138451,71
llbi438277400,88
msqy545881869,21
bzrn053286078,99
hkle685707911,28
afgp746946194,126
tmwy276144495,151
wwxc462052134,162
hvqc805199304,135
euxg770358866,177
elsg835291442,198
acew949155820,167
viwf428290017,201
dkxy390365412,187
hpnx104710295,165
cjho394349723,72
uxbm387242722,151
pejr016461950,138
goqa343235175,202
qoal881149457,34
yvoo274974201,242
bwor581840042,124
erct887772140,132
fcdl102409456,245
yhuc098535990,61
ksgb971383396,154
igsi576423213,108
vvne535102893,133
okbm411749537,107
hzqf032717172,28
khpv973158304,137
dedb951272088,143
frxv353311077,87
fpjd061937453,76
opat562617623,134
flav248178466,163
mwzs247660287,139
ltkm870320813,146
momf531368734,259
glhm878533233,115
jzrq910527389,260
sdut047142527,205
stez663786593,142
lsav207811802,88
mcax123200239,153
cxdl352949745,29
rmcn943344389,202
clsu192700726,107
fpdd329740214,210
nmwe369074336,113
vmnt308795691,98
iyiw782058133,103
kjzl218401575,133
jfwf299088767,154
hyjj560752092,36
izla017825619,117
etao304541989,30
qwti072845126,50
pqbg286415667,58
fjeb392171785,103
fogr758725255,208
zzvr964517684,158
lsit674172822,77
xgxu748579753,108
ktyx669448951,212
ajgz652829522,128
wtam537777999,75
pjfm817409173,187
yuoj690810061,92
avbe694455556,54
frhq795038436,122
zjff035106377,161
trwc470220494,200
cajf615675658,133
ewwa816941016,53
vgvt750133473,191
toke517242520,100
xtvg687185527,107
xjvb983824428,234
wagj693328263,73
irip173553989,120
dolb410546503,39
foov914062343,113
hebq671201151,167
flcw452485343,93
xpxm180012855,87
dnva109898087,137
alkq951419967,108
lnxv709397321,62
zmfe539047459,125
pvyw347898347,78
wwwk666038648,161
rzmb676188679,179
skzw050871619,130
pwqk191070347,150
zvjj138561122,90
sbwe260958876,103
tldc204671119,60
ysnm581080917,56
nzvo992615448,72
xwje221847138,92
vscu549357930,135
kvvx658240160,133
zxgo212239701,134
hsmm693648237,158
hbjn630928381,63
ukrt997168017,174
gllj450692457,131
cotk461791489,153
jguq748952620,105
odnf963885030,72
uivj406940089,113
lsci942511728,140
goed355650156,85
upcm983935903,148
fymr899224322,89
zdfh076201765,88
afzq884992480,254
mger780641834,73
hozc308383530,219
leum727062677,77
bdze255124981,144
xkkj322856181,258
ievc231722020,64
nuta862892594,128
kjxw105828911,133
blfx506276413,115
izbs673510494,97
vfmi401167012,82
yeko520558836,176
wsjz228741528,60
uagp150193900,236
plaw092730205,97
iiiv812849170,172
fyzu760139303,112
vukm727763845,150
wymt228889840,179
pmfn903291620,155
cxzh730094584,109
yohv393079068,132
hkyz549038923,246
clbg042839171,243
zoww039546925,76
rkzu120873469,139
tdkz968718818,191
yseg007856175,118
revo848799476,128
lxqd896787919,71
fych136841365,133
rpgm542793380,110
blwt533611656,77
shqw358306556,154
fvza809682393,120
pdgi552172950,176
qeep244632278,83
pfyk383540170,110
ytup671790555,252
wfzy869543593,69
sezw299294400,133
ugpa449811868,155
yznd893988058,180
fvsr935047996,139
fbxp453046329,155
jlsv816160080,113
apqq921006912,137
wytt245943528,177
pwor311361207,59
jnbk751106789,161
hbkb355349024,122
cxku317860532,217
iaeh197494783,81
fpbn859920781,80
mqfh263713062,125
cnrp994636102,135
jbvp002580087,190
lslb864135743,120
tlyu069610755,73
lenv993116465,207
frps599709370,101
svzo820725442,142
nudj930250051,150
ixst971426954,143
epqo617115133,15
dkvz876862315,83
ihnu514962174,228
dfyy949417213,82
whgx380920226,113
epuj428385727,11
dqug743314878,92
lzhb104348126,129
arju604853928,108
ooje201020639,111
gxnv247389344,97
wffv815098769,120
wbqj263224357,137
sklp754030031,97
jhdz401208411,99
qzfb876735492,36
zrkh519266346,15
dysf153025141,93
jvdk649608100,73
zdoh092529184,139
wcnj766326897,183
jcpe013381421,24
bbjh476504021,91
zpna929052066,152
ccnr488509764,141
cfhu822617281,133
ywzc578276300,58
lmfu333544668,143
snua054998769,145
fgll449582692,52
elqx886823325,82
ppwt798233873,83
syuh622853946,125
vjul560631263,65
jtyb665748468,159
mcei556826843,188
hbdf372141578,143
zjqe503133734,97
ouxb500741833,136
yway073344258,157
abvi471090977,121
azwj852419682,142
ujkm991785427,124
sjdf533179381,165
wbmq596917242,200
xbwf008704744,152
gzfr963529858,157
yqva164231827,80
xyyn048982179,152
sksp633257690,194
zttu486770955,194
ynte151163121,151
zxbo544001121,174
rxsl236260538,138
gtpq528213779,126
uizk791300650,150
rnxe169236609,82
dhpp321348306,155
ywxc087983672,90
etbs054349621,88
auzn384622842,226
lucj930993614,101
scvv475405382,93
gifj074075379,163
ykgc916196394,23
xlrl957758595,92
tuja213388049,209
ugdo005560853,74
wwrv654597561,248
cjkb682529361,123
jxwt554960674,241
hxnd770326699,26
wibp451597141,115
vazc972517325,59
rjbv743033535,105
iqjj263514185,140
hkba780132159,228
xzrq117276316,131
rmgg309463866,22
erom032268806,188
sips829228298,115
ggsn961999178,76
ebub567728147,113
tood644099767,82
sfpk364532425,74
xvjc759887428,19
otjo959037883,87
qoij311173971,101
nxqk892136794,137
hsip294182703,187
ngsu897137947,81
smzd684277618,29
mooi657427666,138
sosf656040702,75
xdbl711015567,150
ifyn279522165,130
mkov854924222,94
pxdf760012727,192
ntih719509116,194
xiwb702665854,210
txxd433335739,90
nnmq555289643,238
kkas549034701,137
zadl014265107,182
zsuq188608410,130
this990144566,133
ewqv824715436,132
zxzi952698988,126
rbtp001288186,110
bwel617270958,116
uwge797802975,134
ongc321368056,102
fyun381887108,142
drjt166777414,132
zmhw900208294,134
bryu592650833,115
noiy239222342,202
arfc267340549,167
tiaq589250392,173
ozye885751471,19
mhcp008782916,133
vznp434791739,88
jgxq160749194,129
nqdj107406558,144
sxrq110429513,244
pfxx834463999,171
xhyr775897961,132
qapt620065284,152
tvsb800453924,73
lstm049022839,92
grub684768543,83
okix690008003,118
qulw092600442,54
lgyn057448138,123
cdzs984508907,199
runj694291013,142
cgiu577086946,147
xhmz350207730,110
qwxi288156491,169
cxgo956698634,210
uapm498072264,29
fvfe453030866,268
xdrz587067698,120
lmzk613084829,47
jzya092433050,265
hkla765060049,173
ulnx402543278,134
atdz954767847,103
tttb032680092,164
wijn103120809,97
hnda340380881,238
dyvz726449687,92
ajtw186321400,86
wntx498838027,189
smoi764457057,122
asxx347950179,144
thuv275988997,141
hpaj797810080,84
bplj835948432,174
jule342607051,119
ynyl993310512,137
jjzp750329111,238
nauh491274929,177
gogt040760934,132
jpgk726928435,162
jgug607810044,160
xiom039139045,138
saok722128794,138
rvjn148683221,112
bbwn409214373,194
ommm913046409,147
mrua249096824,102
vrlx296809683,212
rnwi830444372,208
puzi338686291,112
igqc072346620,127
tmtv930664475,162
zczg751287432,156
gsrg157617382,131
obks678672530,265
jxzq088677580,205
vpms310313920,103
wpbq406676690,157
stkq697878098,194
kjsi663713414,125
lzbk119661412,115
hchf724621040,87
nuuk484279006,20
kevq551132022,137
lhdf669070518,112
vono465054940,62
mdma084182397,73
gzzm232598599,173
wxjv217513086,99
kbgu722652088,108
bxbe506215400,175
wycn517797467,100
zmge462629513,168
jkuf804144352,148
keon996101065,52
szmq319716340,103
tcnp791589992,88
tnhj311823173,79
ghqw690657155,73
qsze219996675,64
fmob112211929,107
vaea738131812,200
qoji387811100,183
qrih193610931,217
kdoj635328532,30
psch179899668,77
dlbj662884017,42
qwob207561222,214
jzhg651996027,144
jpnx568481348,164
krnm443650850,89
voun300113352,116
jjya299810159,20
ppwy939118496,97
gkeq989550992,193
dxoe380581524,150
mnxn884371946,116
hgze187877036,237
igfd148630989,83
eqjp450810876,31
fsxb492661748,58
lccf694383483,132
uzxi564934786,129
gdcc440517225,21
oejm902436677,135
bfkg618654707,183
ofzz254197880,112
syrb504533999,181
wnyt916507616,123
ywpy115272603,104
lxbd042201836,125
ubra295427339,62
ozfn023859974,207
styg587460022,94
dbzs987064853,87
zrof829886012,78
hqjo638987385,138
exiw191810888,202
upzd230219093,150
nxra247275552,142
jvvs488718852,132
gepg093716321,120
lbmf598197743,55
jwpu705140378,200
iyck095436784,82
wlvm828622601,9
gcxo578418810,64
vwhf667795438,15
tdgy050946960,97
gbhv126827622,102
byuz199136633,27
nyke981152863,22
vndo369529097,82
yxhi412775541,140
ucdn332008537,68
ynlz824240565,94
yszi684851875,97
fxgs203063170,77
itoj919408215,99
smlr911913855,155
mtyg952021330,138
xszz110938012,128
evlv591279627,88
zpdc490312124,111
amcm307073133,126
yxzp714134058,203
nxeu998090838,118
hxww735374363,249
sncc435123357,138
wifw873430412,136
moyh760051262,108
owpf107206045,140
vfne967982955,88
ndld278533457,163
jijq741574955,121
znfq015542933,129
gbxt499568558,97
gghw566502663,44
ppsx954907454,243
zdzs945116149,159
xorl336188004,52
hevb265031822,132
nyfd228350650,159
zfsw922890913,255
qysd279509654,158
lrrn777743168,149
vrav842805484,218
irez683551065,79
hghb685232022,87
zydl132971734,56
omow908876751,148
xuit339525418,63
qjxe906305492,157
eukz429725395,141
wcme565373266,185
gbpq630485976,29
kucj688633722,167
dusj709972309,182
whbz695724721,50
hpqj012278830,184
wiru450325550,153
nbmf350870972,54
ooqx085495219,173
tlzs262718274,132
nagz251497461,144
oetr951770082,97
ikmy968029348,179
nrer230346234,145
zgkm251317448,132
kaoj810098995,28
eqwq850498922,55
wtsi239669653,190
byvw299869734,204
fqff433364747,98
vnvf973199311,190
lexh561348137,163
ddzv949486558,147
fplq336504367,21
mrjk286419068,160
fqna861393589,178
twhv487293915,85
zfdv091777071,123
hucu612316176,145
dqpm652217306,117
cfwx749215851,122
qdmd977975441,123
eddg433605983,134
rshq423827044,172
fmsk647949881,183
tenq639481743,11
jxbk775540671,97
alwb941174831,86
takm498174084,68
bkkx967867895,136
jnwi453180585,202
jsza800558769,196
twll709571789,134
zywr074190982,78
eycj408795668,43
xtyi495248689,223
pkut225116952,175
unvu682651092,219
qfcy053716228,114
mpnb283435211,167
iznq032796718,113
ifvn769224573,47
tfls218616649,15
aguz904175473,162
hzvn205168642,75
edfs098823359,110
ixrr607689292,117
vmei565795486,135
ottt777399554,237
dpta205888457,201
dkqw733112801,82
rmlf130808063,145
ucdg721184654,95
bpms242111736,48
iojp077445648,203
sjuz261693398,102
fxka760167152,147
hotp148764022,68
ylle902374618,207
jybv139687483,186
dufo978751909,138
dyzj190479466,162
vtee609819032,158
gtgl343800725,31
ixlp830471710,50
likm769613260,92
cdrl505786345,177
gprg857012179,123
itey939076802,168
nuqg462131494,163
jrmt422770170,196
quqk349162459,117
cdcp647446675,180
vksq962131848,109
bxwu675591328,93
sbxr568946853,27
nrvk990241058,65
ovxv288837508,112
igny141723579,100
birb464226378,88
jvyf566091524,166
bzxr793741775,127
trnx574478020,167
crht420988961,74
mgvy293313798,52
czbk447524604,134
yymc129351410,93
axlc580328689,176
ajvg517178594,247
yicd709389287,79
kqqu667033761,129
ycud923758836,180
wvqe940927122,133
syrt531722470,184
mzzd808916566,114
rvsn087371807,170
tnuj286682651,53
ftor244804946,67
nqvj271537384,87
eqxh200875384,103
ectk718944481,160
wscn900297434,119
ckyd140968560,58
zymr446184038,128
fsds525490619,107
fxxf774966396,112
efbv094320974,104
gcdg186238701,73
tnqr480275902,128
mbhl506357488,165
chyq620541252,183
rths683415795,256
rstz645956741,142
tlmi896122254,159
piqo714764612,31
vgnn056259373,117
uthp309125815,37
xbiu995313594,187
mzdb354214256,190
dbvr196769299,135
gpmz679479522,159
ueig586903168,47
nwwm842087125,83
nmel911848032,83
nsmt599494333,119
dkav222497595,197
wzui219792019,127
sqoa331078187,107
kkzr928184130,127
kzcq628805577,103
sgos890553956,179
uwql387334351,141
jeqy421755046,203
rksy603370888,111
sxdx277393094,141
mzch509362663,117
xoes842486011,143
taxt638153892,201
bzly705064197,167
zijw218893071,192
ipdw730274885,236
ohkf469027492,13
fnqu537798187,195
rqts364584625,109
kvcz166491796,52
rrnh216257470,99
mteo720732343,40
dhsc528296331,248
foqy931108551,128
xzby295152168,83
utbt370819884,144
njso136030798,203
xscg582630316,78
mcap917327399,145
pyag925509918,149
zixq123413307,66
bbrb947628524,109
tqba919496492,143
pwtf697657383,121
hcui829983509,98
pswz823995683,183
babh900313200,63
skxj212048389,93
katm135332118,106
twec761440183,140
yrog501626168,73
wcmx657088824,76
qhlh227460627,185
vqbi963026570,243
kvhz604281505,124
pgya291438299,240
syqn000566609,213
whsj398693560,117
okpa149993280,153
skbt736552727,150
rrjm771243632,135
zrci549936722,121
tfpa917587761,70
uadg268728900,205
ilda389749271,87
ceui034729353,77
kfta460042349,17
lvnt175615248,93
jnnn967637798,166
aewo417521773,110
iphv304904196,106
tbsr275447599,57
yusu347196532,82
ospu635170231,143
graj594710774,33
krnf877303948,131
mzul275119443,133
iyqp200589187,144
ubha734377825,231
quez127827145,102
vugi885555410,112
cfke035220754,176
kuxi900317544,129
mswu038400268,152
ihzt245064030,158
kpju767136721,143
terq302227521,122
thae216272296,207
puor638615749,98
xdof677140444,87
osxb813761689,160
lgnp677263436,201
yiwl273835416,192
hzhx981033349,107
teuo495863117,53
hptj156439251,155
uigf462320856,177
usmv514550081,112
quxv408589982,228
iezg288889349,167
vfhr196294818,162
xggu422213780,159
qmkg717374367,117
svaz245949387,158
qtbw862709467,235
ilyl007967283,100
epqy876867355,125
pfec473030052,113
hcit845887647,77
opkg543126416,35
xnut416555231,78
bcpp802542009,67
jrhp861029495,187
ahpb890775265,99
txfy237711583,111
stcr492336543,138
emqc714354617,77
asuj408617671,37
vrex329922325,87
vhqs412682185,108
hjke425912504,68
kxuj354929120,174
rjjv035648074,119
vglj422527298,92
gvgb114251680,133
gema603832557,197
gtnn003145161,126
fgtv228564784,136
gemc738622446,105
wsce513355776,241
luub762541586,75
ghnk344399765,118
mjil646550687,159
uhkq534152734,188
edvq628679858,111
rsag883591400,95
euov740148063,130
pksv411665161,71
uytk162540441,85
cwja636184741,77
mylj196250632,74
slvs805593603,130
ehzu427474267,117
ojsw942545421,81
wqgg304064125,219
xlbh534491059,78
bwtq922549564,83
yhdv097687085,223
kgad872432626,126
ecif323908521,130
wqsg196536180,73
iabv609613798,115
pwlb682095665,89
qank181275576,120
veqe996403142,172
gcts787652735,147
desr792822677,128
ecbr637836582,70
sgua396868339,26
cewm528633352,85
gwqt395495877,38
uzvu452554933,92
ajpo799627024,190
sdad316586868,148
adfy888496633,91
uwrn819061716,24
jkob017341574,146
sfyi432597123,96
nujo448280957,74
rwsd957685359,10
lmwn813729997,120
rtdi662697413,143
fzih136908617,130
gkgx617376328,16
phfz104040560,128
dogf869138642,49
qfrj749367272,89
etfw210622764,167
zvyd010478818,229
aofo547687840,107
yktz239020102,148
asfc297548679,73
onpm594984954,118
vzyh797599141,148
lhem148111647,155
yvnz160059453,180
lmsy246088843,35
jlwp795312355,194
icqk277139182,163
yhey321875636,172
juda665565409,123
scfm213333953,143
qxdf733853473,157
nbkr092142196,74
gfcj899159345,106
ictt438712890,140
qegr111735818,181
tqmx834289640,133
xcyw740126289,73
dbcj590506042,113
zwng534607592,223
bzbo055691492,159
sqau569481916,72
hnrs254147626,46
omey196578671,147
drah040595646,145
tkfk294839952,22
gtkh171935869,134
vcwy133012432,123
vxir210860589,158
xyea802570626,96
quqx542148214,109
wbmo014166044,84
apwn701267106,163
bwih815497314,88
ynkf849898936,74
ryma268770427,83
lgff497818491,14
fttd828516474,168
kssz255190006,78
qclw012155217,122
hsvn599430068,92
hvpe659779316,90
oook771011432,52
lwab474390344,67
ureg460251912,50
rjln363755749,192
qypg944677791,142
uvlo553114878,177
pesi372178140,158
zejt800893242,107
nsiu657160548,102
lhta698976892,78
loys552600134,70
hqgf007161758,118
divn686570524,117
sbmg523628401,233
yxez166451405,108
qlpd785711358,60
ygux736635249,171
tfwz830119025,86
ojxi728729356,149
wzfu230089444,89
rxhy145304960,265
gzkt691017226,152
ylvx616787623,62
drix495674647,122
wgyb089788246,164
xdmn373200069,95
agod908214672,16
evxu421725172,183
tngm966383797,119
anch674529926,112
eqpa180791219,143
ycxe525837544,215
msnj088276941,113
wrqc205543676,122
pwzc079193424,209
zmfy302009946,228
snex902777923,112
xezh420060838,62
szqm495930524,111
htkn373801078,178
cnfn581369754,79
derz738330059,112
zmaw567281114,129
vekh998799412,124
xvte666382961,90
hnha006399231,94
deiq873321111,188
cjhk414294530,75
tvqj482856745,123
nrid516202395,162
tccc587150823,123
ernz529124172,87
qlor466719853,123
ioen772970946,103
kyok633376595,124
ndqi252549533,93
dgwg859078855,124
uvfl271116178,208
npay696105874,90
ccrm067831964,96
kgaq741399055,144
qacw531713353,102
cwwg701038216,53
ndqo633373477,89
jgeb418827582,145
oxib129896977,95
aejd159751885,94
qfco736678145,100
rbmw178689152,134
hstm787752151,78
shkc907645311,91
kmon215269430,212
zudp081515799,103
uhvv488036515,191
mtck680289906,142
qift258867106,20
wweg132201035,132
mogi510834671,102
lkfp928924830,238
fvcn197314691,176
diig821213816,55
noqz195007221,91
iifu295142494,108
hcun762076064,105
fwdp600260878,146
jqnc959451522,48
wqyj183005825,108
valo890325429,103
jszj144513133,31
coeb919829448,176
bkye812284353,203
devi951778776,157
rajn107337008,35
xigu516484299,30
zqkp225224737,87
pkty093030355,222
tntl592977105,197
jvvv970586328,95
prrz953316080,45
cuua000583789,83
burv419391377,97
nprx178976099,112
uhvz645249492,67
qrtc023496456,70
nkcq202684713,112
xckm814999470,84
dshk783743547,129
kwqd776233935,179
pkrg540242604,107
eyqk256786365,98
yowt711155330,182
zkxt178763782,167
hkso195378865,112
hrct875088693,177
drcr835765083,133
ijub023209285,72
uyeo431716232,127
wcgo716735522,187
dudh860055837,169
uzsg546842133,186
cjqu270126486,136
xyra861658634,16
rimt218972517,196
ufqb263973146,142
cmsv924016136,145
mhve925152676,183
iovo518935661,128
qxls217077415,154
vfrm732524901,228
exna142928220,122
ktox186568882,102
rlrl381234485,132
nnhk136632310,87
xuus801015599,135
tpsl879657132,72
hgqe160344898,188
cekk672369587,90
xzgv173955880,91
ykph104228309,214
imvi915586675,142
yeak884286010,74
rucx305072117,200
fnfj858578851,127
zfek821316442,190
rvpp666644927,93
crfc316556140,193
ylxa722302209,174
duey350408555,219
qxfu042992919,49
fkdz130196221,82
gwzn250204054,93
zphh547879510,144
xrbx674363177,113
wuje420980012,198
gyng727624223,171
yhfj911591613,173
matd707982331,25
kftx355679282,86
fmat791714698,113
njqs426938976,262
uzyk660052320,31
ncpp868073125,139
yqbh405681517,101
broz062267660,108
qakj417077233,167
ncdt226272160,157
rbtg830966793,78
flmm064673408,83
rqqa601683377,233
navc769622804,129
jysi770515530,110
yxvx817952532,38
mope411278455,139
zthy159475434,32
jysk150045683,121
klvy799014109,17
ezbh648863877,32
jvte374854985,201
omml534315429,97
qnec411812170,195
hnqs775547423,181
hgdf817494210,88
hsqt412376641,114
obfh614409478,108
xplr660312004,114
kaov083972582,117
itcy670556705,88
kcmu116689219,75
qees302314143,78
ugjw967538968,150
cuea140622083,18
vyaw055370504,132
nydk571715754,111
dxxu171623513,30
hjsu301973901,137
bsgv191585564,82
vzyq792120675,89
tbcv502822308,76
lkgu052277921,153
guwf556346241,133
nich763368358,26
sjaq416259539,92
cixr373324277,19
nxvy885752704,132
yqnd046488193,160
nrwm445640751,27
ngpx216223802,139
kgnl089680514,183
wgjm548054394,109
kuhf219631225,24
jaci979233337,169
orld834977961,11
wxto050330190,176
fhfs979706075,173
svea140595156,106
oqqr221342478,180
ufvy008009323,79
iutb646119634,50
sode967358024,144
deub162191633,93
tqaz238230877,121
qtry133857933,147
ojmi034156797,118
jyfb084585166,122
qvmo427825350,199
oasl700098110,122
ompn004570994,138
crix919885083,136
oyxl296589511,137
cuiw911715335,69
jfjd973292964,132
nhbx524263535,137
nbqe921090666,137
xbjn986518885,153
mdws534784048,110
cpqc729859461,142
myjk139959541,86
alag259381074,151
alrg692296629,19
nifs704126107,53
jdco063921079,98
uvjz062787373,234
scka454673514,74
wyrp479994498,150
pbii281710203,23
vldm347453438,83
xjzr921902824,167
xajv560730653,77
fdbq459891744,170
zwyo524518227,26
ownr842177668,146
wkjg175606608,243
tiqe024508860,97
rbfn677773581,171
kjal979882916,207
ijxc486100114,115
mpyo938204338,157
sihv998158202,74
mlnj899014906,65
jbcj606517643,153
brmx738058250,103
sgea306291327,162
cyrc691029044,102
vjoo410649960,50
uhcz005201933,133
yjld413434531,139
acxb886378425,133
aabo151954572,212
ivot096540312,140
tozp656166156,143
zelq053272257,162
zcuf752106295,83
nbxu389583630,123
milj541558432,50
zcjo883682431,117
ilse030322540,112
wyli900821104,44
pzpx627658286,163
vdli957505470,187
xmbj058456119,111
faav081396855,138
dkle439437143,140
nghf501831811,186
gern912021209,228
ihor387537704,136
pczp046955880,193
hgxw045232200,101
ucxm878154390,108
illo601281873,157
rcew361651429,167
yxny917723852,127
cqgv466592344,152
ffbh372401903,115
zrgw824349373,24
nmyv383221015,72
jtjf640494774,136
yutf730316949,103
nxfy531448770,80
rewg437566467,132
mfxc413232725,17
wlti337089359,139
vylq473497022,84
wjjl258066417,83
euwt699884991,92
bluj913410554,271
zbrn646735678,72
gjhe108486871,52
emsx540656394,137
glru684519777,113
ubno471054583,35
ocuy673167854,63
ekky480083748,165
eydi821801216,126
wejc388924541,39
nhie804010300,177
illj556827069,115
nvbi879886647,158
rccf416622433,212
oaic025226312,88
jgvd589775932,138
frkx677710763,111
oagg938559565,81
syvt974028702,180
ealq049268168,190
pjnc583630280,119
iash957225438,163
tbia968566494,200
elnv479630016,78
bwjg598031514,18
yixd646306749,95
hohi835829256,25
grun475135243,117
arqg177458586,103
knge151257440,162
fdmz977521058,170
tspn563942465,131
wbuw245719936,130
vvof778508029,171
upnt798876067,179
sjzu281455425,71
hpzj229781839,97
gpqr735209358,78
krdp994164584,162
ydum187000363,182
ndmq367361149,215
gytm420410606,192
povy703775629,104
krsi376796238,142
cnjs885991793,130
ovgf441412965,172
vbns242738108,222
ssxq185441877,85
nary987309673,158
hais019380783,125
ljnv231960130,141
iijb632300301,63
iwfp451472217,133
xste335277613,82
olrt322885344,87
qsvf157857226,144
myrs619819777,113
ekbk572647748,169
czxl618797439,106
daqc256498677,106
wkzx665900111,29
lviw765358918,155
snkm475345819,112
pbqh899516153,142
bulw878141846,187
tevt553528967,107
mtvc132431220,242
xjlf467712557,28
pevu224897944,108
tdda959199837,134
cyga872040977,129
hbnk213579550,19
mqom404271272,61
dhgl730067904,77
jnmu143378476,92
andk554363662,188
zuos457048040,104
eyhi411597126,116
akjb692987756,19
asro608257493,114
vmcd543273984,113
mnep467825107,107
wyer835064453,130
grat323111837,47
vsks274581985,118
sjre646239713,124
xxwh765350431,122
egcs797272370,149
suqx205440297,177
egpv662559058,88
sdsd698794724,182
ysuh612317918,133
aggb939717076,268
oxxg758969841,152
xqbp866479674,118
bhgw115060595,105
etbo778054342,49
ohqb044873762,137
ggtr588074046,165
njfj824249246,28
omqh873406882,131
wthe627645341,201
rkme653887346,126
hskr659948300,97
iudm759702854,88
iehw530361052,108
jwik452834308,169
wioz757403494,110
sowt418281676,76
fuuc153199350,97
fejo394644643,73
msdi678394363,107
zhwn765940786,150
fzoc701529019,138
dsug059594228,133
qobn166536512,72
fzte602730842,127
fjzn329206709,124
oczi839761904,137
orqs647725848,53
nnzi984785866,96
afpy514693891,29
ouuy746413134,128
tung369070254,85
wgej048185602,171
rplx822850878,120
cdyv282871134,157
dbyo111314339,51
xyfv603875992,185
fzmf410543078,26
lzhq802774888,105
cooo780065125,102
avfk489818634,88
gpcf705683166,55
iwet069960332,109
qwqq977308565,19
rvge746326532,158
oduj265352156,193
okqc176286014,90
eyzv882591129,113
afwy760129462,213
wxsx358483215,54
wtdp952150281,132
libx894848304,129
gdnh860096352,37
ylgu387888490,116
dpde241081229,262
vvfq105541283,81
qbav842054728,132
tnxn312002187,195
qbip904083382,90
psia019177241,80
lzdv854312781,153
wuzk418583164,155
yebi579152685,253
vtie802637731,113
hbvh297230525,135
jejp663193052,233
blfn083779236,146
fdii118780907,168
ngdu361154140,122
pjiw066808628,80
uydc345681361,115
oxpv449146886,81
pdok863265660,187
lvcf072843155,157
bnoc970010542,130
qija243369468,128
xtkc976147332,178
nand481930479,103
trpm583367225,127
kgdp101844044,187
wakj398630427,107
zbyb285470535,213
yxsb114848857,263
wfsi700454558,74
hxmq702310344,174
scph321740651,210
eibm127781911,96
rljq413830625,231
dqkw257561772,163
hzax543233679,69
qmhd549651002,95
emgy985319720,183
klzi903877473,232
itsz778691456,206
qkpb161338666,270
rjuf100231748,91
omgh072311162,208
bxen082154264,113
qjhs243963726,200
pxwl202822216,87
kgjn762760820,212
grbs182360449,96
hyqb409182787,114
unwa369838661,24
pisy693593437,92
zvwq836183968,55
vjgn555294799,127
zwxq114746129,114
ffcd459536960,115
wwcy208006333,103
hmrk798829061,47
wsou531764626,122
dmwe831468475,177
bgto929415255,96
qqod980010422,172
ggjb958663745,137
uryr174763587,213
rqtk690771577,143
xwok596162357,203
oevv054410717,52
smga687942860,50
gzxz699763929,60
bhhq382022314,119
lhok461882419,219
qrny080294874,45
hjka148515147,72
ylkn443908532,88
lvnw837317483,117
uhmm976885444,152
fgbf133441748,166
kfdt286969173,148
dorg298021577,212
nnhh140451937,27
grmy080592497,197
qrvs494583868,16
wlrt752170819,17
fvsf931504082,24
arzm873669196,145
mlsq618867419,147
wkqo869159372,72
cvld939168136,98
bwtx184840749,195
wkzt143451513,140
tund927877916,82
mhdy421596671,123
jpic522501836,161
herd015397721,96
jbly825151237,168
pcsh461221255,170
bkow083748184,81
tfon307678494,51
pewu555147317,108
vfwv901104215,82
cztn664544436,87
cqwc154282395,68
edvv847023510,152
sfmo219684820,112
ggfm338102997,61
nkck015125805,128
ufeh013690726,108
llca932144590,193
zxmd161837378,86
yoij066811520,152
jusb629926522,39
yrmo304398159,176
fugi485955341,202
pfih393181670,247
vsjn072557457,83
uuky542068491,220
osai053841339,62
hvpy206490186,72
jbsg180939232,173
wjxh621803250,155
ydpm092107604,87
sceq625074602,132
ryzy147204013,130
sgie976903452,132
qhlg637810622,135
irue331659947,145
uewo365797976,87
xohv852651887,197
emmh308942954,174
bpgy427774371,77
teka425366253,124
qgzx015797977,23
toez354169248,182
hwgd236421852,188
leba770639097,170
zpnl424015244,147
adkv706993015,75
dewb836987374,133
txil961401363,181
buta268332521,122
rbyr324569866,83
wett340793157,242
idsd729843362,143
wopy620246119,101
jtvz051251628,101
iarl028009622,248
rive059577164,243
daks436987191,103
lfup836393940,135
ezcz192587464,65
qoxp342039689,145
ockh769032586,168
gfjg671331508,145
eokl644903832,98
tugl510853357,112
iulq821746408,192
usvn233176194,175
lkll367559335,94
eqrf802120191,149
zvoj641252848,133
ogqk532532193,154
uzro644897226,65
zzvn972158692,97
cdib560996781,82
ocpu414056041,106
rdsq833474929,260
yieh916758803,162
tsge789590307,57
oyya474274132,29
hckj172341931,157
tpdi557067609,232
kkgv520440318,107
uwly305164399,100
eugi360070100,135
ofgl627886029,89
ktrr492803480,57
dtol335740319,103
juag914547368,62
xsjj094032946,165
jlay385532261,93
ulbz663744429,120
tjon659970928,163
tzin674450527,119
lgvl544046649,61
ifqz931262592,189
wmuh082931998,155
waht341798080,130
byrs937160243,84
bxbc764622114,77
pjkk367667343,183
ibml048813328,149
mqpx877984772,141
fsuk786945644,97
hpdv132796940,149
sjxo914232735,107
itpk407886508,133
eqdt022361259,44
mibu135836897,112
qfls579569406,98
vjrr892612024,109
lvjh586163830,101
pblc072646646,147
gkhx918009238,230
cuws624420685,66
crno574476346,73
cpzl031546207,147
ttep468647731,75
tedw037906557,93
rhtj398400157,143
ybcn974547707,223
bjop843063393,82
lhcg251366466,168
clyo793281448,83
zxuc706177177,66
zroe397218262,198
ensj867097283,106
jsde568528887,132
gmmh297331643,151
znrb107101900,57
amtp500000087,143
uhjs274954421,82
qpqk179928568,58
odup965631220,88
rmcr225353892,152
gdmr770159038,197
wxez252705561,188
olgc600548055,112
vapv612369565,132
selk098864012,146
qidl910286061,77
ydne478929220,184
rdrh699907821,177
ozon807510810,138
rbzs247948783,123
huby381965882,244
xnkg645208359,58
tssp650626191,117
jjfx362897521,128
nfhh292135619,98
jzlp444143300,128
xavo526714044,177
lych025043240,27
lmdx958191158,75
oixt056089608,181
nuyl974976996,105
fhpt173686184,150
kdes162309629,137
xppo324131288,148
yxtg242359123,138
qokc022601303,116
rmyb206563011,160
tvpc165252510,223
irsn969592782,217
tgqv589437846,98
febz664350247,77
betp531981231,175
ubyj056724806,101
sits098795261,171
slxo730244341,53
snld058225486,97
cjyd880805473,115
fcxs241296251,204
ndro186454126,125
ixjd695677895,154
dxxm707931137,139
zzrk499067247,78
npay218878634,36
kkof077176405,207
kgzs835149344,132
ntuh816346426,53
acue250561912,72
cqxz509653902,17
jrqy504505596,124
pydt159098590,57
psls898118778,133
obsa149322778,125
aqrh384906339,172
pgxw211995975,128
yhvy363456684,212
pswc265717201,178
dfpe572786594,141
wjxg157360130,131
ruym978152953,170
rjts499082897,207
ainp086991727,81
wpke252948741,196
onbh454512491,134
xdys792687270,112
gekz321851789,61
yrnc619495199,82
bhyj654905856,127
rlsx638114314,144
tmlh757027874,87
lvhm448351831,152
ceqm645550570,151
zaaq865634425,131
lnwz999341982,173
mbox185212479,171
domk096049222,210
yyyi402665259,94
szjz374402508,132
tgrq307344701,32
zdic002651358,128
koon832863430,220
bzew781025332,93
attm776564855,70
zroq399485357,106
apki722398260,189
nsdt791500773,130
xnsm973702553,83
vzrn485987578,55
xowj017980368,136
nfeh978831671,83
asjo708497246,98
mzww282947051,142
exkw289497053,75
yark430920781,179
kmfl008341614,77
ddsp480778882,167
vkmv879345199,82
liai045079089,131
lxhy674147822,52
vtfy812941606,52
hiit119451253,170
vwny450241726,198
qwhy248010246,178
etxw310817190,92
pern468152220,135
pdbf898192571,98
dtcn438586111,137
chxj877906808,86
jzkm575921901,130
ywsb155424582,165
zzcq301783416,147
rlly151177005,200
hlro883274167,213
rltm314660464,202
wvzp282644610,172
qsnw285668064,108
qjbw482597832,162
yrhr209583505,192
ztxw637370503,135
vvrw966184356,128
coeg797177713,205
dnvq084670731,57
clis964142692,159
ddep263446795,129
yyni059000825,182
dgeb122522165,17
sshu563205930,102
ppks935244164,127
wwlv717378835,132
bnoa820478512,197
soqk569165098,130
nmlq634659237,196
bcsj631443742,120
qint055050628,137
sowo914906214,208
vpoa505219525,52
aufc490317440,92
vxyz096766061,118
yvac893026972,137
xiub699104429,210
rlog416529273,129
rdhf321110952,152
ghbc709928854,85
ojby355610007,106
ajcm919445936,69
gvqr617061022,25
abdo814721972,158
piak271735264,144
siun633393559,235
wqoy986627422,82
edtn476458353,148
qkon225781543,168
unng682047374,68
azeb359318530,145
hmwc589337521,83
mwdu640731791,107
dfac164006762,77
yzom076942878,88
kfqc058146340,98
zyrr930347879,23
bbnr516035238,109
qdhk346290773,63
ppha427466393,33
qzuo867650289,205
myzk285720709,183
hbdw113555750,63
srgr196863391,109
vimo382808247,139
mzpy950265817,183
ekxm324218183,157
afrd534901588,70
mnhk755382504,108
ingv453815837,23
wqoe246759480,137
hals883338488,114
mvig464211598,94
htme231486160,120
fmdq090327731,108
kuvs476700943,227
lbhw492661004,95
lgrz678933880,107
rwqs906387113,123
qynu046792210,168
hdhh038418965,169
eent441915214,237
npyl515816436,142
tfyd272285279,138
jasm625399773,122
tmgi911563522,49
aneb826374014,73
sjhs944397876,88
nynr881170986,164
fsfh745884828,96
ikxh623109620,81
lonf731908494,113
aanq792564931,38
qhlt937929480,172
apje850796288,76
kwol878349166,142
bqkk645156352,66
vott761676012,139
dlqd558708532,202
uwrq927425597,80
vkzf718466142,19
nzzo373395655,107
ripc856531580,144
ozpa981600497,126
uwgz761767185,109
cjde711414646,138
bmov105758148,104
zehk787302485,152
xutl910208842,122
lwrt686073591,127
ycmb259779966,58
nyed237442674,142
ryun784426653,82
naqx278828978,130
hnsd309597625,53
ileo703574186,150
eyft826215536,113
yyzl421231483,158
juke877803143,75
tcta151794775,105
uygy281862434,151
yvrk588218176,156
ltfd919019671,79
vtng784316941,102
wxfa354601149,127
dkzl018372340,85
pgjm052113792,72
mgws635353666,187
lawk767210033,63
zgsv315782988,178
mrgg439648298,110
zqfl780959313,120
ydkz663750188,144
pryg187327079,196
fbpw169529142,143
ixhg133390694,213
nzhm934928204,116
ltua187231202,109
gucn242428677,81
kegv303265171,179
szta104365349,189
ujrt009248270,163
rgep090867385,137
hkld977435430,127
kupt640759063,151
izsh716323185,101
stwi769100500,124
xtaj336748045,98
nmmo367627042,77
pfkm134728298,141
toww680356995,135
ynif689463152,245
uypc839164815,178
ilnn279576989,74
enss823884956,58
klzj034903123,122
yadn077895680,188
verf184835678,147
ofbc699397572,16
ypzd862992900,171
ouaw079592396,53
zdos712595657,62
ltku854780654,77
wgze148160293,76
xsxe910294474,198
vcnq640051407,232
jtjl951243304,162
ulrk743791679,105
ymsf853453576,82
osdy835660119,53
tdch343614291,113
tyml258787864,139
uurj041056024,153
aizr284897223,28
wfyu583805423,30
sgss178983037,20
wtpd690194372,175
iqlf621553599,112
pwbp301890355,78
vvlq794269318,241
gnwd780242357,142
ssjq864315558,114
dzaq162805222,142
usoc524955106,193
cjap907596459,137
fysm948408225,87
soto490058152,67
mgbe723681567,16
erex274540214,134
hvot067794759,118
fycj216686516,115
wdpf031037592,20
utot610096823,129
dyoi565037666,112
isib189064408,95
jjqf468148916,87
zefh298376403,184
xqxb341561782,102
jcpg155820375,128
wurv841962314,157
akqq297495316,129
bowz636470825,157
upca755953515,147
oglm548207413,118
ukgd882310206,77
xlyo654665044,122
umfv434289148,192
ltrf391509526,169
qlri288986283,82
advk062637801,184
pgjf636132499,85
uwqv731205626,115
lkre965151030,182
jynb294389305,142
upsg244717917,99
bhkg772657403,234
kegw760086617,111
losn201089846,93
maqg628843854,94
krdm800256219,95
qnis458491898,151
pnte934233103,171
awbx478498770,140
kkun247667776,140
mfpe569807093,142
xnqa876249885,62
mbag630745668,80
yaos040416493,96
sssd365833480,168
gvok291935224,164
xxrr386966305,113
pvqc037579903,112
vdzv579219481,117
erki105686660,97
hbra799542166,168
btfw973451581,106
iplb652040257,78
szxu330486778,59
pmdg043360938,133
dldg042762770,127
lvka746556439,157
uoqn496711929,133
hupj632585846,140
dbvc932925300,109
odem032876700,183
dbtf640513575,146
digj377657140,132
tlcb258595045,152
eojl463410166,157
hdph046558197,97
ezfe461858589,224
hhrx436596261,93
mwha251448945,177
gywi501076304,193
xosz153708926,123
fonz417804382,93
ifkk442734353,119
rmzt523162778,212
cwdq665046223,136
sfiy485016319,246
encm814394395,68
akiq939430742,118
xvkw396678558,134
ukcv793609529,72
hamp966149346,147
xoqt420309885,152
bmbx969122269,39
kbtn077161505,55
lpzf748317685,172
dgbp529598420,137
cwye364325410,212
tnsn820993173,119
iqfd490421421,20
uktq260062485,96
lvog322942223,122
tjhr300275956,160
ijgh950597381,214
trjf889134525,134
hngc559167558,58
yqll800862932,191
twyc440481910,71
folp327968158,136
jecz459501802,77
slby033406973,80
dohi246751853,80
ebex772833261,170
bxlm526556984,78
lris868424911,215
ulyj235272976,78
ssvo692214859,123
pnnl462262047,104
mfww667203068,139
ohij042632362,1
nxhi577268430,87
wwxg477349615,125
nbfp777452950,90
brod972469988,150
oiyk629378582,32
exqp821768693,156
hrxq765180203,122
gfzr944573585,172
wmkz557649002,182
rqrg060040216,258
jqtv615007397,85
udaq337400887,153
jtnz723137938,107
dlva748096287,83
nrkx927462601,195
gjzl734943568,119
gjhl435206450,47
abow245133576,127
wjax236482484,85
lnvp821145479,77
vabk293724375,126
jnxl855739886,177
jdbr330511127,155
ehkl718437490,128
xohv528835078,181
qgcm500490114,168
lled120061331,130
fhjm359142120,35
cdwl637096872,25
qiup658763238,93
esbq589393902,33
xxcl757905886,114
mufg801621772,152
yqwt947813315,57
suyv081121298,213
ssfe377862846,246
gtzi754341330,125
qhts484449104,76
udgb953942140,54
zxfi441536513,227
qnzw032334170,142
ugab511285317,122
edqi600515891,48
gonj644909540,213
uqcb770355522,130
tsvr676608905,198
ockl735680370,207
aele200255521,187
mijw851573948,192
gxrp128769868,115
vyff631739869,108
ydod430298585,188
ckpw807680084,127
tyyb411808433,103
lojt325752709,61
dwbj696634532,17
pcjy596599281,118
bdyf341412522,128
tnto164441269,265
wgmy079922545,43
egbd976209344,192
fnpu947121332,137
zhqf964903529,133
nmpi209889277,118
tmno604598940,87
wwbo807154642,73
hulg506447717,210
idiw641925276,203
gqgt459562655,170
yzxo977375674,172
oshv640924993,84
yqqs927517728,27
ftrr058463873,29
tbxi665109393,112
ctuq635558958,152
edtn302157182,175
adog450915345,36
pudh367785256,114
mysa642655389,138
qsnd826483140,112
cvjc765889292,31
mfmh637287929,142
pyav875024198,147
cvnh082856354,117
ciyx781859233,122
oekk047564759,180
lnxb449512187,104
gryh670803978,120
txcd047515633,121
bjrp147459674,123
tltc135657204,78
ljir091036945,116
yxfg152112661,108
qysc485426855,58
yqaa252881286,181
hteq828714964,85
jrqb133653335,62
uuji491886677,227
gvdl679507974,173
wgce820932813,80
wioz916798330,133
iipp374186618,115
qwag588412263,238
ldwd679906035,148
ngpv749046611,148
jwoi945866735,125
mqhd795683441,79
hgdk558819339,56
bkdt508003429,130
tlsf890327550,232
myct837716718,169
nzzr158119896,111
xhwl483921880,127
cgpx093464671,69
yrxq881388213,130
utnn425186211,108
raam393569596,140
fhbs854823074,46
fnwd337741442,131
qvxw425372816,198
nfrg786257385,114
eeor602854307,221
qige265088336,129
wzzm905762830,73
yzhd345031673,103
zdoi471257179,192
frck498597128,159
hisz059949672,112
jeds300944718,93
vxhl218273759,172
quqx824086719,75
yggw804119823,25
suws978962559,216
rzcw560657116,26
hort904654347,120
vjfq969302363,144
jksa994607764,59
gkjn223914948,168
ngwn859609161,202
xkij585142530,101
wthe975544907,57
avyb519970850,89
odxq771874499,147
rsdb796603186,145
zgzh973181378,200
wymz748811882,111
gkvl873796897,148
zdfk388011756,94
intf988907200,167
clwi082352299,82
ugpz753746322,115
gbqd505697117,83
gqka861371534,62
cncl866915421,198
hvqk646773555,118
qdwj722084500,25
tveh694699040,190
gbgj185025894,126
bsfb844824303,108
lmxk068662217,174
qsyf140328539,152
zwod996347753,135
zosj752738993,188
zfpf568457668,181
viey066269345,165
rskl301979597,83
fgvf587636226,142
ncut752604554,120
ssbq622479794,104
idhm958524785,65
msso587061939,104
iaet567925783,129
fcnb234104812,53
wsdu858188540,72
uoyz067577587,188
poaa164564214,269
snbx883943286,124
qtxw487178641,160
iqcl820838294,77
aswm215264211,112
bemg256183050,101
krdy511539141,190
dqvx337659942,22
ebwu550566813,92
xsmr866500014,125
lvnv966329524,58
zfrb241209579,145
ibix084034399,235
atth596039093,157
bfdl136701220,182
btfi321341371,75
qsmo052452160,97
gqpp385744047,126
omdc143855466,122
ojee004168276,132
ekpx250329832,142
lets692741783,172
dwgr078925134,155
zkjv832024576,108
eyvf277742911,159
ckln267374203,100
uklc380882939,232
crbr715084575,167
etrb713294735,140
beqw971626293,144
afoj308698113,198
vmlf029606115,70
nevc444301371,237
tzyb780636435,127
xqwc621896013,159
bbir670631120,77
hqqd768938863,57
wuog308680277,132
udez072558502,127
vmaa132822686,99
xdhz340461943,172
igfp332772089,63
ffil875433604,118
lkds207431601,83
rynv094020999,160
vzre496069301,172
ascm835829286,27
kydr306556074,94
ygbt734207005,123
jyrj153172312,175
orab123386026,94
iimb919913810,87
ygaw555157775,130
jqit187482886,128
wryb507868733,125
qpqz375035016,27
mjov786528345,105
dxzs167085678,48
mhey540789978,182
nifd035140733,188
khck672172455,147
gtsx085215350,142
lubs365882830,78
hpjz072562007,70
mumb275540539,132
maab888930044,92
nwdx291063262,102
ttem374822589,76
qwiz379969770,123
wsin797404845,143
ovho479513452,152
jbag985546186,138
nvcx294361079,218
nout438306886,88
wlzs522858203,88
iguj643076650,77
hypm953374454,219
ahoa941790520,132
zhbt607424808,142
cjio287115783,174
kxxb357556348,110
pjkr805419718,198
qgur692661160,148
ycxf493660485,46
cuup503587906,143
xvgm261233371,130
nbfy257288524,145
odps883654032,210
qkbo237347883,120
xndq697313383,133
iobm106180593,51
kpty698048040,100
selx461325359,65
pwnl562216408,228
bpgk949825186,127
aqts420291981,159
dcey829014808,152
ulju522067541,42
avse719819725,97
hemq028077224,109
yqxj094614025,182
xhjm002683674,186
xsba225475817,138
cosw588396825,131
bzhb372120028,98
iaqp570744320,166
llgy900816595,219
toug525070598,111
scka588365529,14
rfac957399617,199
xqbw902643501,54
vphn244879624,94
kbfb920021911,100
fkqx066200684,180
wtxw068005598,138
jaqx969023213,80
pqwr664533435,77
mfbm685783396,236
clez598689236,112
xfal754799424,110
xbfy982465079,125
gztk555796419,13
nzlk116689361,24
rwcq391124497,107
zwrb307624474,156
cvzi504035207,160
yyyu517087361,148
bqww917475369,141
incq228839531,165
xzoo714505516,146
wqcv011921279,81
dxkk416274533,163
yayw660896414,233
sdww232617695,59
jofo009814468,152
fixe902710409,116
uztc414467545,105
lwdc073699908,100
tshr020032152,213
zasc175940612,94
wnnf620957430,51
iavy004535550,85
uoea804680974,16
ezmg581092917,230
eriw525139226,127
hhpq003045026,130
letl915663868,148
sjqo633508645,208
yiqv191540445,51
dwhf060902421,137
bypw424881426,105
dnju382673641,138
wljs985103437,113
sgyu566579497,149
ceqy188352375,75
oaie821513242,78
txoc067029112,142
oysh983435493,122
htnr142375552,80
msld289262147,106
ttrz594909757,159
slss912172648,22
fjlt254520562,167
daqz149437319,92
fjhh777317746,83
lcfg827956220,141
hdug840483687,129
uqen731118662,85
qhie031344455,132
ukcu968891956,88
mmhy715801750,245
bpkl436569702,180
gfnn938315423,83
rnpi003820195,158
iago176521930,48
pezu279715011,23
jwlr133077175,214
ndrg395915172,195
hrxw622367110,107
nnqi222732673,165
wcos290824819,206
dzwi532874822,148
rrua113049155,204
axvn514214490,53
ivrl496181954,112
akqw622828124,142
tdzb061783719,126
heer693295769,122
mjsd869081161,122
vvpm458854270,132
wgkt275129625,68
rldg087814363,190
dled321505653,23
znet032376461,197
nydf334547715,98
wtfp288188148,183
muzk115409037,133
yeka254286540,206
eeur086873724,34
zxke360638282,182
xpii463413023,64
kouu700340756,154
dhpm144565111,109
nwir527150236,70
obhw439774427,37
lmvl935039573,169
cxnr329300306,143
oglv021810323,136
sikn134114848,228
qlji581686592,187
rucb673089759,47
wocz890815001,166
uisr062272439,25
xqhm842219303,295
vcrr915099266,144
bnxz123669026,113
zexh386955860,51
vqgx712248214,83
fmfs012512922,128
hffq807778110,200
zgkr782817799,97
ownf020035942,172
mjif550741647,213
nwlm551229879,194
dtoz235571108,21
balc576608831,157
toaa529943597,190
kvdb347586430,75
iggi288085988,240
guen057275269,138
ucvc556925618,110
rosz488793449,170
uist479484061,171
dfyq691194583,148
zust365344337,143
hfed710539627,193
cuio180405271,186
qxxx466159637,124
bwoc658044920,109
rrrk349527084,138
ecug393171219,195
jqqu691470835,100
anjo428097275,136
oxhr307857105,137
mtzf812042344,103
gsiu407848958,103
oymm110085163,115
pmch497058371,109
nqxd830938640,77
jsoe596567394,105
xbeo152917488,92
xuwm509591316,132
rwex178233051,202
ddas793336742,107
njah195047041,52
grsx541126578,146
bobn397260160,142
sfen068538167,188
yrzh518518776,76
zwtj593308104,134
hqol240081520,145
buca343217194,130
ravx047657672,158
ntgo853471974,196
mjcq095679258,136
syvm691786047,157
jmjg108359321,77
vjmb468055995,158
ngrk486706273,102
gxdl555820915,148
jozu410182697,145
cpvr325667079,142
okwt276328562,108
yzol112397428,83
xewd828651232,78
sctc417156110,180
wyps604073943,133
zqfs350639295,22
phxo882606854,70
jrvr712383789,167
ebhx017527500,171
jppz255130420,117
voec826849616,129
hony666725684,50
edjv264246217,62
nroj613548980,158
hdam744779861,98
tkln686354203,109
ywwd722727222,172
dwxm048253374,51
hgyf140479297,102
uvof612480270,117
jgyn267512553,139
dwzr238923058,87
jjqe966541290,23
embj114299167,87
fksw431864835,269
yphu662340144,52
eaht932002474,101
irjx569027748,29
zlvf197968302,72
qwfp883214057,118
grrj131647840,48
akbb328960999,131
zaox081153011,83
kaqe623729284,31
ljma738183350,213
zpiu088515089,75
bpav040107359,78
qdxb887579602,142
lgnx257689951,78
tauk894839226,136
ghrj019775856,190
wghn284176898,11
ejxk624051488,143
zchp411311544,15
vafo018070905,127
mmqf170202616,98
xmrk327232378,85
erip921318127,105
qryn433206348,63
ulwa915381068,126
bker786677968,111
erxk043077314,99
yedp177851590,68
hija965784166,132
ndsd628467445,184
oqsr341369291,137
szhl089496472,256
tlut129925119,182
naum612098195,54
cpwi139978716,67
kylw026216930,156
jqxq068892372,130
qkxu552257501,88
ctaz505322464,189
ouwc132047536,110
zhfm653065235,97
tric974718802,123
dink449243715,235
xxuf309707403,131
qgea422024115,146
eqxl525572586,191
lwwf196807128,97
dklc220087063,118
xtwc428245617,153
eouq054451370,137
aecg708259319,153
rpha276155405,101
mmju058109263,69
jsww731349503,130
bfwc806496742,133
lptz010834014,167
iiex788790959,107
ysfl024615890,122
yhcg698031389,127
upba529383204,131
mrns025904291,12
jlbz601737064,87
xqkr009836394,146
ayur727784347,126
vorb701589513,80
zzxu530010074,141
dmzy197077255,210
osga137649812,157
ggne709345409,157
txva706007323,193
sage291646642,165
xkbo155841437,32
tlgt719268310,182
aeex625062184,125
qcqm122645707,170
eeec780549688,111
xcdj372533636,72
cidy786503759,246
frcv580437749,183
rmvi451187705,116
dksj720442749,115
xbdj632385739,105
navv832980136,136
jgwc340531496,132
cogc323463630,80
tkvh425913994,87
krdw366715183,153
ccfp640974906,190
oxzl836015377,118
yiwb040681494,130
oecq120433562,32
giet183451913,113
tdgx406662274,187
frkr311739433,137
qfiv263447801,89
ktxp118859804,62
ccft609794798,195
mzpu910326151,143
yinw470494248,160
rfac586500981,170
qykz100710953,138
lgxh444633569,220
hhbg798387258,180
fvzh907128125,98
jcbf589578971,183
kjmt601272450,163
iivg879476454,60
lqog115341784,84
xbnr302379333,85
horh866663316,77
qgly557953537,130
amic054506458,132
fptv585476038,240
owqv349205483,34
quko271483464,187
dqhy413880374,172
tdor533442479,113
givl212927635,143
ezlf952262048,167
psqk251157390,118
yden591837907,142
vnva154908085,55
biku744167713,28
fyqq955901666,75
igba337104445,248
nfln980409502,165
cyht603397035,237
yest900447737,175
koem421696610,145
celp851762888,29
ufbg160463712,82
vkak803254039,73
rpdk448267522,202
saow349468599,191
ryjg255379305,88
nstl203805512,96
xlee656844077,45
woze403527008,178
yaea589249573,186
gdrp403122333,48
abil220197365,88
tulg655456985,223
vkok146314241,252
iybe608679576,97
mmnl700517314,153
sgfo673891631,75
mugk667460458,137
momy957350924,212
ncsr631564876,122
tigg314119041,121
otvq724202820,108
rdka048389127,31
gwjj773958778,207
cfsy600621039,127
mgbj572767334,103
ezsf421774500,28
fuss211697039,20
mbxu622856925,115
lhkj415289334,110
rhon563282739,107
psza552247953,113
dysx080654111,126
jofc305619553,149
rwhs340538146,127
dakf547481920,89
uylv845731930,130
psdc503753295,108
ivra626471071,236
mdfo773463155,192
kpzh855681732,73
xnzy839418009,139
msnf482681847,160
ebrg866900923,110
ncbi652168076,24
ugiv896975971,103
xdpg970552332,238
hsjj107344456,93
bzgr186220857,170
pbsm979282238,77
fjfv769228291,188
ksqm057491992,119
kkkg430733627,131
uuqy359558983,144
fcwh604082225,88
pygc030532227,88
mnea366351067,218
fkxr251323887,95
zmvl853395806,188
ksqf587892282,138
hvlt657805350,125
qumc148839371,141
qrcj246043049,198
hohc723868899,133
bdmv747369791,138
pwpr253736356,21
zsjl567749170,77
stuw291409985,186
fuim450640601,101
urpe880745565,167
fyoa336524440,251
wjla648257191,84
feee574562253,220
agpt364045296,122
wwzj570830881,102
atfe691525472,93
oejm927822728,180
vhtg031135229,137
kkjs367321241,142
qktr976167596,105
jdkj150056382,153
ulao304701305,97
hzyg797841890,160
xitn009785915,133
yoeb625461452,158
ygai234245749,248
poqr103399421,143
pbbg606652117,243
eird128379203,95
qdlq278483958,85
oxxj033046694,161
ovxh162022528,178
vmtg691270066,118
txwo673254372,135
dugp528900701,159
rxch113564019,129
fwit645178733,120
ejfn072421482,189
ynwh242712413,30
tsuo772091450,178
vqrk699466271,92
jhpq716114658,120
hjcc913062489,108
ckha229261280,213
mdig362012056,203
xazh985160954,176
qhyq994085053,126
nmei300392311,157
ccty677683718,161
wpzt136449019,180
gyci011992654,121
wfjo547081754,59
lwea616642546,89
ypxx688253505,113
fbyl066221415,137
jaeo818631474,152
zmxu320851159,100
tzix446752478,138
gxql851062324,143
pzeq402316777,116
pvxu333695051,128
sjrj192868139,232
qlmo584408890,221
kilh850247205,74
eobc613595076,145
gzng268964019,247
uxpo933542554,128
yygc057921496,187
injs352600265,72
maac861720502,75
azvm450741882,11
apgu802166518,83
zina392045087,127
kpeu270810576,232
gdmw076221110,98
hqtb605261445,194
ixba208149040,96
zdzr664049695,129
vtkj049239517,49
dqeb755107627,74
nind660311352,122
vfpz270872586,67
pjiv492020626,192
thfc822550508,10
upoe971158275,178
ejqu806139144,167
vpdv492161328,141
piej074795844,95
qxdh017863143,78
yenn114671663,162
jasz824089982,49
ciog947587990,160
pfej567715801,80
lgof246157253,91
kihd131912103,84
xicj838671193,78
tanp572380660,212
tsql493316965,108
kuyo148592510,117
asia167933869,115
qfvk820431921,114
vynh563792939,37
cllz782632280,134
emod429890974,163
jdog231544224,193
iavj558128574,176
tvaw232439425,143
xhee921545079,182
zjeq913439507,226
qenm000510003,209
lawi721244723,63
cyce878235586,126
acru554989602,83
ledx873649251,94
ktcv011184188,200
osdt356515647,61
cgwo139001104,115
ihvr575380346,145
mhaj163755399,158
wpbp595981646,110
gnxc542527652,14
kowl671761267,133
cmsf891130376,168
hikk696658922,173
hkvr567845937,85
mivw858318385,216
azxe171169097,117
wsch370405773,103
kwsy380735365,122
bzai141915686,182
otls162435105,53
urck584771854,183
qoim365103108,161
vnvi850551051,86
exfu010508785,135
kxzh492306910,111
ujpq611921231,109
symq395184360,74
acku373588054,67
bzlc676951478,77
ltiv026596650,163
miuc936101314,155
xfbh256495233,98
dlkf093512932,235
amvm002616183,75
xqlm887218379,178
rcen698171831,172
sbbb024042366,123
vwph723193612,112
nope275952454,174
nmgv421810054,78
mjbp947754533,15
frql965164888,175
upkz206549614,101
vsgp596444435,80
rggq572577497,149
jnmf903122490,103
lhke473510493,154
evqz616370365,115
jysr585437673,160
mujl584878262,140
lrfc113013145,124
guqk888027355,82
kynv850632058,96
abqq338264918,123
hxyx527259332,126
niuo140094952,78
grri602369047,75
rmzm713593388,124
atkn254878368,116
olei813736174,192
akcj968770397,92
hsdo666546613,168
gqmy519792525,38
plhu049393891,169
clvc293477624,122
gtjh947797902,192
ckmf042880708,150
cpmm388334904,17
poxb752613241,83
utvj980434600,78
ejxa607233543,207
prny732057030,127
letw285954214,123
sqjf739186380,134
trjd859687934,81
zwaa787538634,232
hcqq305501994,256
diln123443380,147
gaya984078138,119
twrw873531635,138
bqqy755734042,72
logx909013630,85
mmpj310506063,198
jlvu017587092,123
koua385497181,126
bfqt598672432,228
jyby738813122,64
ryex831077758,177
oavf561333419,80
jqcz434588814,59
myte114273523,108
vxup847883873,132
thmq257008134,130
dktl160833310,117
jzlp259945775,22
tmez441406765,185
vtzt338319011,118
qaoc804539218,33
oxyp470927792,87
flfo509824992,216
dfok769837192,250
ujtt667828362,92
bbho455763917,52
uuyd481624427,118
raad645182358,130
zmxv241447369,124
hdwo796281086,138
iqww626435742,92
zvom456144389,146
odjc474969393,30
fffa705698522,78
fluo493386783,78
kaac585481995,143
qkjb993790908,100
gqlk178021358,191
zxpj199434648,26
lvbx126214365,125
vyog228987318,194
yecq241164101,144
nxqn671952589,77
upqz196654584,22
qbwp617873354,123
buau968210594,138
nfqi620084599,169
jtcb561643461,128
znfg885029502,87
juzv116759658,233
fdne028872547,219
rxyr723498593,144
jiyk366597448,80
aubn703912862,53
pgut312040117,47
oahh430621494,140
zxhl857235413,146
aihb934158729,113
rgdc510689717,102
kczt009877782,111
jgug272809165,124
xmoo689215676,154
ghcr513993192,207
ierw460229795,71
ahfu489247466,128
svnj850503053,97
upnh217553143,173
zeod948580689,155
jcyu586065884,145
dqbw873374460,108
aatu545608987,51
grik774805783,102
conr443234846,88
xreh460166423,140
czhg412216928,91
ogqf827153723,48
rvru485678005,73
dkxa328289320,169
cmvy535179545,128
ezey707538655,181
cxzb232191213,107
zpsn423422355,160
rfeu047160525,138
hjma048836825,93
xppp261023991,173
pgzr971779047,90
lhqg543234944,128
sjbl869697367,82
npxe344663099,158
aund966842529,22
adme432106450,162
ftau008754604,183
xdsa945294223,173
yvqw757580138,110
ruhb994521655,116
ncap102536353,136
cwus831984822,128
jvha792113965,213
zgxf068711029,158
dpjw233132061,122
qnon721484534,112
pgdd959051258,136
mhtl211823453,93
wmdh675327794,208
kbqd751459221,75
jihi392363780,31
kvyb034466446,118
glwq444813102,97
asap133806803,57
rhrx281026281,122
ougt246008477,258
czir998618128,145
raas096094566,68
qdjb829213630,110
lbac392550024,111
tywd647186298,108
kspj738904572,228
qprf815860000,27
qwdd043629774,88
uivz311248908,142
kinz865470580,167
xvsl642521940,142
dvqx720021993,93
juws011238793,168
rmlc049446643,150
rawa501452257,125
eyhb114631241,152
bedv452725022,89
satq809686317,75
sucs155278705,108
iotj276165714,123
tvfc373143186,124
cjpi766737238,139
fbrw310385669,134
egdq153549049,167
xnvm848219601,82
vmqx249086899,218
xfkz852774464,98
wlyt539257543,116
kmac246319179,102
fcyd326572609,179
sxhr571720581,118
lprq374726580,132
ileo391185191,131
fvol137475471,127
vhgi442525907,127
okry088528699,138
wmqu195271089,108
kjei595862586,184
otkk754432191,177
kqhx601209639,97
hfma836778568,163
gnyn284941859,77
jalm371553895,122
cylc812387570,228
pmxu699236737,108
tpcw997469379,152
sjbo538290764,58
kimc326961623,94
mbzl529555082,95
gixp051592665,160
edjr006930495,256
btum518016074,116
pojv233399000,87
tndh769571755,160
hwbg262022599,79
pphg382872346,119
pacf581532710,153
hmab111231362,183
nlpv004909602,204
jepv407444871,112
joqd892129601,122
btgb318984151,80
aalq500110937,70
luzx400142829,203
cmpk662161758,28
kyid549519579,124
bpdd377230347,163
cadf552182650,143
nkkv203570973,163
poiy481433261,208
akzr822156606,128
wkek946053667,88
jckm395946685,138
nmmv654787861,124
fjio748099054,80
kbcm159213469,221
parm766069014,29
nqjx428659239,182
eptu807202071,196
ngzj962249645,148
enxi221751683,70
qgtl694360016,83
ayqy361822312,133
gwle454444628,112
vhya656289264,131
pwfz078466565,143
pihn942726325,129
oyho697555480,147
xopd309769245,112
rnts281251821,16
eejw336732074,140
bosk106776997,150
crjn356951228,158
ddxn882571522,178
eswa250609147,126
feto622242774,158
feej902425145,142
tzvj061345389,94
vnio307389947,165
ijnm558562404,63
seya673215044,109
iuav518324369,137
mwxv955462088,196
bkeq126094080,53
tisr851896887,60
vemm280837823,191
hook316965183,242
bwyc270989948,138
nwnn967229695,158
crvk669796515,133
oguk201252914,158
knpy928079937,135
jzgr611176036,84
njgo127778512,17
bfos818251561,78
tjgy009652596,104
yojk229064932,170
vmrv350858020,73
tyjv989612523,60
ogib793430920,127
yxpj985482348,108
jygg410487154,83
xvld886197825,163
zxvj052086274,117
tosw283118122,120
rpct231288757,114
zzqf860928629,130
hhsh454725855,80
ypeo870562013,115
kzwy082574092,98
zexy153264880,143
pfby842976999,61
jmjn116240089,183
unwz609698464,172
kdmf215395396,100
eywe784726899,53
duzf504414566,126
diis051997798,96
ailz309468070,110
qvor074638300,20
rgqd640194289,78
wetq458123493,16
ebyw245529080,182
vlga328100075,98
hleg421440611,158
arsz464843014,111
emrr201950815,104
mnym599094238,208
ermb760444705,206
ybte525315798,24
vzot991353075,164
dhev987075905,58
mgeb383371672,207
rjlc354628588,140
qbir741861103,54
cexf303393992,136
aevh121199077,33
ovpv313463308,105
mywp250803080,151
rgko989190797,168
wrcr083246017,88
lwvz990739910,136
liiv859791787,77
ytiv942405192,158
wblr113425366,173
frbh750672995,187
whys499166077,132
amgh950841121,150
izzl877034693,192
dblf441738927,112
dgtk904099518,1
rioo339768538,58
fwdd464246777,131
jxpx230712251,126
pjha967239316,206
trgo823896666,43
oyiz385884654,89
nqnt408684108,35
dyul555137824,193
vcyr025251169,245
iwrb742571273,149
ifyw429648134,176
vjle089510086,147
dpuf563272492,93
uhha786273101,187
klyj023071874,55
cadv789384507,77
clrg353537076,143
bkxx489562376,167
yhzh931381634,113
jbas216596334,103
wlyd882099485,172
flfy847075256,206
iszl488617760,52
dbyl071409679,177
pvxf103210713,77
dels616248747,172
imnx954838059,210
gegi411420871,116
mxmz991714626,118
pqkn768825898,214
bxoi380263099,173
bkjb777500561,117
rgwf743111224,42
ctac199591737,148
dnnl731928453,125
noir426117438,153
ynjq484341844,141
dhjk593597775,126
mgmo287954918,72
rzsv676324402,125
yhny889714972,121
qfhf051178866,72
iwgz350984969,96
zwhn495668766,96
xkal637280153,85
twvo466835458,98
cqcw728343857,89
fjwn299702663,143
yrcq500204184,129
syhd215797330,177
lupq818963202,105
faro898931902,183
zqxg623119765,179
tkal749324930,207
xqtr036106841,113
mavu758226963,88
npnf147733784,102
xxso018584209,151
zzpb375037505,57
gnag709279555,140
nxrj568652776,24
jsna718265884,127
ugzg714619732,107
bstr289972744,160
kvry471667682,136
pqzh242763617,102
ekjh891800289,16
zipf682806682,29
jfal775507292,137
swnz723914335,76
howm311823972,104
bguq961758853,185
qmfo740259655,83
ppqq173681293,78
stup716975074,87
aykg167786390,135
tjwx473238622,168
lnsc784424929,133
vurr178088914,47
qfhh469246592,183
afwb540962061,158
vtpn094658314,77
lbks725663047,81
sudy071005925,97
tqbq416188034,142
goek051823567,143
ricn161801770,168
oiqv043551989,168
dncc496646545,145
znax018066976,53
tysy933055550,150
zwtx882797949,180
lkei028811581,213
efku184795963,87
jzjb608804495,109
dcxy075320033,223
qcdj126548977,96
yakm814054472,187
enfz731622474,140
zbqu698992335,108
qqzh831445334,117
phqy071700389,188
fmja586453295,153
dvlh130754771,125
khtv729467609,107
ztkl117866178,138
ahyp500038106,124
gebh256532548,62
ptjs910821688,83
cuaz852537354,145
fngt500076766,22
rnnl532717811,79
nmgo751746114,115
yedm870191490,89
gzsz846992802,133
ifsy746640300,27
wttm112242494,100
knbi333416030,21
skml974760130,130
mkzl194353374,132
qcxw057914600,218
xdru034718838,192
kgce305451670,100
njoy447064215,104
tvjt893503750,83
ojsd956970155,217
mcqj833124978,161
sgxu070981543,110
apvq241593959,171
jeqx868168296,86
undn543892026,188
otuq411903573,116
tjpd394338157,98
gbst278240676,177
mlkr724159500,122
fwgl021162686,133
kimy475612117,103
deod908038975,93
bdwh279690088,89
bkpg950263031,103
uiaj297011966,211
gofn811648074,147
ejju671284530,173
eiyl932765073,157
uudl477499638,98
hlfd132873557,209
apwt250614513,112
dwhc074822149,134
ursp786414593,223
buvz873944331,104
qpiy817598544,121
otys554175735,202
hulo883527449,118
qxxo353080796,89
yyiw263277991,144
fapc187374683,122
yzgr963026023,102
hlfh195917764,192
ogmo860756697,192
ecuf331094488,13
btsi398742989,253
bxnl262160270,68
rmbd187590095,210
zndh106952675,110
zdkr234442887,64
nqvm957991526,160
grpm931226412,98
khnw259198823,161
zbsv312578013,63
ckgq579754719,152
naok030694136,205
xihz854891949,98
rrbn504016243,49
fbkj721286149,108
lttk966894899,75
jjse098826907,102
doqb199367737,86
ulsv606898982,52
zvjm454212306,171
jcbn444847069,172
psmi148852749,92
cvhb426199767,69
brdt054744279,107
mgvw470971618,166
uxlf726221811,87
ntsq425918098,176
iocr137971284,166
cmsj487800595,155
afrf790422843,73
bboa768783377,88
jvjk992668570,188
nhtt562066953,123
xfjv476517541,222
ohpy089262199,162
afev271349180,85
vjeb621356518,170
nkai764297660,70
hauz660095223,138
jihm026624953,128
xtqa444579240,168
geip015782436,152
qjrr639819623,157
osrq376372063,117
bkhb372536354,152
guiq703051827,146
ryxf569020268,71
klld832495097,137
jugh670288503,155
mbhv505482253,114
qsqp497381896,98
ylzr804999994,83
lyqx210539228,95
eupk857933553,102
omnc127744850,83
fccr100788977,219
vlze013546702,187
buqr100973128,147
ibhm172883184,151
tlfi980305893,23
nxax772853036,156
ozfh751205398,22
urai711097987,140
zfcs330506510,81
kimp906757960,94
ihpf645735015,167
poxg995337162,108
ynii071960979,123
dwgb644836368,108
riua845909479,82
yvic422029037,250
ptrm203019288,91
ztcx380914064,112
ntov795345883,14
uirf685999881,176
xcof278841291,113
eqin473976919,107
nclq664806538,265
uwun254415635,14
kdvn930161219,159
wuli276869460,85
zsof599665811,157
cfcp902545449,154
lbkq628982436,13
tqfg737591954,203
wfej916146668,117
bvxr240679262,158
yvhg138600989,186
qzdk575008241,242
acpd339792531,107
ejwt816198497,180
rvjr381826466,124
gcza237370513,17
nugx081327859,77
yddb343254331,258
jdhx679768731,137
iwzw918582149,146
dptj721061120,146
oxpd765326159,229
vvvm672595336,181
hwaf691125321,62
ehyx773839563,167
byam584717780,222
tayk538131527,16
wamv024093666,141
tewu858075444,134
nhvm358851447,98
yzxg547462979,197
igbf782017809,146
rrny770693727,200
ptbl559539078,164
htrj888223438,175
kcfv809519295,86
ccmt683908290,99
blks537171251,43
kgta093501875,118
ltkk194949582,82
zdbx068942291,25
qnck653020806,157
apxj850967676,168
viqn065302185,138
nfyq716676074,60
iigj263818325,118
tjwz327052268,77
bcwm696536948,152
mifb062366104,44
zlju024540653,29
pchx598018100,210
shty423111571,123
qnmz801440547,132
xmux874439138,218
ppcm481067103,105
dshx903514425,35
tafq734038727,16
qrfy448938035,68
scls087240978,207
ntdd671148330,140
hxpv354013178,175
krzq671280402,77
buah715484957,73
oeyh951278024,67
ssmo653958032,140
xeje600184740,21
nbox956530400,97
flvq814351147,107
pewo012527440,142
fizv864118004,87
bzxl453732432,166
tzri329786065,184
iyzk871355706,133
ifdf208925902,92
schx473967981,34
rbeq329910380,62
xfoh159642554,34
lfve234396055,146
dhdw314738710,22
wogh143602574,127
htva823331637,74
riim113335529,48
kvrc415722445,197
jmso699522660,86
vjjn497403158,55
ucho166422075,87
qxmf486318579,20
vvzb299684509,205
ytwu312716680,103
zura576856333,258
bvnu990527179,203
tqpf652345213,147
zdkx295276107,123
wfxy412014706,83
bkig115711362,137
iqmi629407641,107
vhnz478662762,102
gvfp501936727,137
idhd085499030,96
iyze900761387,89
gfwf899556181,223
bslz514284237,33
muaz489760243,23
lsst567737164,20
vmzh005501281,108
ykkp224649956,115
rzva664361891,126
ezdi889570216,138
oezg961712759,116
vqhv028565468,193
icek834774286,225
uhku098765153,94
btbg051247487,189
yxeq114093875,132
cupt590919703,228
deho398510931,107
hrjz875193392,173
abmx519515460,81
xtfr000910221,44
wesl977776851,207
nlgf412048812,83
dkpd207931762,70
lfpm432574547,213
xyoh208483254,181
knqy643580611,119
ohyf781585197,180
gcsw008440043,183
trqd539866500,78
ypwh736599423,82
pigi353967058,183
sowb643853055,113
pffc852549889,84
kegy499107385,177
thqh634853455,48
gnul696660564,22
pngi968049315,210
wreo453873212,106
kvpp186722056,168
zgdu330581471,90
qdrh424969024,115
wrpg689578069,157
tkmf453633974,156
hmlb165819289,192
rpyu795733839,190
ypxe884602836,218
cabx854440058,143
wapn956228987,174
dksc898699214,141
wrxo809511011,144
kusr680208929,143
hnmg372874305,130
dhhq038646489,117
sbiv274778346,173
abkc104387265,126
ktqv408426439,99
btfz315947079,76
kvpp711739118,169
dvvt114289457,142
ojuv988064777,97
exil020073001,181
wzjk726332475,96
pdxi887103701,74
verr769494269,200
fmpr669358644,189
xeuv750749806,147
zdux864671099,83
dnhx318897704,16
hzkd076967868,127
xcuq690698553,109
oqiv876235596,211
nsjv818309372,40
wlbz095757195,140
vywo850439320,79
zyam390296672,180
blye300107132,27
jxot779056955,120
kkdx293493677,147
rtzy573573022,48
clmm291955148,103
ksic530061459,118
rpzt146692703,87
vdkj730388289,64
nmld806197393,80
ubpn501209073,167
mmgv347585951,135
ecee946215258,132
hjac382288886,208
hmth910018780,61
votv774802282,115
efco017697800,47
hkib610938334,161
ldae637084908,152
cjed094889801,240
lfzi188561866,162
pjmx034873717,124
gifm201796584,145
xozo831445167,39
kiez199041304,222
cyuk063488228,203
muoe247905862,138
ldpe803061204,84
lgwf053743321,98
glvq082687707,173
uzem081727781,115
llvg850233788,77
lrhp926875815,119
yzxw139981443,90
pvsa813158998,135
brqp262001282,124
bndr628170904,203
kemb464518000,191
cixh704825378,51
uuxs395238344,140
ypln244824971,129
yzju683015604,119
jrho322365641,67
awcc042259962,120
pxdv499907981,105
dugs815204733,166
oplw354613143,132
qqax243454193,120
bgyd321215856,91
advl575977438,78
ybgy873540999,232
zien678456646,267
eicj404137643,56
gkyz169869160,67
jlog687677023,168
pldd708628915,102
oquf637599649,195
dchw954393247,68
yzpm381886115,84
cluj031199232,112
mukf381691694,187
ebfn435266127,87
kblu566599775,127
wnfx008689888,55
ciws908979627,109
mmew456181593,138
ysmo692492339,197
oxmz586508030,164
kinn169532527,120
jhog645314602,154
smxi817209048,243
wnms103922578,60
cmrf220925027,147
mzjs641931069,222
gzeu782274018,152
kzrh689005307,133
duyb690355362,175
pugd942950212,140
uhgb733235774,188
dntw194845873,124
qdpx162043101,96
tiya380222843,135
badg569404377,62
pbxp740667527,145
claf475816331,188
yzme432722194,22
mibx762745655,123
towu592557079,96
zxpt786111837,94
rhaa268945916,147
hffr635571666,85
ivoy048247612,147
wmzm022150780,75
cqfv625098152,157
hyoz303225165,97
fkav548966683,84
ipgt121911115,100
aswm895417682,234
bqud745389563,267
cdlq288536848,117
rpcf788482655,193
sceu732446022,139
vfzi677646285,139
gaaj427752806,122
zwmo288632544,222
tvwp087327627,158
ylbe374170990,148
dozk221349186,64
iurb886906628,56
wnju077113477,77
powl417093580,115
caej993435956,74
nckq968209858,135
tigz061964416,57
lakt588322961,234
muxd410425615,167
khjh794834949,108
jpua241792052,87
yxkl960989592,96
uany238447711,78
jzsz866134597,112
srkb200529387,238
agdj703229523,248
pcfl596075652,190
yxah768474316,168
rnnp577710264,135
dtqr409751988,192
hlbz152445957,171
ziwr829378069,162
rgdt404781094,183
wcgw541623689,88
nksy986743370,158
akip873768279,138
qohy003784477,133
hiop697545796,88
bukd241266929,82
vron930540057,107
agqo721576949,157
xzwc474187698,92
hdhr720366194,72
fheg972571701,126
sqwi682507528,162
ghjj676391592,142
cakh880601544,41
jgvy195596903,136
hepf988547571,91
sgmt748469465,161
hppo832558328,152
lqga130258403,113
yaml933238878,125
pbbh375112026,175
idna478352276,128
fufd727276459,92
fvxh270766453,134
wudk104074424,80
ftbw506503619,210
apjy024712323,207
nqgq248452594,106
ymxr225894135,106
xarp133504670,175
lqsm590889001,91
xtob055377365,147
hzlh778110067,113
mptr017896076,157
jmpf148908654,111
dqjm521535949,179
abij700771267,148
susd776478304,200
himz977906032,138
lgzn439496823,213
dwzc530802743,122
rsjp420506925,113
vvdj705386826,95
sohg125877545,162
yqvv031123988,222
uuoj018299252,90
dhgc672188853,147
bnni951551666,170
jupd115967958,88
hurh646384614,107
jscq767087701,109
phde448279553,101
hvdo430985885,143
xhze038112556,108
agdv366699222,138
llsb352361469,120
mwdi880567606,122
oacq938951779,105
yhzd225128664,95
jgpg868379497,133
raks898751846,94
lbrv363071693,25
wqqf073126317,233
izwg063666312,223
vijv344233353,169
yroc013972095,187
cmvq635611359,52
arwt859957310,155
jhod083990501,102
bbzb214670647,173
ghro500802798,132
emcs033146715,61
zfrm158583942,165
onod348403926,21
awvv692470490,187
jwya639820029,52
lnww047786674,205
ewpc013425845,138
qjuk792345785,130
zvqj927108231,82
zasz421985317,27
ciyw206306265,95
rxzn805640761,89
guta467856816,112
umly173549903,64
ssuu671186308,160
eade073482061,170
vmnw044819119,134
nyvi639345603,48
zfnh403943286,92
bwfb773024765,56
esjr980100505,217
miej462743545,68
abps198172509,223
tmjb401154135,93
ipst932540335,102
duxy621505411,165
sqxv881829047,218
xnts557386660,82
dfbw795029970,127
phab200757258,133
bylh111948189,66
sdbp509288274,112
kmpw747022674,93
wxrq933403276,217
zunj725168544,118
rpfy691592853,179
wcsy849783566,130
urxk363327629,129
egxr766830237,143
kmdy784463141,161
swdt600879720,82
uzir445830430,84
vqay735688186,97
egmp656005667,160
cqlg193745015,154
phzq309295323,202
kdgv283392818,157
gmug626868993,160
biit335575495,137
qzsq870178189,144
rqmc350248487,120
lcrf135617307,139
bcif332358867,141
xceb413433731,110
dgzx752032587,199
mhvo300829914,156
locx773842139,172
qlzv285103846,131
sigb567217105,57
zupg622877036,99
yjvd240553836,147
ouqz075672015,142
ldok814242739,57
kcqi341122870,62
hytv841679541,128
lfrp326931940,193
envo349612657,157
fbyu382969008,112
dckw042452140,117
vmfc685231019,142
grty585560451,223
eqff168160784,147
ivpw065661581,88
gkoz213012876,181
fymm729679516,64
biyw634726934,193
byzz141544834,152
fxit065131417,137
yswj838941988,111
vaby203194775,37
porr933181991,117
bmpu701426205,205
vhkw112854767,153
zvle836127944,129
xbuf671476762,147
plbw437893744,107
nejf881305383,101
almt870702252,114
kazj987590087,103
erqq723247167,77
tcwn485861231,216
ulzk913297326,160
ygip222810394,132
xqzv558869767,122
mnpg116518575,105
ehcu744896931,103
gvao571655470,63
gxnb458345580,207
xomi361629123,58
tflr080642766,125
qhfe856227082,205
iwoh504143184,92
mbls659268040,31
cjuu366571153,72
gfkv647305086,132
txya316902280,187
elmo760335736,196
liui424834214,64
llkt745948990,220
lndq594698906,124
hbzf652941890,147
whsx037976688,167
swis627350647,178
qzdn823886691,92
ztdf671914713,140
dwmi553427300,88
dzpf085036982,138
boly313497498,98
ieog486807782,177
iypy055720914,93
gdse187382384,97
dhjq018235656,210
dtyu604984470,130
eomg799196102,117
erbf477338472,141
ntfd161652966,142
lbdc628419105,107
wcdj888001801,41
wcsq989136228,125
ekdh880248874,136
gxyp468443490,85
txiy624107358,123
mpcr309690576,124
cmsw716477714,106
uhrq321229905,123
wyrc796550556,20
rsbi332195052,93
nteb921483781,215
vuro567243938,223
ebxl872480293,195
yzki105766118,70
dldo765905260,18
jthy449686399,182
lpga165969308,98
eeid213648314,107
frle496683996,107
idau666217446,123
hfnh015770348,175
esis123009857,93
drkl961006767,88
hacf085338474,155
mpdo146793146,157
xqwi820979037,130
bkdw029432696,227
dkkr770879777,158
rqet362232390,167
tdmb232256732,101
yoqh896977490,118
fcnr428812186,187
wyau028287476,169
focb167508038,119
pvic947274819,210
iajt567932753,148
iobt295009274,111
qdis209650229,176
vnsg123980898,195
adbp211414707,86
hope635255257,93
lksh997620402,173
ivmv183092091,220
wysd530510866,125
pufo421605996,33
zbvw917149958,117
nksq651499286,137
ebbq040382476,143
issx365791260,153
wzpy849707383,154
hhtb272013698,72
njpp697217433,173
wdrd422920914,157
brfo341552581,87
nedo048332618,111
zvpi539371491,216
shiu839078778,78
avdr940774862,75
qtdk066895364,139
fuqd016669781,203
iyke229405321,55
dncj844887152,213
lawf703689432,61
opxj103054744,239
zntf652556478,135
oycz436594379,88
fpne391096079,44
evvo556853585,179
xibv851482856,72
ldio381176434,104
roia240593209,94
ufss006218469,123
wvhj250518876,63
fhgh481889120,92
eqqz259951830,137
nswz690256123,94
yktz030382039,242
mecn753116330,19
bfsl464505221,109
euuv665660876,158
qhij918897749,128
yfly229255965,155
xfhm571629584,77
gvsu408487868,116
jbgw365776338,102
fpho453798056,64
lukd837222017,214
hhrj693381360,187
fomw933786888,159
vmpa836666995,88
pmnh956212049,27
ztpo870752599,108
pldj700707118,145
yymc305440205,102
thlg759478293,116
urya159334606,133
jhob490485016,150
ndyz874375018,91
wlgn517534992,169
npyk754144442,140
osvz658858647,67
olwv091052065,141
gxkj188882391,107
uags803364011,89
yhlz470649675,128
nonv177735368,148
oflt923042885,103
jirx740366444,186
riql563535177,195
tjpk595104760,116
gcec689324178,182
qzal761409600,127
rbar521574272,126
qzok183380262,148
asqc845899023,105
siqq741170330,104
rung806309468,82
hvfk116717001,218
uciy698199415,137
iwha203659346,73
hirc291434367,217
zhcc612642568,173
zmwr866473380,54
ghub296719624,111
ntpl051020571,128
rzpj762605173,73
lsfu893332786,120
vawm976844992,83
ycne580688744,149
jauk309271050,158
zxov203161262,174
zciq333704083,135
tgsm570452632,167
plmz015683005,108
wbsj929651200,98
rlzf487588467,202
qtdm072964625,18
kphu782070946,117
lcnc377598487,52
zsqz075386567,40
lsjg310906030,227
lqpr221536417,120
xnqu042475857,129
ombd176351418,182
gxqu522093021,142
dwbm303023887,16
kpch052608254,52
uvbg354674399,145
irhw643229368,102
vbtf148757529,82
sjgx278309011,93
pliw853064744,256
iihx290028071,134
tfol045526947,105
ulel319330469,148
yhdf316423028,132
tcra913838565,116
pvwk173148649,143
noqj430490374,212
cwzg894003232,147
toem845635242,58
dwct544970983,140
mflf536758603,99
looc219609775,132
aalw325993899,248
dclu403721893,128
reka549406547,213
rybc158296303,115
vcxg064129788,79
hnvz206081194,107
iyvk759078564,176
vnvj184126964,186
bjic019505255,155
frhp392004705,117
oyra153469412,108
jvgx286930880,156
pwcu640727195,83
agrw577574035,92
voir265659239,144
lkvu726511155,129
nhxs879722090,86
fffv795128601,157
dhml093774896,132
rxuq898518074,127
pwdv631297652,62
dvle585107480,128
mxss631771488,74
gegf779436236,56
wpwf386191318,129
szvk897550936,109
knfz098512205,110
qqrl597245592,203
aifw876916082,92
sxhu648693180,93
oond605763985,111
bvxa920799820,189
yido834429336,174
lubp626120036,160
qzgu384833604,24
rvmn735969638,127
izuy093471848,158
srmy926395438,95
uprf237007352,107
zlwb375781722,128
tdix232025229,190
upcm745833938,59
rwnb735696528,168
isbu458379538,53
nbhs176177085,153
losg145205562,47
mizs447749091,92
rone007421944,157
iyns803728526,63
tyln267408329,177
terl559340113,207
wcvo995029363,91
bbub059230065,217
sqti914850913,152
skoa643359236,67
xnmy546485369,59
nxlj591845657,58
ncrz502164963,172
ycrk712505459,143
xcwp430436615,207
iblx188193006,205
eqcs597741768,209
idum005389535,99
heyu310052161,106
dixp483214957,138
qipx686080664,239
ecsr836754205,52
rcau564985418,142
zmgn330241155,146
eomb715337383,168
fcod647026570,108
woms255223947,124
cmhn693842198,58
ovzh600026403,94
ythy451434486,171
gdpq310796424,124
lvnl145765307,87
ygsw761070951,96
dwti690520443,98
vipf328351562,91
exfq594423953,48
qhrt912707968,163
fyal835986643,170
cxog828223293,41
jbzs021248443,113
gejw623978202,140
kwif674549989,138
rsxw736074944,123
javf026041125,157
bsre729188771,173
orlf357408366,138
kgyc714035529,142
gobx618930976,75
ewhr067858425,128
lncg067717683,93
xztj099397630,182
sfec770284643,120
kpks866972719,115
sntj996322479,57
weht210228587,73
cvpw371001488,165
nkod623379586,144
yoxp174979386,128
rzeq243200052,103
cxes540471486,143
wwve206217150,48
loqy430001953,198
omkk619660104,65
jdwo797901875,88
fequ232158325,85
xisu844664310,147
mowp417845863,141
nhgg619886731,114
bevi793692386,118
zcyg253041877,140
tpiq906522624,196
mofn415990816,91
gfdb680914770,140
mxpi527488740,112
xsde850901013,102
bbkv010349789,1
wuel145778470,168
etbn488415375,95
qqik896233898,212
mtgw243017169,62
rstp317638501,202
vlii637712843,213
croz005744994,87
huuc961682498,110
vgqc762446457,193
pjhl884701244,92
rhet969238773,162
oyej500695754,22
cgfq955355819,198
zras966938511,185
uaxw104762623,147
aikq700476473,50
ntgz471460214,184
ouny260570461,117
gbfl400867171,93
outw576225591,137
jbij329128862,168
kxkp034410423,91
blkh026373318,110
lrhe316879463,198
qokm979287435,122
amej768823025,73
oigr966956316,82
ajut665204298,137
ppqa445692289,205
lzkf441061840,143
vcgc807776907,129
gtns166966307,68
vbli887661086,127
dhqc095863250,137
xjsr866085467,152
ocqq374053046,25
niaz834379782,109
ircm089776359,148
behi191362032,160
hksb343040189,72
ciut530520548,102
kkpm327908940,82
ppos253362636,103
skke907595733,97
bpxi724685971,48
obxc145867301,53
xhmr052749564,113
adjj409672620,98
ezwr965938988,20
jhwb104938213,145
htqr205870048,183
jiti199734374,191
uhek200907234,215
cvxg497046525,186
hads853913474,208
wmog347571561,272
hxei512396245,143
nsvq860275621,12
rqev166023721,123
evku163756754,87
ejnr123301945,96
gvvp694112425,112
qpbl735052094,108
kqzt099251679,113
mqng742022672,135
aebu077064814,85
kvgv186976810,114
bvwn979194913,237
adiu411489110,159
yplf506077629,77
kxdx925420420,25
vwnc413634407,97
ipmh706425496,69
jgpz956616460,105
achx419382767,72
dwou276457700,188
aigp351310345,133
vmqu473744216,196
qwut543233705,28
puqz300117493,145
pacj171062802,220
blpn691122119,119
cxun791549184,80
nibt897212417,144
yzyv510183612,61
kyzc905142538,126
ugtj420665555,150
grul848508139,192
eera022264653,165
sbph973486747,41
uknr264746965,140
buyf082943258,94
wkgh317967233,108
gslk012966826,129
vmpp400771054,86
eiqo080580656,118
rvye638706646,152
tvoo824289539,142
egid215275405,28
niwp373458362,188
epsm336958909,128
pupa164939391,162
qlhc735870749,70
wkgq411052173,137
ayaj201241775,143
tknw914369280,134
okuo618354310,69
dano574793988,168
dtgd072370110,78
ivqc119218474,15
pqka543784915,53
yzpz553952946,63
edga220112902,105
qhng798718227,146
wexp291717053,97
jjcg714694317,67
gwom308973659,172
zjov356432804,106
bdbj194998926,75
mhvd999095748,123
ieki386336917,214
skbw796636169,188
wdqt651815245,77
hyxe320144298,168
icwn581273074,132
nesj140224546,102
dhzc378823339,159
fkxn988881410,238
kqoy700632236,241
pvou009006258,175
xehs949919113,144
mavx235537202,92
aynd703499644,44
tjgx733681715,127
tdcb272474294,197
yqdz237510812,93
kzis622349053,176
jfzb132207383,169
nzwj658510245,145
ygaj653039826,75
hfhz715235372,164
pcod925361708,88
zhdr491823064,128
ayjv211798889,140
dwwg023844650,122
wdad140017146,78
hdiv068114477,127
ktzt053940208,139
hsle612205967,166
cvcn598897007,82
mpls696156306,122
lpsy820965857,144
ldey782631108,126
zjfg260551735,69
gifu432621953,124
csdk510311466,132
sbdk210032280,132
puxu022119317,51
jtzu657411570,118
iizm152470742,14
btfm969068738,211
zvvu899448117,83
zwel325207305,91
dipy424560476,98
dzlv707541707,105
yxoa846354899,33
wkuk618496406,191
dbrl021417409,124
cdwx584680357,111
hycq476481074,77
bcmr189231336,135
rcdp572752821,103
luls182632868,127
uxgu092189665,58
erhq069539794,149
eklr112179474,96
nhok690079470,124
jdxh984081643,94
qyxa003006723,205
nemj326622443,259
rybb904032972,122
pznd962348122,82
jsyz755112847,98
guyj682509390,132
ozkl269725205,108
utkj090369471,133
tgjx880604444,189
eocs209910469,97
gcxd097702882,177
ybru294711292,202
nocj938495186,109
juin723312217,130
kcim222523823,183
ayrq240261027,157
ntlr143607212,42
cgxd581136793,40
urrp476578132,116
dpzj893021345,89
iilm864455330,62
nueq424390647,122
kfpk982404642,161
lycg959453636,194
hele210805510,147
wpnl902620336,145
qpbt441462718,138
mtpb961035133,145
wxzn327559387,133
lqjj627744350,83
smeh602206685,55
ncpe641518875,83
scpn121522545,214
oboh946412109,98
oraq842664068,73
tkeq575876631,85
zkpv927268165,145
cxsd342749449,25
zcni088049978,127
adhy126141446,149
bikc237014289,97
msib763867657,88
woss177084281,215
ablr678062995,153
bbor455649527,120
vfiq247000411,148
eroj930040858,29
yibq811245398,78
jajd549716046,220
zatw944580022,131
imsf335758421,242
vxfz660232111,103
yiyp910950346,143
uddg347187654,22
zntb431692006,219
zbzv345102959,146
iyer262186947,59
hkkm813944130,68
pbed226463236,75
vdij061310934,122
msow126632459,65
ambc819423299,102
plbg788876362,124
beki497409242,111
esid384119129,95
mxae841042926,123
foqa689579151,38
ntyk641151314,236
uenf154284936,148
biai563185775,115
udnl844692898,98
lzhg577902554,169
fdct369047973,100
gunj378967999,117
pjbq052533590,201
bqke820728048,188
jizi752979263,115
eyiv342437488,73
ulyv461881790,115
ykqn856125295,152
ufkd311046550,122
fzok620595690,102
dvtk707683918,25
nicq453802842,87
csnc678655903,78
rzqd304736668,132
htuj407053036,157
crqp122445699,72
btvg921010500,119
fqlf620665191,80
jnda914540801,92
xziw207211257,70
yepj991510536,20
zvsw063629454,272
swco554194257,197
nwvt665543662,82
qwxj852127280,253
pkak593987810,77
lwre544478513,125
ltym913808404,193
jnbl579197482,137
tjgn834344064,78
gqud964997307,113
rakw326722144,83
epkj629495732,83
mero853423067,167
aqjj419657356,72
ciso676602897,133
wocp968221634,82
otkn971564455,75
veyn211117526,178
vahp264689123,55
bvru526722249,107
merm117588575,113
uqos977164722,110
dpkk289652203,173
zbsj060689216,107
libp049542593,96
jpij481137728,13
srro515399226,102
eamt771494035,138
crbu450941824,122
ssmk085295785,106
qkkt915618034,31
hcrw487363141,108
yigo616094137,213
gemf926454928,113
ynym114566109,132
luwd128979990,222
pkqw754576569,135
xdlg766664859,157
xrsh285760221,194
koyp373610104,147
yowb546411629,123
hnap347640958,144
rmja781351897,48
frmg230027188,101
pdil557994985,172
jqkl631535247,146
vjjm681231827,92
qfbc664387214,118
esmj507302236,123
ukfe713750958,80
wtan153158939,115
aulh331804644,92
uude165912149,91
hckl818555357,163
uyln103919259,88
pcqw246123849,118
xnsu066439032,222
kvxn235299666,97
jxzi425567159,70
sruv574379179,142
bwqt747564824,92
hjsr984587660,102
ghmf619136622,216
ilpi494937231,67
qmul877521801,81
mpen558305747,167
zfvk921530334,73
odep604824878,213
bbmf704819737,107
hhct718344981,199
tnzb021223567,192
bfgp168190958,226
wnno574484941,59
ohbu543011695,223
uysl549370966,173
iaob468830099,63
voum194459321,88
bujx881833752,115
erek276483222,46
vaxl597353789,136
ltyv942783181,169
nhaf111055503,212
wjfu056468797,195
fgsi297034507,214
xqmd130328789,9
dnwk760572833,53
hobv065190555,127
quwt276339628,130
hnzg350676698,33
stpz213907160,106
ogde609044340,107
ioef237642246,138
zbbd262143692,157
anya512268909,82
cppl167407367,107
hlmd618325025,11
kkof049799466,98
zfgr274252067,142
yrgq827694062,100
otoj279284225,81
ahat200403195,68
llvv927791125,73
vmfc355384325,150
srfe662476204,139
psew364027357,119
ghwl803451105,95
reez975890830,122
goao794474824,183
tpuq018864905,70
sbuk158922162,78
qbnw067287029,68
artq756832503,139
qulc975615960,142
nyxc670105493,160
qcww339891249,132
kwil591091989,102
xvhs282513715,233
uwps173328347,88
porq900388826,212
nhtz487568593,84
myta199956267,77
yegn076001877,170
kzjg537429508,117
swog746866519,114
czmv494892984,200
ncuq122047485,137
hnmk076943329,73
xbuf674070067,127
rzwc996677452,43
pbkb204358252,98
rzxc275754436,176
ciod949514564,81
fpfd394687522,82
fnmn236632968,113
fmio559298069,133
qwnx747392607,47
zyhp349682039,83
jxtv004303045,102
awrt858885603,179
yxoy826216582,109
zvgi108072355,73
crky606988671,167
eauc777171115,236
ztmn254638397,93
yhba661805696,122
bvmv412163123,220
nrbt905510946,216
cjmw833952854,122
jgre691773963,235
pqhb328360042,87
ymlc115430283,80
noea563641634,143
mujb063371721,135
qvii881625249,98
vdyf102086563,113
zipf777682110,168
gpub830859328,51
syal620516800,96
mkjs923749816,93
gcoq780220293,118
nkio333152500,130
vucs437949224,74
rdwg612736026,135
sych413399225,85
vrzl934372159,108
qtmm977300086,127
jaqh160727787,20
uvwj696710317,199
seha291817504,100
escn989021297,133
zuwu956992540,85
ztrj325694647,102
wyjd270371819,158
dkbl645337806,88
lpwu288981775,33
fvfv025547297,129
ardt399430534,107
neyd094643069,65
ytsw140651117,13
egcx372978925,62
yblm396246606,217
nrue726374701,41
plta841927958,160
ryzk791620407,177
siny174815144,245
hjup127043638,93
lsnk497656095,84
tujy491804823,220
lpch252061188,98
slpb790299023,202
zsow816537872,87
ceuz676206196,178
qfiq542736223,151
ykcb467902830,99
ozyc696578655,126
xbkk360282588,27
zawx229931273,161
kdpd757084521,108
eppd285409423,172
myzc347753679,84
pzkb551931374,138
lxii504040660,214
wxpz175844747,28
imqg041838388,262
erfi429062864,180
xgnx511080805,77
sokn131428386,178
kwen552031428,111
jrln809275188,12
qcpo329736035,97
nlmg183538189,127
tgng833074523,178
zdjj537300801,130
eori879983005,82
uguu155609076,138
sudw243651116,34
rgqo151937744,126
esvu688642348,150
osbn421525270,104
mqjk989797137,242
tvyg044177496,178
ngpt744513082,117
eehr752658511,143
gvys304506294,39
qvxp014048892,79
kzac525303050,83
esdl443875274,53
fckk060220337,143
ycck118391424,131
huko307393529,165
aseo016975525,138
otvz858052952,162
kjqo068384718,107
chav421418945,102
visn140295769,75
acqz642900591,122
ttfb644577848,123
iuet044663792,82
shez923295893,193
vzao845560042,87
uskt635266552,137
mgzu950562699,121
fafb251607550,89
cjay405507467,177
tsit266370921,61
gghw779026881,218
sngx624670426,129
wfdk007729327,26
rdvo384212408,163
kzcr462211974,84
ohmj726522422,83
ovbm855871647,160
taqb350041251,92
yqya168642374,92
cnay972621491,138
ghlu938103902,189
iltb932997193,78
aime320225460,157
kicq289950386,108
wmno370264578,231
rckc923414474,103
mjlg766465159,222
phku902806488,78
hlzt512826793,246
mkgw257221223,92
cpkv477462489,122
puuh639960713,61
zcnn594970420,22
hgqf498386066,74
gzui094769379,135
uhab744640689,95
iamm162930506,137
uabg114032421,58
qvku901903998,133
emna717809389,126
pbcl113728532,146
neco053306714,134
kwbp221212160,58
ozrp459220031,71
kdod574784130,62
dooa729540904,193
glef778899190,140
pseu612232540,22
qwmu565506453,124
wudk288382173,73
cxgu395146383,132
rwsh622007364,142
ucmw862405233,120
ndna050432780,175
msyb224791330,124
smib550465408,146
ikgx750749709,60
eazl337514889,128
yvzd424578213,92
wkra036202383,138
twdc349821153,155
ohio488235146,200
ojsa189245871,32
vhvw490281741,121
twfq511685576,103
bipx473179291,118
nbbg338753004,62
tnyq314371184,110
lzyq560020569,136
hglu189491435,213
txmj503115391,143
ziew398182433,36
tjip068172736,113
iocj156839670,24
gebs368571322,72
eyjj872652118,112
cwpl232583335,16
nxun523130115,98
fkdx043589680,119
babr784041509,53
fdjj521476739,192
mxxm793165915,198
kkyh385456144,108
lxxb287126742,217
hjdk506458818,146
yfzz635733099,133
hqet968606473,224
efhk076575360,85
arlk549931705,17
aqnr662898095,103
uyvn195536459,245
qdzh507333812,54
eyqc021662779,155
bslj429901646,97
kdhw849485937,138
isiu401936376,88
uywf025942682,126
spuu275632164,178
cagp330133320,88
kmxs288767781,128
wfis173502440,17
tqzq155999478,145
iqjc559701636,95
qhcb452682424,66
oefz644692819,79
ncgr836038424,62
kjdd634404596,117
elxv874845458,175
cppy506110634,94
xouw483309146,97
sufc476318063,234
qfkq721552495,190
ixrd165808970,84
dwps855440822,20
wsmq968154957,224
wgdb295720579,190
pdgk880799433,128
ufxa262828632,242
mmhv508720486,93
rrfb879878637,82
bixh890586031,128
gmxc278467432,112
abvn846259572,143
mhdg981604473,116
tgqm714352825,140
owkt851379346,78
aixz711025739,143
zqaj645563431,205
amwf179955619,160
uoua305346005,64
xora992615827,20
aydq511118348,95
pspp126721335,87
cenz260567450,197
dcsg238023068,125
hmac504964960,172
czdm931980009,170
zpwc632373075,228
jsiv151108598,55
aesn846762378,190
tqye108344589,120
kqlq170682508,123
hskr093940593,143
jwbt499214018,116
enmn243596962,170
jeix294820642,169
nwrz679714116,187
zpjd903952295,136
ntkv378992865,148
hllf717761261,162
umli653765422,117
anzz987730618,169
eqrq293453210,213
vayf154245343,90
teug381705083,255
mfph508846680,157
esjl921711544,155
zhun178804452,97
rliw919531363,113
jfnt849497631,148
uhot642550030,191
qyob886063608,183
mvsw037436692,102
luci476412435,40
jppl844441828,28
ofqc370396393,243
lntm306358842,275
wext235627633,131
xyyo738416527,68
ooav578635271,47
xkfe141444745,60
qzmn944237458,196
jqet358668802,163
sdyl578715305,177
intm464155354,107
dxuf063813843,24
ukkl926963331,147
vogh915022528,232
nupq598465528,140
wbvy109965767,185
hwag315871131,112
zvdt857508908,105
pgfs146008867,75
rkju936766681,93
tyec142373908,78
xwtr364774220,77
zfhv069402493,102
saqe741127261,15
thcc558981888,214
yyav564095189,23
rzgf983894048,146
eoag464118917,115
wpoa392044331,198
qzoe324395070,225
pjhk866981164,268
yrra402801219,188
yvie805368200,85
cnxp641321314,211
bswl736691357,136
mpyf141858889,127
zmkm774566448,103
vnag560680354,25
nsry987585970,97
rqfp617842426,99
pnxq842551240,146
yfqj269889707,86
ibve301663603,57
yelf725111896,103
fyjf023590808,244
tahk633117705,103
vcnk349789129,133
feue369756400,49
beua038482894,169
clsk216756895,74
acpd503512919,88
frpu015050485,120
coan342762074,138
htda150092137,158
sdha448707905,142
yqtc851699980,152
dyjl859880832,181
ibxd431309735,15
udig368546128,78
kixh464329665,71
wcbd499940556,167
qtlb101314404,142
dzlp239342656,97
ykef457380577,106
ecne876859050,162
pqnx286838359,180
dvvt634525967,193
decu721053284,111
awvd550755526,169
lunb220743010,243
myyk109025053,143
rkxd028798328,142
ygms584615025,93
mtrg318926279,57
khke924522195,121
sqxa310414774,157
iynl324297120,110
ynwj091931647,34
gwax716159863,59
emxa919724607,61
olrl384050067,207
qxct064748453,70
fryf324276333,147
qvtz168129338,64
zgwa272008099,208
npqx191214582,66
nfsf840387625,89
fxkp259574608,84
cbge175861352,128
hmyr540127414,123
cdeq044025728,71
oncl342719726,208
opcb746885354,244
uthh855051037,227
xkmi685422525,212
eggs431872479,114
chnp351365445,152
xfuq214394909,119
gpfh405379502,143
bfqh777540156,20
civl793711097,79
dkru076643427,133
yclt402251401,78
thte793649509,220
gapo544326505,114
ftpq332868036,168
tkan972084207,126
vwsg034048054,76
btsy727365579,228
xawt898717781,260
gxne851791300,142
seas048126416,145
eali317640003,100
wcip317337891,161
cxca579650806,138
duan566700187,145
kwyu097186599,123
fiil782263554,61
kqdu705073851,122
ayhf841858529,99
bmfe887808559,126
vejl190548033,193
dlud852304701,52
cuzl049280154,178
xaas635217046,152
vdkd812154639,131
crjb898495436,21
dswb320902597,149
tmvs786059435,93
edkx949308182,122
stet841236207,146
swmw455850988,82
qqli401034729,185
tfqr047439793,120
ortu643411655,77
ocog044585396,167
eeek504900118,31
iijh585435067,173
oriu995391158,28
kvui521051306,142
pxmz520035375,162
ncbr604765708,130
qqom358044601,128
jcri821805052,139
zekb318349895,113
lqeu083231042,118
jpuh345900212,194
nsaa088987195,122
ksoi342235700,123
duoo858775671,118
bvmc947585222,171
geap001291489,197
gzba829118710,124
krvd075961077,181
ohmt304402129,114
rxpg741161402,218
fitj374894234,128
ldht064418048,140
zcva613179038,88
isfh323396368,179
vgcs615933755,25
iyjc045643023,179
mbcd324694983,89
egji183437245,142
kupt066038503,19
yory158366198,198
khla124345481,220
iohh249275934,110
iypu867892447,189
wezi233644491,127
bnze647737797,86
xmce620416022,13
kpfm356428922,131
pths167883831,118
jkxm034348836,93
mode850131463,122
ibro674708237,184
cllw703439706,164
qbji621644999,88
iekj889936299,174
tkoz270105143,129
ddlr391638431,120
vciu495974054,132
xgsw271358381,103
rtun194964586,105
zmcz761878297,158
ekzk979122104,125
xbxy278765752,55
rqzh146834265,168
micg122815419,105
tdvb358895838,157
wxhu251903501,128
dtvb173102305,167
ojmo237950800,28
wgdt954501151,179
pcrd287687811,21
yevv200726609,57
tdsl696009423,78
cjxk645244186,132
sroi871228904,62
xhly583991299,103
jeib431313579,75
fqgt291991901,153
msmn585640918,130
inws406201045,120
wdoi944106800,170
tekq367898623,130
tvoa765633485,98
jiqj987564399,204
inma084590115,53
zwnn607465387,239
kydi628310155,137
zrgx046833766,172
jnow515236777,168
pdnr840458292,45
bdgu668300024,144
vqve633225061,76
xwyz495202971,214
ugry150963809,176
jglz922615321,89
rypb574878879,179
ekkl764674164,130
wdsi937928357,192
gsox489043999,58
meba077872191,48
gkga880939017,57
kxqa489045902,103
zxcd053866171,91
jsjh913286330,61
ipzd561335368,81
hejy353860296,168
hdow322755630,106
rgpd112600739,127
mslo670942357,51
soqv914344701,128
txsc188817610,128
fdta119557916,206
oofy510836235,222
tqex812753406,224
jukh748221131,123
nmjq880629777,133
heiz266889174,183
fknk523356223,63
bpvj339809923,125
tykv238523891,170
aktz699295968,192
muks821342210,69
efvi837908711,76
jnph090870190,83
gcfk176324747,24
rsvc355892631,209
gdwj466707607,146
lkja039964943,33
qjau412508446,123
ytgv632588295,67
qakh144415035,188
urdy999790809,114
laqz559390337,82
usvs141244536,82
voei361742676,135
nuxa936595821,132
babc501640344,125
xnbi256203647,72
dxqf773529965,178
cuyx681075957,149
wjds041639303,70
dzdd744141385,92
hcxm371240209,54
upoy286978004,134
jdyg324187408,71
ytrn046856267,147
netu737829684,34
plci997708263,242
rxlf644209479,192
thpe374552408,150
dytf595904898,69
fbhh813128018,92
wiaz366411727,126
vptb371802222,114
aifd312054448,98
sxhi756717883,214
usfn818612691,16
yvfp858891369,212
lxig321016072,191
kohp723048607,107
jele684717529,172
ibsz424775692,116
dwsc832924716,187
zhmt736012313,27
djad848800232,127
keot115728290,207
oeow147397411,73
qqeu885885914,203
vlbv769001313,100
jckk117641623,196
qsaa400133782,153
voiy152264738,105
npeh886131972,76
nlzs556263186,54
llcd719018335,18
mlyv427121093,103
jjlb528114444,207
jnrb703998730,129
soal492648730,129
yavp717315849,141
pqjx766156669,55
ituk714823363,173
xbmr108433167,70
fica490067276,138
nyjl336520650,105
ieev712900592,240
huzs799246069,201
yluf122196144,233
vhmq449410732,99
evdf357190677,112
lsjm746443678,159
lavf362236093,63
gyew718727467,170
xmxr635641928,153
sxzt841086467,151
khxg180020339,133
qnhz777007546,192
ebes517782582,104
jray768569239,186
qhdn326770042,130
cube489940966,118
kaqz489118864,118
wybs324561472,138
efbl986185657,118
atni008390116,195
cqdn641501548,263
kdcf183778094,127
pfff525703792,168
cilr045666275,212
llfl459745851,127
gzhq722195629,147
gybe471445711,127
fozw370407607,215
lnga881646048,96
uadi372637226,211
nfyx191423971,68
bmrq664309116,196
glub604658202,81
qaiv387132536,202
coku022967431,89
ithy131752292,77
xasv822998886,170
szpn357034911,86
vrth479941684,110
lfow657140318,238
cgzd779457578,126
jncl587751129,177
wpxc163212947,108
zxfk691984257,164
ehjp755533485,137
nhbh414522070,102
asbl162001440,117
nyxk724766949,10
nwle471022866,71
jzyy303541708,114
tjjs084182176,190
sayb513484612,217
urpk396905267,135
rprz997763246,216
frji073404660,214
iffs846257788,229
viok522744551,127
xqpi981961049,185
wssu652403287,127
rwji057422920,73
fjgt196718750,187
hcfe748682334,101
xsde258732480,102
xmnu158812798,111
uozw634837069,137
komq733956826,81
dfzf040793825,83
jflj603536134,117
bhhz656800356,171
brmi569647925,137
aome389078463,101
ezib289426026,233
dngz358385552,197
gsuk310370791,231
kyac875952098,77
mdzu733265024,93
nbgc948007420,201
yiox652953123,28
rhuc689388936,112
vhcs775908976,146
bila622284796,85
oqlx217284233,234
ceut182870178,158
zpyp605419520,151
uscs514296902,172
jcbg151771402,49
amna336746862,179
xokp182845319,105
ouhd778260061,30
lnyb893352570,201
wvfg372994838,183
ulbg280843428,185
mjcf934026556,179
usdp030306121,134
qvhy592511897,105
cqph854687853,77
gnbu241008692,133
ywom875992241,77
xiff261862098,58
yhik071560641,118
nzkh438268549,77
xzpe410579914,80
blux309534513,205
yjff745670445,157
pqlg643575603,68
pdsg112655446,197
gthz319527842,83
yiuw433772082,133
dzwu266912904,76
oacl671041292,106
ydxg317665270,51
ksef632757569,106
gjbc759071313,96
peyy605554591,132
ykdr107754113,72
hojm012312702,75
ilyq005892346,81
rtww226632534,102
xqoh574989007,57
cjbj158464650,105
wkxe494073400,116
klwb491497827,108
rswm929909668,87
moae461188272,130
bidg724512649,237
nuwz862785638,48
jdtx966690670,147
ptqu531548839,98
ozur073278199,130
eftz524532793,113
qqhd874800559,169
xzjp311130297,115
scsl521028876,83
lbge118882901,154
prwk541696561,116
achp082457216,219
gjem403494817,188
qlis674126449,102
gwop492185291,118
oopv277671887,93
syja671120561,158
rzji631469404,82
sohz501370361,66
kwlp630004819,142
fjxq256722370,93
lfwj515821260,132
lfmq678670752,128
vvlh591842583,223
zvax503821300,72
dlmc121704817,143
umbv156674772,83
tkbp676848540,19
qilt724376765,68
bttb175409775,90
fwub328745749,97
ypai370276898,211
rwbn063550447,72
fblw731396473,210
hziz663267083,151
jupf484313413,87
yrbw058097888,178
fpgi942170985,52
dsjw927362894,204
befm957030567,138
wwhc270439785,142
hugv557437971,107
xqxr540590779,178
bgxv835661582,124
bgbn300296747,149
ikyr944300102,138
sgoj746307689,160
dzjy089446351,53
vlcq438649238,173
rutq933810820,72
bjeh178485223,149
touu754082448,122
nmtd714174510,64
amop114879140,92
ojrr658179779,235
ngci226701338,197
bhpr010633613,92
uzcu585275483,139
eygy784657475,271
gbpm531367669,24
xiyy664434790,138
kydl362632259,117
zipq935663327,67
uptx780744744,168
wzcy962531994,58
xyqy541837322,45
enjb324603832,134
spiq064485154,98
nztp441858015,114
lehv946882260,87
cvpu427702097,224
nkyg647503654,77
tshd168411940,129
wiue965306583,77
rras991681923,172
ywak525010054,137
zqta262281503,162
xtuw662708518,129
jgsf080760806,47
uzup134521816,83
kgpy591804064,74
nhmt439753510,137
fzto507954547,133
qyno335734281,125
inko172601893,195
emcz940433934,61
vclr131979381,81
tkdr248379902,68
tnpk933818498,105
datw368590963,102
vxjs305405927,143
wgcm390465476,160
fqbp917463311,92
rinc245163495,125
qkvu702164613,127
yeyz996843753,98
ubkd543772985,53
zqyo349792248,193
gnxa546399628,82
vkpg511951801,210
vpdf909382606,125
lucu544484880,125
fdhl364727288,27
gyti220062985,202
cmop745273862,117
wles570547394,50
cazf810075258,8
qmdl989102938,205
ykns866076899,154
burr685443617,92
hkxe138954979,133
uixv007555530,126
fogs972589096,73
khca909899762,138
ekoq616946321,100
qflw736748392,113
qqyh485000628,141
wqfy519479535,90
ixrg004819906,109
ifun869489480,100
olfo193697573,205
rtee789675126,76
guol063155359,143
rtlg671776257,13
zckm343001475,97
qlde895064692,92
xygi633632679,123
yisy011903571,149
dotm808544846,14
fgpd553966843,100
uldd689149905,194
chdb048899620,192
zvgv538353847,166
axts351145641,117
mkok534619587,144
onqy110730003,123
ujcb284419421,157
qiyi724821447,147
svdh027591151,239
oamx681609842,96
xuib013666594,163
vgrs061816486,218
dtfo023242592,158
fieh579603482,173
brpi924079508,142
tmse611878834,128
wubg517685957,134
rzzc460513680,202
idly768549868,107
xmio994401660,88
fflm179948803,130
tcfg776820925,151
lpdb182655556,135
nkjv445510912,131
sdrt272614759,129
odqq128684720,23
izcz633030347,177
uplz166853448,84
pnxs486961080,188
tuyz814074213,145
nctt873617356,123
nbdh588792950,150
kxmv434711010,132
irll566991535,113
idkb117388068,82
ezwi508333633,170
asog875049578,128
hens065532014,92
fcnw707252509,141
shel268759463,97
iych830155129,128
wkgc473182410,70
ifge734385916,79
tjfn553549781,235
rmdv106082569,150
lpfr448451234,114
uwjd754683254,123
thtn157705886,71
npna943756028,141
gyqv058421560,61
ombp487774057,92
rkom743712708,243
bhxk964674327,100
ilmv776407699,122
wdlf187216685,40
tayl515942166,132
dnst235935890,124
ihon851740278,63
lkyp281165648,163
ajvs219394845,150
znlq899681272,89
yerd671019435,53
ddkr685776159,78
zisr237952057,70
kkoa909105805,120
wrgc258277743,108
gcwl988017122,143
sqdz403173267,198
jppi512550942,61
gvzn573881412,57
jxwc922574294,79
udfs074553452,155
vims047545055,113
pcai934395428,180
lxel090692884,123
bikk389344631,158
gcmj559856579,122
eyxx968611644,127
fedj071718987,140
fmay682471037,134
qkvo887770046,134
gxwq127585725,115
ctzo409307640,112
opvj042415332,250
vrzp503859554,108
wzta495312491,168
xcjs190147462,84
qpht555514557,155
dtdv794883895,189
hchi914291906,101
vpkn568423955,19
ibbn094420055,80
csad638654181,22
oxyl079355618,88
wums429600230,70
brjz363714724,180
fxjw910523780,192
qhel005267897,120
cdpi899277646,161
xoyj137328045,62
rukr466703358,97
fbna929184638,50
ogwl805874955,133
gybd889463759,164
ktqh751917093,197
wmis102476046,127
cuey889061907,60
eyuv235511893,17
kbkx050607549,133
mymb413393786,140
heae120582185,122
lklc346070951,108
xshp128958566,33
hedg881700588,19
rekq055599734,84
qwvw453902220,150
qqky211998442,125
jzsj512410728,113
msdw103959514,118
uqhb640112063,242
jmld708166963,230
pqsu794667058,72
ydqp773751515,176
diuf487379173,193
bahn453372035,12
wnig417563807,237
pgtt478478736,100
mfys124437995,103
ivvq090408068,123
rdfr986751477,58
duek171439493,21
hyfz728695299,98
wnpq801430240,105
eugy342616522,152
usei741327255,158
vgem777610986,67
cmrf779839580,112
vaqi577313592,68
fbxb120005517,99
xvvq228790142,40
zbzk590506818,124
jgxr808021165,25
hecu463384234,127
xinl613048606,129
zqks345333548,57
tztn592358242,191
kfmk556468348,50
anbl421414426,43
wgsd730822538,81
gneg183637298,92
aovi751945759,89
wceq577409885,25
uani286840540,133
nkdl216284783,134
frtv873187085,102
rxxt397703745,133
gdlp555994871,105
xfvy359773318,98
tgnf718779587,137
twgb609900886,80
uyge953945922,93
lzim326742389,209
eprs343405297,84
fdkt853180786,128
ujpq801101719,212
uevq815134483,132
ozgi327535696,17
tjlu365404399,106
hcme864762120,142
ejla947023543,245
xxcc183129460,150
qvrl148368875,131
taqe134738894,135
usuy076029759,107
tmqh101873550,103
utfk190839370,202
qlsy541793877,35
kkvu935162448,132
yvgq228993745,179
mfmy396399945,126
eqje313456369,213
lixl501704126,78
vdey537340058,144
fdgg365079226,83
zmby041720397,243
qgds252495330,127
ljqj434856271,175
szrz809086651,183
evuh319102432,101
czzk702705850,130
mudv397843190,59
etzo074339536,148
ojth181775411,165
rdvc046586746,81
bnat456216280,72
wnhd270362606,93
zwrg255123101,110
iklc216809026,130
wvow899812840,226
mbvt893262965,100
cuda860521806,101
qgbo121278335,86
kqrw125284064,103
wrbx260236085,159
bkwx494146391,162
umcp005922177,150
itzu753886333,58
jmoa337591376,243
knkh154482991,125
gxlz589816499,163
cifb443880416,179
oeme134974675,172
kfnf275099969,88
ycqq641036463,10
vdyx806341483,19
gfzy414648981,103
gnci390469098,186
yjyy522372368,177
ehbr597831497,190
fsej409534113,132
zbcr142112245,123
ipgs862871136,119
loel805534400,80
tqbu729930756,138
daca653040065,238
rjba704582183,76
hgro279352952,56
kwxn980661899,99
xyxe025340688,114
reir372269087,142
wgbf974022596,143
geuh543885664,223
bcps656935249,96
prhc454148452,76
yojc945205659,157
agla848047627,144
fjjt481428694,100
siht173095652,48
gpqp018374748,147
feyh350518403,114
pvcj494564818,97
ftdv346991492,115
axfl946113055,136
meuo914252405,148
ibzb446941365,67
uteu268607674,78
dywm256065555,202
wnfu451900901,89
sgci346972458,61
ruyb199542434,76
nrcn340046285,173
juno283298829,213
kgjf164845086,124
ujii758861635,93
mlyt031910456,131
mvtu657596562,137
cemc107076705,212
fbgi216345502,102
jaba203121983,149
omwf443744564,167
tplg370065839,199
fzdf468250182,107
okyz265358017,25
wpvh270320935,27
kebx643846338,149
cnzb330940590,109
cuao083856876,147
pflx246149461,179
jdwq845099439,110
sgcc898307404,126
yixb185328700,213
akio759768945,8
qvsw348068913,118
ihpy347243449,144
cwof179164679,186
evre101034224,78
tjef452808500,50
jhvn730036304,24
pgda555954931,89
yfeb645097066,100
zrvd152683004,78
aszv971465537,169
krem974510481,137
vlri946151493,103
fgha297590989,132
olgd277076140,130
raag138455317,227
wmef610217484,174
qgpn585212361,121
rqnj176628892,102
nmej463272368,109
frpj441808472,136
scqw961665587,78
jbpr654804848,143
ywkj859538995,87
mdou482131318,204
scca958483288,93
ytrb133155518,171
mbar791640394,106
zvxi380289927,140
thne741894047,98
xjue351998039,115
dkpf096810305,157
tbin121379734,68
anan088075479,123
bwcq984352395,176
hxfb723136915,124
lpfs903454625,91
gwqg869183233,167
tswx343350457,22
toog217731673,236
frrc742814738,22
ebqf810330610,87
vwnd790285172,101
knsz261037429,67
uhqr263122716,102
beuw235467018,215
ssvx225243572,89
qiag957738918,154
ghwr072256556,149
htea361374034,113
xrax630412075,164
whrw773976821,11
kfwv194512927,117
jpku527119652,78
plsc217539117,122
qozk562862161,102
odqx086961290,139
epda188386578,152
bdzc229399447,111
uprr809125110,147
ktkd463522150,207
nskv212163944,137
ktdb730789698,156
zgmy808865266,147
ciwp465760294,112
frjd791911047,57
hcau091651880,56
xgrg688265904,167
vqgs712845286,183
qgue633412716,86
jiek517438491,119
xmxi088878365,177
gxvx737523835,244
vnlj002868549,90
rfyk328432484,100
pyti169216443,125
ummn860629368,170
mqvz627278673,128
xdyd245850239,207
xyia556614429,107
gbii312494926,72
rdmd496770537,124
xrlt366638110,82
uain162655311,55
puth085127294,140
arjz700525024,111
haqs702420475,73
lonk830920179,54
xpsf603940847,81
bqjj207718052,217
skzj289982364,139
feru213038048,36
rzjy740462800,141
ysbx000851170,163
ufqh591501938,188
labq641645556,193
gyvz075996660,143
tqfw194125228,127
eesh831229174,203
wbsa245876054,126
mdcf656769002,80
slrs283000921,141
pytx546233742,60
fdpn413513187,190
rzmc296229392,121
axqn598192406,137
nnwb188302282,261
qulx255332724,229
pdug115375092,167
nmtw900506155,30
agey154584187,197
kmia659687890,84
drqc295846164,212
etai981615902,127
tkrf279363605,167
dclp804261188,23
qtal326488688,199
hvlg966556995,77
xtly050507259,147
vlhr173302719,196
tthv481566492,15
wntz917385247,177
klzr299958824,133
cedh107153946,114
wvkt151436508,149
qbpb367281532,91
ogor595299310,142
utpf143880537,189
avmv176051377,87
wugl942320871,142
rzkc987910743,84
qqjt841579461,67
qoao140868612,123
vsgx255323351,108
fiht579912058,25
mdpj760536511,150
czum639040302,271
wnrj889103407,213
jtzh383043376,144
rnxp145157927,171
snzz745448867,168
eixw830518154,120
rgst922171482,148
xhqd913028781,180
audd257883604,31
tdga075081820,10
uoys094933749,192
namx460873858,112
wsoy315138479,113
gkmx836543920,117
odwf185820234,196
tahp461796199,118
zzkc511287293,28
elzf528716619,188
blxs548577834,112
itys524438980,133
qgrc440526809,220
xvxg095649498,140
iatl507252264,199
fena249089182,148
txll588574407,107
syll822552181,136
wdns745916411,99
uvxk945339489,136
giqi998337744,116
rfiw085381803,223
lryj343665501,133
dqwe078465386,74
pitn594451699,155
qbld222239343,77
qtbo596908299,75
uuxm902583995,261
vsws037218159,243
gipw566183932,140
gqcv760914588,77
ammf094087648,174
pyqp519612249,54
wqyf818035750,113
rrmw152330332,182
kjde590343300,113
dxuo237365902,98
yttk283365482,100
hupi460315101,87
kjyj060164987,92
hcqb165161069,47
zhhb987088959,146
gvjp426926279,102
fnwm852694258,43
lgjb077924993,137
xlde601400142,79
sywr923060897,70
qynz507066093,108
eocr534144426,77
kpqb533907064,172
vgwg531107192,148
yzlk234078319,168
vrxs129032378,150
xoms966207531,92
hctm301086051,217
qvtx784789937,123
iirf949372294,132
uvpz110555099,137
mjcm920387397,215
aqsf173799659,31
mmxb478917861,12
ywyx417531078,140
tzrv730998016,74
ttqe670182855,201
mumt852722901,135
zong728467194,120
obdv091777815,1
ghiq137933813,127
kwxj823301606,99
dvac985667597,133
uptc887921267,148
igsy265409571,94
upiu262767162,195
ophn914788375,155
tkci794899222,127
psaf098461728,134
vood989659471,63
befo721902173,92
jdrr936196279,218
cmrv917659720,59
nwev228101789,55
aiap099749175,26
czgq227831202,191
azae080126791,83
bvfl435139681,171
txje689423510,181
ndle064416736,174
wqgo018872631,17
wbqw571597256,76
nmdl933373759,29
fkzb155056461,118
fsrx072596750,83
sief814671616,76
wkgi700954840,83
udeo949829204,143
sizo536591008,167
vzdn516759742,130
zyxr977240677,205
hncw816527242,117
zfwq347744445,231
hnor178822036,193
yegn243542760,265
kpfp949653908,96
cvjp042362041,127
zocd107153268,122
wnms826779475,204
dpll161140513,53
jygv963639580,147
oorw856238358,90
uarc153354839,162
khcd154772364,138
dhpu340435843,186
weoc243148112,28
fxeb297059998,137
cbsx669246771,39
ymxb541355900,82
btpc689244684,47
yvau229694260,78
hehh336272387,15
jtdj004012756,128
qfyf140844292,158
kyyc349567373,221
djyi282612991,137
mhgt982304173,90
zhlz282005153,148
wvnl274137812,212
mzcj971069534,144
nizk331936846,141
xxae010631309,132
mgtl152273700,86
yshj526027907,66
vofk307134495,92
pmvz098196512,133
qxxe436024917,27
pcks671539416,36
tind627262022,57
jfxx695670196,173
kysj824961124,79
phlu065453375,156
xhpg327568363,134
ivmm319844050,87
rqoa838289083,38
ezce069581582,116
qroo460199895,178
aczc437818645,98
tlbx712100891,127
bqev059952858,195
bwdj603156452,141
oecj764501604,187
exlt686011019,132
zcsu972290243,107
noao022883336,168
bfnj630604862,160
fvmt861075303,179
ulgt108537874,143
kwif483952314,217
nhfb858164400,138
ramj923185958,132
klzm420621861,154
yabj302695387,72
ipuq579127232,160
ianf903772708,113
rnxw744842409,230
ihaj006074445,81
hiyl132209949,119
fyxi559257400,128
yptw935477286,202
gank154397078,97
gjpx151266067,88
wdmu343312565,92
hkqb392343576,189
ymef332033484,95
rcbn579239104,62
coox868443036,130
vbom800921860,145
sgzk234429562,74
iohz355769075,49
qcin913769391,159
hxqr960762689,189
vyxd500925203,142
jekl804037836,93
pgta078620786,113
mrrp290120430,110
oqrp543606023,45
diez612450953,112
gypp859858159,228
sdkv444264251,107
oynv278774763,142
qlpb725200443,66
iqez683498637,111
rzca830883235,31
oess262067259,150
koxb505539842,113
boim631395986,189
bdaq260255838,60
psjg143041199,65
ycyp038395708,82
uwxf457965603,214
vfay192824898,157
latz146070643,209
tiij798359162,126
tgog656935237,168
wptw596424262,69
sjyq274167307,14
cmvm381452788,86
dkon438542418,198
cczb157286014,134
jqsl074541199,156
rcav433100670,135
nesx066150693,104
jpgl767920899,83
dxql077858732,140
xmrc856109238,101
bsgd822300882,98
drou515349831,148
nlmq481905022,131
kidk011337382,23
rzbf862567583,193
fahw250379980,64
fbfw937582246,55
cgpr204187640,143
djgm012455307,98
owyz268935938,173
doxj150335072,165
wvbu915971788,126
zcnl520720174,58
cqwa258414380,147
vlww430869622,108
dcio641803414,124
abks599726444,103
neye803306321,48
agoy375857450,146
xcpe575663890,52
ltwb925427915,131
eeuw035294080,137
rggz585513299,98
wyqu239957555,166
kqua481807068,52
ddpd549876255,66
ekgc979977727,177
lcfn027598983,115
sdzk065812797,213
cqhj475413889,143
sold289183304,80
rsbo442841360,125
pqdb897206651,81
crjn043954965,23
jkjw564436541,93
lecc150147637,134
ydbs346983332,137
xgee563423046,19
wwpu055230341,147
vsou573946206,81
oyqs052968443,99
jehn573844626,188
ydhv002401319,72
bcxw646414705,72
qkbk117892515,233
ppox196349131,16
whuf017829828,17
huoe212394148,66
blqz177689254,78
ybwp992839841,155
fwzw026939572,204
umzw341208393,77
nngk689159394,192
phwh677694930,164
qrir304269109,140
sdho065383407,211
ndzu351855076,45
iyan749596210,82
gibl083102756,122
dnjm456248737,91
nbrd855914878,178
ctdy422125838,141
jqwg912595910,148
rful173055167,103
gihy739733774,112
hzfp017766357,163
dxgr025494293,80
qoef437570032,194
itbb986937303,80
lbup233828636,77
ltym006528296,58
bhkd263454366,115
uwpc477784257,94
ucgs229964645,113
eskj843613160,212
ulwd262886967,130
peyj984028267,129
khlv123189272,135
qpbd431130363,203
srwh231205890,145
cgny532913545,75
mliw177482200,110
ljzy993535238,132
jivb933415964,195
tokm858511828,142
oqou379419202,180
vclb648232559,145
oesd656963584,128
voqw592954548,178
wqqt211188143,81
dfld162241429,85
oejb809417039,107
wbhb638171208,126
husa807005775,92
ywrf180280128,85
pjvp974027461,18
edzw183821742,31
edlo948869244,107
agcr476218952,88
qdqw338700442,106
copw132255974,119
cpfr164198138,142
tmwx904851819,243
kebn268323798,137
lkdo628818250,155
ljnt619803237,73
sgcf620044329,132
giqj451139399,98
hair904054228,134
cvhe038528595,167
jebv896696262,107
amix491799040,246
fros022634677,72
imst298115645,217
vzdr417434774,95
orao854660130,57
ingd373049185,220
gsco564836480,245
iiag436619837,20
vzpw849573321,52
uyun980432047,15
mwtm044975870,112
mjqe756619559,168
ysrx811037640,178
botq974401703,210
mbtj148763377,88
vztj287520883,96
yorj203115708,64
nxmd228260859,172
yruo453434553,93
jfvh086083322,127
cmsh606755877,118
wved357191427,87
dbjd990229985,133
rlov324077017,172
jbva639567305,105
mngc750513132,114
yjvo715155526,240
hawy036999733,82
uvlj904164304,53
eaad617286418,165
ehtl265865137,85
uuby740178884,114
qrrk036519874,131
qvsp160156722,237
oonw398936749,120
bfle962655516,75
egfp750620368,21
tgpy319280108,118
uatt809728135,17
yvpc283173016,80
mazy337925867,98
rwin168380867,99
fjzh525794511,149
spei807774896,217
bshm286203226,52
isnj611240569,55
kfmo754494101,127
tnci432340551,102
tvms580065469,27
osew700822731,58
abbt148924321,169
qmxa313482479,160
nbvx339677234,130
yarb354377193,168
ovsy178706520,124
oojm141677408,212
tfwz969637272,132
ceyk717631808,123
xhbu064163530,139
qqcz810520399,66
ezvj290607668,122
odrr533161021,132
axkw000730632,83
ujdb017515438,160
kbch040741582,74
zqmu841831513,227
rqjv187349303,50
lecb356521021,129
uyud487557651,115
wsyb050617423,86
ewrz392518582,117
uxmm052294822,147
ddmi430622443,117
aywq386879575,136
ykon816252213,36
togn567424231,54
umhh020739136,158
reqm985557774,144
uwbi763539834,189
ntsg275074441,78
iiww028173171,125
zled996255129,197
stnn741162419,132
elxw400465478,142
jyic303064126,209
nfwe105772939,267
jirs977213096,148
nnsp129685329,82
pwra011515460,77
owqp191747087,218
ezuf212006210,80
ieib775823485,57
dysl266741220,136
kbcg109935910,112
nglt854202547,132
mebs506791335,117
bvkv342945040,221
xzbb768460817,167
aome384744430,57
hbvq630697754,52
hrkl470267474,137
ccmw231396995,133
zmjc401670273,123
muav439134436,188
vuyw247013620,168
pmhn926738727,100
qksf813370879,31
oing184026074,182
zvaz267555062,149
phpi408147849,76
qvnh419859908,158
xawk407312567,205
osha553119288,97
ctaz172674665,188
plfu384866379,75
ksrt534060469,218
wlwl702159517,165
wjai537512564,145
ishe055520530,32
guvc399602881,96
iarz522705245,236
jayj910655438,24
ynek435051428,222
xcwu572742478,88
tdii397111848,115
gfcp780196853,139
zbno973196326,98
masl915764099,125
vaxa313015901,162
vosy789042724,112
srtd305036202,82
jhec331514262,175
nnxg764831402,135
msuc986511977,131
deat995337478,83
nbiv397941278,148
oszj426532538,225
pbfn947022612,164
jobt297915666,162
ztqw448791805,88
bnyu168728677,168
hrgg883882647,160
byqv274533005,137
rcis822417348,162
vdkt097946533,101
ldgn628502852,142
zbkp385555042,94
cpiw259273005,78
pgml924349744,146
fsym640984876,192
xsiq197982662,105
qhza844041640,130
hcin759733697,88
zxxg408275033,88
xspt750716306,128
kbyv440197634,141
zsbf258701082,146
eiwp854350440,117
nuzx546363287,105
cvtv187193140,77
nxyv884831899,133
ckio850557283,146
ijmq987662476,138
mwdw166492235,121
eway450975511,122
bkxv068251953,133
kywn221936625,101
rpfa352020324,101
bxby695820205,146
xwwz249634267,148
awhf508453844,175
lmhe148069760,121
vzqi414592765,124
hbdq859351713,51
xczn661690336,52
amgk450873874,68
wpmm121865052,161
rxme687583517,144
iady478259043,168
aiqk632894679,30
fxwj561410646,48
eygk891519023,133
yeco927263253,106
lcun368735667,81
spco566899437,166
jiko369131730,128
gwkw854075382,177
mmcr190077542,113
xmwq108296937,152
tjow067872991,128
sdhc700845697,185
ioyi378242445,196
qwai737693426,101
butq166028972,113
wvpg881861145,115
dspc143549562,218
ltrl130245507,78
iypv793349844,147
rtwh575504116,137
glqa180760537,33
lhkd733934091,190
eayk673823513,76
fmqy737824115,233
qdip903652173,133
mwor318822918,87
ohqr705731377,115
euiz584491530,173
qjbb037542380,107
ojdi815642104,96
hiee352841748,246
iyde706762940,16
ujrt663050052,133
nchb577761844,108
ifkv178611785,66
iryt183739846,130
zzhb419526348,153
jock892654577,88
qmog336173509,79
ctrd143819412,78
pfuf746437654,70
ikcq738007978,103
gxjn370556119,137
oqxg149590381,89
ldak211548288,76
nfen014358781,98
sdrh784165858,112
pqts757975597,64
jzpk470134715,123
cqgg975502873,172
uixn192343976,123
ixqx829703291,138
rwbv492665142,192
cjms726904909,160
onkp203583752,137
ttiq649485170,120
yxww576127420,248
daxg272588381,223
zixo785946340,48
gobq453434012,93
icbz161641589,193
jqcs949837638,162
tysn285849556,109
lota641427877,87
vfqb104687397,98
lsjn917250864,127
cbpk703840686,83
okxi393664648,92
krqu123788639,113
hcvy838720759,87
bizr028030691,228
nywl265697981,187
oyta368872580,82
wtvp942429694,76
sasz474431868,102
qboz807329533,243
fkpo860353317,17
cdbb276404814,87
soli113225358,107
bfet971543000,121
vnei964044771,157
slop132827812,112
xefc400410110,59
iloi819980059,180
walc199278370,135
xibe445181333,130
cdyx873674957,162
hxon027217713,217
ausb032090236,194
gvnn494596289,93
mbci566161668,121
kugl760536126,93
tedr917571328,170
cqet356337237,57
fuqk854947409,175
vgxk534020230,110
plnv604530084,193
jnsj492695755,108
rola932524449,147
rbcb086233976,47
gkoz354210958,170
lbrp716399839,32
aahu068587422,35
acue001884688,127
grlv342041526,85
taek601615655,137
omyg800048005,117
xtsn122081283,87
bcxv674599705,108
ikwk796900096,219
zlcd398215100,99
otja525392784,108
aqii286525080,140
tuax473483976,85
szym777952853,20
ltxo178904844,38
kahv162690757,220
xtel381758789,188
wsxx557836624,98
gsuz748858176,78
qvqg587694530,88
ivui666701063,94
dlpu090316664,100
bdow198948102,88
edon218656426,89
avzm698314364,145
tlnc539692373,147
tsej518086687,27
cdnf336172049,120
yzdb417798896,122
yccn780064496,175
uowf495072749,86
cfaj261272813,83
lktw510662170,74
hnmx176494461,203
lquy322186870,123
ilqs180662169,157
iuhs680562267,135
ddfh741081927,82
axlc956271356,95
quhr559181524,83
bebl760450757,97
vibc960477734,118
tkui845824016,143
clye248050305,97
jlpf503866583,82
prjv289505580,93
elmt134195783,181
xnyg019842249,152
bhxh483929788,145
xehz824263020,82
lbim134093013,150
xyxl568673346,155
ynds236643786,75
vjmq472455928,211
msnm898624348,96
rizz454506485,31
lopf539761331,127
skei978506883,80
tvxs854706467,178
mlof074412201,81
qvag116306821,170
osto459466894,99
vzyh184512509,178
dour374027290,116
uihg876026334,112
bgfk045264783,55
rqgc092002077,101
qgtl230994488,130
exvr736964119,128
cixr405935165,47
uouu845297469,118
yxzh863497016,33
mibs634261978,194
wlnw127521089,128
nsbr324438600,180
bbrx710643463,52
ntxp880106621,115
tycz678209688,87
wpmi546874250,33
jgry634521262,20
rric274952079,133
abqd182632719,169
kyzp838746450,116
iolg361070204,195
fouu197049134,137
skvu542789924,182
juhq861781333,127
dncx224084380,107
qryx280427710,170
cirl638693042,101
oirk252610524,230
jtue730393592,102
onwf000482581,203
cqfj273944341,157
ledk123324194,107
jjyz513488488,15
uxqi834816365,97
avfi893707315,142
tfkr895169655,86
kadb808122415,58
kmej774025252,157
iflm420943918,147
mwxo534354455,167
aazl463449779,55
bydk638476509,77
wdxb126052116,149
plkz415576368,242
oszq917772961,122
nddz808445779,46
jadz282664544,76
rzfo322836515,132
jyjw308425924,137
mkwe053434291,92
urgo598821962,145
glwi793067936,164
umzt990479843,77
vtqk786141157,235
elka690483244,128
genm213043786,143
zjro651608465,98
izec023359396,160
lase512429441,166
esfj362829227,79
ihws671195762,20
rize855754237,102
fsmb780612355,154
jfdo125109629,57
vwfk595814998,192
symd047612849,198
wpds063467508,120
tzzh929432094,29
davc821610723,242
prgp057690708,88
tocp574406209,128
dzvl165112055,131
wgpx272356489,10
naez324035183,14
ddzv700640916,169
nzpu734089893,135
uxiw610585516,18
xpls049909782,39
ukez794475697,113
bush487891271,137
wapt550513537,87
mppg299693648,176
bkrm164625709,92
wdnq778541753,142
qbqn911030333,126
wldy378146933,111
llay270072926,93
vmlp463397269,108
xypy414778912,121
pszi342452812,135
sqfv711876552,111
bxkr405115689,95
xcrs392200996,25
kwbq563918418,13
leuh556866174,139
hudn851785867,85
jpiy193544870,213
wdrd207705092,103
anjs307392611,183
zzsm851480663,200
njkg743512139,19
pqsj351208407,217
ilrk108863846,102
fwhg014218003,193
nayb409341101,133
ouyu924323791,78
hfxk175580267,131
kcik438549383,102
oifm520918019,179
uezz730383299,240
zwmi398037791,14
cqix643600739,77
uqed499707656,88
lthq874046885,67
gcai258433443,270
wwgh962867333,123
rgsj080952149,131
bqqu010217187,182
iknc518877285,163
lxdi101071846,127
fcnn840725709,257
mzrn782044087,83
wzos119037393,131
ttrj390002000,143
zowy123791104,88
taku449262916,88
npsn780303297,233
qwvp461564789,28
zlhm943602226,202
fevq121847815,158
kzcs593828501,222
nzmg813785556,128
ftyw512272322,223
uryd362575829,140
lemj159527825,143
sihk662203183,68
boax599665737,93
cvfd585534748,193
knpt184805000,247
tslh827556926,72
pqft406396294,73
fign125604421,111
sjgs835385454,212
uhgv042188946,131
glyz715952344,63
mtuy374531806,76
cddb031808902,114
qzor161966695,101
ogji397534193,114
xdmo329564065,18
nhak034039970,117
ivsv052341230,119
gvmu268759992,163
yfid636688004,227
agnk226357639,133
ycaz259965757,175
cezx609113794,122
ohko359802934,10
kyid538067375,162
ugii666821559,21
tdvs831336503,221
rvbu643022138,129
atye743636010,113
yuug678226939,11
pfpl702263844,117
ehhe989348615,144
rofw211101825,166
xcym294415647,137
eemv418267521,147
ztxc130543279,91
qzst169666752,137
mktj155946010,163
vbcy904366779,110
ruuo170211673,13
unme940188239,150
crvh330825507,72
lsvb731317055,76
jaer892495392,135
nief933638356,162
lpkw151044750,16
azti373974101,182
naol508968094,136
vptt723645526,180
sanj195855167,86
hkcn208651006,238
hlic413900606,132
hmvs780855964,78
ncqk694989538,85
jeyw444742477,108
adse472144039,146
reox805948193,39
ycmo580231665,176
oivr289612022,126
uefj272956234,142
nmwq217277125,240
scuj652588374,178
fqga939729177,77
hpzg656488475,192
cdfu931349609,157
xrng095078812,183
kkas950950027,184
ugug490107334,75
ryel066061752,191
fnhr721355195,146
xvya808726871,139
sevm028300453,250
uhid010150052,63
uevs860817528,76
upiw093128377,140
mthf385251659,136
kayf827902005,112
drag622880155,211
yzhx951456739,106
sncy376847086,238
smxp150929276,88
pnex257069855,156
kyxg204801531,194
vpdz841982257,102
ztoy544059873,198
giuf270101055,183
pvyk483445090,146
vwak186999422,114
tjks287356746,107
frwy606439989,148
epnc082859831,62
dmal459795084,118
ybze393174219,119
nhyo946144928,266
qwxk302757816,129
xzha109211547,86
wxdk220033053,190
iwwo584457151,17
nubw415095695,152
ghrf833789370,134
qazt400119034,128
srgj311311284,108
nizq348885645,216
nykg254095390,100
cvfx834551017,83
gfsk971069336,172
jgak189710944,98
fyfg785938501,70
skud341154809,138
fteh201033890,82
gfxx494339872,193
mkrj329032265,91
mkfq347686370,209
fbgg671523968,84
roxs393720838,115
tvmo812907779,119
urlf878859124,100
zfme719768131,48
cfkk230400088,175
kghq104490439,191
irib352965335,104
mlfz270914127,158
yoae964018045,108
amhe664668626,93
ztdn349726369,116
gzpw061593100,128
odfk449623838,26
vfpg698959499,154
xron016891335,18
hmna433858885,168
ljhq662366651,73
yiib902658172,176
xprl725341699,157
rufh285966553,193
psda814898983,146
vhte226938981,127
qynh936937069,180
than772863925,56
wnyl196526948,174
avtw869823540,120
vubs093002516,190
jlwt889064377,231
afhz258019254,107
bovi373777017,175
srby018139613,148
jhce946988471,73
ntqv340605688,115
qncx524411081,128
jcfd721101451,39
tbfk369800114,78
bxhj249928654,199
vepw841898632,103
bthf724849081,217
yedh642394488,94
afxt500789794,122
ebrd145746689,76
rafo651341260,72
incm831419372,53
kych995116146,99
snus572729688,183
hyom195706106,188
zbpl585843890,228
pzqa395064023,93
igvf222877993,216
yvjp213256614,108
sbhn514920466,83
vdkq118604477,168
qgpo213526798,200
pztc403712308,172
rikb590609172,77
gxpx252271721,175
xkzp875599299,113
umxt582276380,128
czzq721389074,118
vqff439400335,125
giiq483839538,139
sdoz879633467,139
jtyg066662930,140
mvad227567358,207
onbj735651918,90
fjpl907757731,52
puol832730998,91
rljo719981582,123
hxho570153716,146
ltuy541939662,57
zora507095730,85
ugnr575016665,25
frzs277908212,107
pyic338495375,78
sisc047722712,121
rwqz773467757,140
ypaz812434652,113
scxk255628752,145
vqia322532701,96
gwaj586308407,56
kbyw503159450,33
noyz563887364,145
tmnr659149606,186
aplh689177308,203
albj410814255,123
ynzd427379916,64
czke297265634,102
nqki731394953,58
bvwj516468972,232
thkg007486594,163
yffc381509417,26
rgfo160927548,78
cvfo940465275,165
bqzh421035009,193
kzrj282347732,243
dpel879518790,141
zbdl312371560,199
mdwt114511056,72
ehgw668946653,86
tuah305114093,129
wjpx068546092,206
yldh546042967,142
isxz304106938,147
gtyb558385138,155
yscw977556666,145
zgin836000586,172
aqkf770210751,126
agof093226967,120
coyk266401569,69
mpjt509770280,135
tnoa464234837,67
xdwh610032071,97
jrtv899102086,74
xysz234750549,176
cklz337648605,83
bven145910524,105
ceay011382006,133
gxga580252578,76
rbbn276192532,73
rzfm185057462,78
muqr501261939,190
rhxy474392715,252
dwai720918677,159
ciuq603578343,142
yivn467496372,73
bbxv377403903,127
oahr425519029,88
grse767256496,131
xexk639805847,117
oxlt401748905,157
jutf922164356,166
sczf224013901,154
tosn177812515,150
tqlf148700183,170
xqal735319095,115
kyqr808922126,135
eorn208455023,183
qlhl740861172,103
fwrc714788264,55
mkun333819388,131
oijd860834411,64
zaip242735681,193
oklo053560023,110
tvrl828921612,118
dvod322840889,103
doxt776615294,98
czgw528605071,113
glxi090362350,98
umwy390360137,78
gqie309771294,82
cqmw027862944,147
xvhw299742467,179
klez868450494,211
flvn144806940,118
cimd105257572,105
lxnu491841260,218
dsfu202917716,91
efqf508578246,210
sijn636968346,143
pxqy802652748,166
gjaz257617140,87
szrx811742594,155
jalr038399825,119
enei185361894,135
dtcm666186220,93
zuhz456114818,21
vozo854924606,104
aulz692765031,143
masp356983817,65
zlma204872188,170
grhf426957429,85
qhzi953119919,149
ifot985315776,98
pqrs274759171,193
fofs588919489,110
ahqx796484444,106
jzrx689514955,128
axsk471162907,202
vabs486925057,214
txlc853989811,178
boms128170720,85
ldso268849501,200
tant650691979,110
lxst734441258,102
dkft709912657,182
elag603442769,212
migf100561929,107
vyxo256761274,129
fmkt762942975,92
ljxs905624288,225
imoe175697713,81
zbej312623710,99
kaic495320913,162
tbvb494430444,106
nllg146521065,193
fdme366532518,91
sdmz862222023,234
pnoq692047226,53
xgmj849911018,55
awfk907171710,155
ulip448375253,100
obrq570293919,130
gcty969176105,98
ongl528094168,52
wxmh936413747,91
yxkq561584886,118
fsdg814103065,175
ejgl902488240,18
evaq059555273,180
daab591782387,13
cphu811241464,27
sitr910773988,105
bery783314663,143
lhlp052214553,62
hakv641992412,233
vcrd604924265,112
gjxy242988280,196
cvei726227960,148
lmjx822294906,148
ddya174354115,140
cbkp975029302,82
tgvy084799706,138
ijye956465913,1
ndkf700662291,222
ehmh983967352,59
dmpi527512986,127
lanx434081187,136
akmh389507035,72
mfgj181678965,112
nunj090003842,97
ujko107955057,98
nrtg768463640,196
hwuk207208161,121
qnmq204703076,180
gdhr086271009,133
dyld911689119,102
rqxd617926997,138
kpnd435228532,130
ufjf287044565,188
yspv935786143,82
mexl333615395,225
azts956204428,104
mtqj276720519,198
khoc872397911,82
avye234539111,132
nmdp788776256,195
ijri622968964,40
zgfi577415795,193
vrph341521427,214
xcvf226275828,190
hhfu769882574,135
rvmm256383453,98
xker602581475,148
jcvs773913143,136
fajv252390601,73
stwk509709210,145
ymce560744803,150
fwle630129938,184
auuo496387865,100
elxy897575179,107
rjlf077899611,103
kkyc328422468,100
ddib085992507,148
osxt470762114,77
rdmf440235561,28
hoga179974646,195
ntgu664689164,151
dayy229980628,175
favq363104218,13
cvjx316423201,87
vlpk125300690,122
zqpg453144928,197
ftnu409868269,125
gflb356339317,145
ppsw429286783,134
yfgp718372717,178
oltp029900942,160
fwzp663883147,198
mbdg565222774,139
znug940361412,52
pwcx463199445,54
lnes312365792,158
dzvh926798027,147
defd841877652,204
fwdc447485971,85
apob619354246,128
ssvr754720885,128
vjyy835404485,112
cean853716724,137
yaqb552183746,192
spxz463188019,101
edjj485627292,74
fash027987139,129
ymab692621946,49
gzzj281115660,80
yyvy436937523,11
odlp138111935,52
ezdy045835356,74
wdim783578741,186
zpfy658600516,147
mgly123074739,120
yphr512395182,163
bnjg606057619,167
qgmn978885347,126
yopu381299392,13
lbjr851847999,97
swnp008049519,55
jfhe219044142,89
pwau722352666,152
rhnc297215111,232
hkjm101885461,186
angf558526896,70
xryv805004285,126
oyzs746446711,164
yfcw974799274,107
duio479876196,151
cvae649191225,97
abnv004070382,132
vdin610745465,172
msad369060451,113
atdc005961458,171
dfzh216585483,53
wfxh300437814,162
ildu411110560,195
bakp708408472,100
quvd970456412,100
tzdj534964740,114
fjaa683012460,139
qhmu498102382,212
lxvq636794108,165
dlmx408336551,63
korj963009508,148
buai100200845,92
xubk823494437,195
pins889026879,142
xnpr120056487,148
cpwu875599666,98
lohu222510822,83
utpm389222077,93
auma781017753,89
oswy079867882,123
njsu323588402,141
ovkv048555036,227
mhmx011306488,92
fyfb114806405,95
gwqw347511503,169
uoxl239618655,158
ewkx833811652,93
tiuo299528644,122
zlsl740652234,98
rwer828394640,210
frfq919830417,123
smps107055266,179
cxlx423730658,114
ieyq648154282,120
opqg094036939,109
belr272415342,261
koat390061990,106
wrvx895063593,20
qomg664929877,133
tcfs764122562,175
lkal056672081,75
dlpc183727468,124
brhm359895562,56
uhft370959285,174
smwn798350662,153
wbdh234636488,114
hsbu391374298,125
umno434981425,92
nzjp608192865,232
yuii717203099,142
qwcz518498728,102
mdkm062614507,152
huft327441995,113
geoc325518456,172
fpjc738623449,91
hncv126912643,160
tsbu713803893,73
fseb947695444,64
mfxc884379028,74
sqnt317375888,144
rttk133361437,216
pxrt920988940,144
lsqh761437964,102
okgp170451433,35
sjoc346901103,222
hmkj138444460,109
daxn982612700,87
wdqq023658337,163
ybao365210338,131
trlg987305764,182
fnhg144919087,69
cmse173071208,133
dwan335608513,145
lfls098998695,49
gjqo412825983,132
zxsu976960938,136
hdul743183470,173
eeac201914697,157
uovu423015104,63
azkg681066667,194
kpsv751307340,73
gyvp119117219,50
eywe924193680,198
tpvi841150191,95
eppz647464448,77
wrbr863830170,135
rjln390745495,141
eelx465325341,155
dxol307349761,66
poyn258345496,88
duzw573621574,67
myoi840738231,103
cqev547670493,153
tdte408724247,182
vxsv064279980,227
uybx225268347,212
qoiy640042873,136
grlv357628547,166
efcw220105992,139
gpkh762499161,158
ygpo725945849,148
geif761899324,97
tplx379558355,151
fhmp428148909,175
ppzu494638684,221
dkwo539745760,153
jxiu631574592,30
dafg116535461,189
porn466764967,78
bidu875680612,28
sdkh777069710,83
ryvy372873514,235
pqor433325972,113
bodb171942641,52
eujb623016116,123
ufud450176572,122
dpnv435903375,100
mvmg286917614,167
iikj049279979,225
zvwn374680468,27
ilxr018129452,138
skrq281562089,125
lvtp992168870,53
noav498700567,85
hwlh559359173,153
ltrh530602619,121
ozmp277228461,169
iora894826878,98
zzbv685980980,45
wgtv657011025,107
masg796366969,229
nggi281436866,175
eumg793966749,108
ogln872898468,144
parn138154951,133
jyzh728066135,73
xyxo725661781,116
wkqc372408205,62
zutz419784754,220
lxid717491065,85
bclb682924902,95
dvfp793463792,125
vsco377386064,73
vdss946776948,188
sgap378085757,108
ivpl618709015,137
mtbk552890599,202
ryog816770110,81
afvo493249649,62
fivz679358592,127
qvcr848122514,82
kfcb302852165,115
tbbo016580131,119
dxnv808221603,158
hobr328090738,122
dfjc982781760,139
fnus210008198,177
nvns867248673,30
zqkk411819757,150
ztfq373657909,142
nrlg244962123,121
ljwn287155256,50
gqis753507370,114
pzwn162326620,173
vttv152628744,81
qmxx800158631,185
jatn124670094,51
pukq648652386,120
icmg097122290,199
tsif237534125,141
gpym128683199,118
oiru765734471,192
ovru459055447,163
bgcf627878706,198
ijtm909260450,113
itlj518330855,118
ucxb689231550,215
kirl243757453,75
krhx471253026,153
bdfc674695990,169
tfhi284538900,63
agbl090515707,182
knja162571307,219
gxkk794462951,155
sifd289454423,113
vzah230168071,43
gxee553920377,107
rjdq431112569,79
jabt272499840,180
jfrm254489578,138
xrln674530855,206
kboq254071006,90
qqiy659728268,100
umer762749333,122
rnby515472148,145
kgoj717668468,43
upcz898067407,99
zxle252448688,109
qrfs523417421,75
ngkh351268709,90
oozm739820669,55
hyub004420618,49
nxoi794064037,162
cjak385197278,157
hnnf722170645,90
bclk604126973,97
ahcg218123415,168
hrdw102954868,131
insv410336716,155
ildc421478371,193
xvyo626429947,208
prbf970324491,65
kjkk775989344,218
nneg406312966,101
sboe267668366,20
drna141569103,123
vifn697615649,170
bpmn024579355,101
shwb364744051,95
bvxk832106288,126
bpnm418077875,82
vuoj809921173,99
rnlh195578092,128
hxnh592481629,143
cwdj844119691,93
hzwa659734788,154
epqh909639829,53
jswm834480973,143
zwjr965276175,197
yotb080802803,101
bkbr803884789,143
hupj834753014,144
hpvt659009560,165
jwdk288915299,189
uwlz117951836,58
cmsg924890123,88
azmm367060747,103
vwzs994757912,172
fnco541332884,230
abpg991533988,178
hkgm190776827,117
dkmw557339210,128
rtxh517390313,127
smpy780474999,118
xcug195773439,105
dump973640391,153
maks234904774,95
uxxw520097083,174
lgrv085033405,15
qyii730647528,115
hdgd802694909,97
dzin519435100,185
ilfe293079256,148
ldjk366205727,187
oypg319342160,93
lcbo928490560,72
euyg625704076,84
ciwu096074133,76
visf420467834,98
pdxy382151109,48
vles386210126,199
qxmz062832697,148
nzto767467832,61
axbg984942798,107
sgke633946498,133
lkdx369637208,107
zmaq198060768,122
odzd418503220,180
ekvz603402395,207
oppg090378683,102
qfkf143373809,133
fjwx589436882,151
xylu849231589,95
escf352401081,123
cuki384807582,211
zhdk356596452,190
lnfq105859716,77
fvlg620163948,68
ofmp041194492,243
aljn608311748,195
gpfj239614271,107
vmly808479691,30
gryj798484498,144
cpxq606886059,177
exvs066851820,190
uqtz557191645,127
iwbk769966472,90
phhg705186076,97
yoiz065645940,68
rsvv437053540,231
evhv143882307,127
nrrq220893174,82
quqk776843329,217
uwli332398546,1
gldc481638747,98
zbdd605345395,129
bjla295360757,93
qxau186770510,92
cwrz111230272,145
eeap515314580,132
grrt324498418,207
bryw293556231,66
bjxj247093579,170
hmyv152328088,70
xnfe220071186,119
eeju747368307,109
oovp363118230,12
ltvy028172672,185
amku555463585,41
wwnq417357441,144
cynd238116066,90
eopr387187775,102
myao290180096,116
qcdy022747070,69
vyaa658348744,85
hmom512844582,170
mzox771362592,207
rlfe910495176,129
gyhd996716931,127
giar492896184,166
cipi413440943,209
hlky323527242,218
bnuf088665139,67
qwaj488752388,25
zhyo918606674,193
jwqv886415442,127
rypl346673231,129
svne818821534,52
vvdv370930598,111
zarm540351505,232
jvjd189751793,131
kgon165678141,142
sxts685104372,102
wjiu597342762,137
bfnt264222713,205
dcon508415556,13
cdql654020618,164
vmzm398575839,125
yger923842576,153
xolx633287675,119
hfsu058879985,119
zrms402449316,170
guoy710413862,78
uhgd848937896,142
whml475174656,125
sfpb261172764,212
hekt639327952,238
udyb637966367,72
umml390788885,130
tjnk665388136,90
icte394254172,30
kuuy613644898,116
pjnt725096544,122
jveo882865863,142
bxbb907924035,113
ehvf430053067,15
idiq199628587,237
akoq790070688,165
ncqa078793471,134
bugn936523005,108
ynrj870234339,132
fjdl710677014,98
xdxu514400970,167
fhbe243482397,134
fgvi637262176,83
nptl559472177,146
hmdl707869133,84
mqhf120022675,109
nufv240155657,127
gplg828244344,138
zwug126572571,119
abzs949905040,148
ycpn741154463,121
idwa235260899,210
edix160053361,84
kgxw767508435,91
wsne027364269,122
rsdt664511332,78
nhfd912246880,124
fccu163891291,132
uafg725717404,102
wcou765945583,183
xmqf086753571,157
eirj287222981,78
vqnp736956368,143
qvhp255827841,133
wodg862572730,61
wkem155865871,158
kngb928258995,197
wzwj634946327,88
askd098386082,112
ivoa163829775,38
ncun409378841,128
zwgd898116723,174
hglz967739583,150
kyyc287434043,136
npgy763545975,122
awhf910390763,97
smsh371483096,124
yfvh325284892,74
cckm426003613,88
pvpv114751663,174
iffc954097579,127
wpft239634489,161
kkla990724716,142
lvbq415401182,176
rnhx818267323,112
oojr659350454,110
mnil350002378,165
soef541846320,118
rorb497441849,63
tgna106046073,82
bdyd036597607,83
uznx281771992,47
uctb179353538,124
jatm643931894,82
ladm501497496,137
otqf698373709,34
axkm912037760,82
cviv178063811,123
rwhf002838646,158
xdkw086380628,22
bpsr634609296,194
ylhx186661021,166
sroc702990020,138
msfi493004149,96
ymqs457978039,169
eyuo843210558,96
wtzf279181966,128
svdi740103211,134
nbva847295483,127
lhsh616774924,168
ixvo401748483,58
qome831648816,73
daiv574187910,155
qgsl150250915,69
jhlh079427465,109
tsij860916089,53
hllm488400388,199
dkaf159304587,119
bxfw375656684,167
umwr184580118,62
vueq789663681,79
ckka380120396,122
vikw454772496,272
fbkb937640981,53
dsqe446607247,156
aqpr590681328,163
tprh852091250,86
vfro805830832,129
ztqc297838034,268
esvm247742773,138
moyk883381942,89
fyoz996431425,29
pdyx042619960,186
wdtw869297831,100
vtfv623182150,172
avjb470156999,73
leuf855802115,144
ihxa548058640,87
syyu986753717,166
wilu942295695,104
ties140046302,210
plxg610978840,112
hdko478396731,178
oere606502423,140
vexv099835892,147
jfbt383739427,135
tiyh650636099,176
eews301723397,129
wcyw798495358,157
xbnq368912757,37
hkjt880573884,90
nfpc178037294,153
fbgn938761937,156
irez597994022,63
arel045088241,82
cfvg968229899,95
objr462327906,60
nplm927329561,146
xiuy737403114,86
aaol981600624,73
sawy370052887,152
mntd351903018,106
akza821571871,84
cnam321592676,29
cohu748691310,20
nwqk221318984,131
ahzg207970704,167
putm884470520,62
wphq459945469,36
bute352939519,112
mdds549286275,164
blcm785361766,80
bykr546375723,251
kmer763544057,83
xbvt623556049,103
pycn549760168,104
ngog151802005,168
jztw761293341,166
qdzl517704992,139
ytaz340815723,138
mpss642375436,154
ootz088172816,105
swal394741955,133
zgjr149460069,173
nphc968359706,74
ljvk729794167,50
npee847498618,165
fyez174081524,227
lpph008007481,170
kwlb366559563,139
roiy108239893,84
yddx742169656,164
zhnc837714853,221
zwut329737062,125
swgm416239289,76
uayg196051230,147
lvhv275388866,129
imuw561782794,181
ejqk952383369,150
avnb379112843,142
czni972188790,182
yrgu634797234,110
tayx421656039,112
ejzh960627445,59
jaio536465189,131
mmso730099298,238
kunb270044087,188
ipyd481543229,105
koqg749917440,188
hygo979649838,57
qmfo301116282,83
idmb403426651,52
krrk829329856,145
pjel123353294,90
ytdj064710027,103
wogt729990922,96
vfni334910032,106
bfqk131647008,128
ewup458513305,122
yuvh852135439,103
mulu829262709,58
fkmc035589476,177
fbyu455711715,157
hacl060673741,158
sang522194821,136
enxp499764927,73
djbi490909480,132
dowl417147539,88
vuzr191590593,130
ijeh088007940,122
gfgy985131608,132
kqpq825795134,133
eqjj429662406,87
gtyy738096572,229
vyot753888401,198
dbee529037469,162
nclq429409727,178
etpt086968507,136
irqd509366221,148
nsfg666593898,121
eqgk174664241,88
mpxp823930084,57
hwmt760241425,115
mggj029565112,75
wwfh628832023,37
ffkg800638589,63
vkhd235463543,173
syff120174810,144
rbtn430072410,75
tddi093944365,238
oahe379710817,102
eadf916411665,73
qsom657719337,138
rnhc447222852,113
bbtw694085029,58
owdc034046654,113
xpgl947282759,216
rrpw875387104,174
sdsx990634122,210
jtpp170502497,99
oyxe540902247,104
nquk460864681,72
jxom232194999,103
mhpi988174301,97
yeqb936096476,201
itab670579255,49
wmrk887228696,158
jcxe173797042,142
obbu639309863,193
pogu995935185,165
hszw864183378,137
snhj585228451,132
whrz248892366,113
ouma336457370,169
byhu712460958,145
qgua423407239,118
nhid225589624,113
ptpv346380345,62
rgve068365829,106
buyz858025407,116
imjc930971681,138
amta338766936,159
ktnq157389699,235
jkxa371103243,114
pupp454502401,130
gcao672447037,88
bred129454912,90
dqnr811304870,169
ccnl954530404,105
hxpb847125449,118
jjfz603798616,133
acaj452170227,222
krcf422306898,103
inoi875674022,132
qgqr163296282,140
ptzz222195691,143
fpnc996405649,189
xfkg854116980,127
dpza012831423,98
mdgy346112170,183
gbtj766753301,136
bjkp112048527,139
sder215612931,266
xmzg999013292,105
uunh439951869,162
ecrz295454662,203
jfom171687797,94
zwwc447640270,64
zvtd088511887,128
xpzk733178391,158
nbap761807353,132
cgqy768877960,160
bwwd856406226,144
tnou344237946,94
zxtf143926540,124
ejjr313389296,52
isdz545688415,143
jiru565173057,185
sygf155262258,152
sjry483177041,182
fenw261761361,163
bbkm881970624,155
qaub384194647,124
matv338483346,52
sqny545611290,93
feob120291223,196
yeyl333328486,70
zuep296815576,183
wsgi226069248,168
krdc121375552,117
fwrh752988671,132
tyil099897663,110
irgc002394701,77
mgad683331856,91
yiil982923639,78
igrd110946382,102
iwjf939402964,207
isdy781073056,118
amtl645919223,180
irzn955720417,165
raev009519334,242
zvkk592987835,184
jtht333217335,237
aqda584022313,142
ajrh317129118,170
sxrt994309614,153
mowx746533620,88
zwmx789774864,147
smax796818422,175
xtpd846997597,187
ncwj516851969,156
arph052911041,74
zdhl579532676,96
ulzr935997768,123
olsx364102555,139
fqdz877589608,85
lyuh360433161,220
bfil011922924,117
msho502931242,118
uekr998003196,141
xkxp302456943,114
rzpo494201230,58
fabt792453565,126
lwfj207660508,87
lfim060920522,87
hepz004182933,136
ekzf421662647,188
ntil864414121,100
basz948157038,132
dvvq585726553,163
qmzq688613754,151
phai217275260,143
dluy221758571,115
rern188345466,128
wdql218604465,160
grmb568014694,108
yilp972990855,197
nfdr331601248,104
izfq617421822,153
fhau306240745,137
mugz790380928,92
dvqs887433783,93
omnx442654679,81
gtwy213364196,82
qesl605906484,96
wckr028132146,208
xuod431788038,102
nxzc913536276,204
sapr037969155,97
wioz363327238,204
revp994910065,235
geod103801063,145
lqih454464999,185
rtgt490843873,77
emwb931452408,143
lytl851015679,31
mnye247665867,109
mtgo359315923,64
irvi026384948,189
bvzr435661990,148
niqq882754577,87
uzgd630287021,91
izog510493722,101
qyto344052878,125
gztz925195156,143
cfgc685004400,152
wxry050921657,51
ybqb345820896,86
oijz443107194,92
fplj221925296,118
vtos707306226,79
hbpa017032306,65
tdbu130573385,76
kqym780882629,87
mavn354416130,134
dudc843837791,103
lpih396979990,166
cvqu388887366,152
jjqq634485365,99
wnix026318638,143
fhwv208698642,95
owex528292623,72
eqcv072093302,107
nwdc356941473,170
djjs926847877,232
zigi760879536,144
cyrb871858500,132
wkol655565262,172
ifpf345135993,89
abku818480818,89
jgwt742139540,69
sxmm796753195,163
prnl037726849,189
ccgu809321347,67
kdev919705917,108
pkfy789404617,187
lruk509637870,95
mklj063322680,62
tjij598244483,82
fynr035155012,123
aoez201622214,112
anyk895336959,103
pqto952762308,92
ukgt380943253,116
vehc751885857,135
wdsm299683409,218
sckp403256541,126
flvl765601677,238
vqlq545486064,99
ckfp599158038,93
ioxa246400592,150
kerj400481910,72
jqff250593072,84
dezn939651853,113
seau592949189,143
ynmj731600397,63
zzyj965687550,79
klfq272298620,233
gtyj732784723,24
whth853820965,112
gpwh331717124,170
tpac164278116,106
vhqh461173898,164
voag846163152,147
qlaw756728858,101
qevt822412725,78
lkki485370248,163
zmre818464360,212
wjnk527569607,112
ehpj429452777,51
zocq519763104,92
xopd045861981,170
kpmq990522414,146
iteg218262829,147
zbjk795973190,78
ahqo217171435,73
umdz634169955,127
bjib898020657,192
waej166621837,55
hbyh019585701,78
mcjz482954233,82
tdha651288487,101
zoni698699213,143
tmfb546164669,74
wvss672049504,91
rqrv704876847,168
soek724558672,133
adok063380034,100
pdzi824269115,187
maan105370290,146
bptx320876414,90
amwz044241916,268
ypha998871442,132
phev924361165,212
teep715261427,165
ijnz578623290,89
rvez472132358,70
vdqe675808849,86
rqml982659779,155
hezv772221557,248
dzsu608000751,88
ctuq680067622,95
iktz869965474,68
oabd374325923,178
fuyj489219389,105
qrko476677585,250
jwgw864479029,113
pjbm001072867,125
whgi397552754,39
gwwb725139608,124
jpvg039270108,79
tfqr897701705,174
wdkp209799590,192
jzvi406661235,190
ewwu490950715,41
gefg631478961,37
hhrj598566650,158
rdva468421704,218
geop858602748,41
efmc130012044,16
gyig683269736,222
vzay707091742,126
mqyi564944433,273
mzgh349237203,122
dgvm638846914,20
krrq443694423,205
wnbv986041252,147
afnt925812086,128
smsh523727951,148
qzap028280862,185
oaoy837445935,164
efyd257589604,58
yhvi559030396,11
nhvr862151751,95
fmhr618285191,102
gqhd149086443,136
igby680216749,76
dnem319247813,81
itsr200410665,92
gjej812915894,103
gxqe839623875,150
wtnx983570288,173
lrkz782233227,124
ovmz400104424,205
axrl400018857,136
jpeq661494340,137
xndg564679376,193
axdw538959295,78
rowr465133044,123
vvkg456929937,139
krer310310379,94
uehd866395072,186
dqff173419146,121
mogn961677114,23
ojyz803487215,285
gwgm661782515,107
jwup860290041,124
qogc461722543,135
arde964635582,116
nspv331607628,234
yytt491088420,215
anxr185042928,258
gdjy074089497,152
gdcp334629634,95
wlaa083089057,82
cfhr453233321,92
svgs014644441,178
txrb836335787,128
awts339803266,243
hmfx027752644,176
iemy565654288,118
nzpx361805217,197
ruuj965066767,23
xiob858052207,121
qhga046629639,72
poem323780580,187
vygs446960906,131
kbbr166022112,105
gnnk563403970,128
zcmb283288236,102
qnzu991223711,17
zshk752220902,98
pytz378027948,63
gvet704995132,87
qnks206728839,78
gbpn066200806,116
ihmy167855519,173
soge953216818,100
vhjv387719036,93
yrwk496930557,19
ctpj245116894,127
lwgx811917282,125
ayle956561311,142
jhfp782250614,216
szev287883876,233
hits286226053,156
jfzg402064320,26
fcau201815393,240
bvia666948120,148
ydaz749452454,142
zfly608384766,185
iqjw030125773,131
hbyn489008533,243
jriu872804395,106
aqfi479496882,212
dxqb420990007,104
idmz582460453,93
csnd668743942,140
wync083132545,95
hwdn368993603,238
zapr280273548,183
dijv625606957,61
nzrb717088558,53
rnmi007701859,98
vrib270191476,180
ldsw215169059,165
zoid062246484,137
ggjf222442567,184
hnth946848733,51
jnyb481942100,13
trpj380154344,90
cvzq818594647,172
vvoo182644402,93
veff014617072,100
uzls799764088,50
xivv464850740,168
nfpa558944828,133
ipzy653364897,102
twox029781206,96
dioj280837198,153
zlon937575815,58
zvzj208185386,109
fbca329417806,182
gkdh106213349,105
hjie000475077,118
cniv605703651,233
agss523984750,108
rgbp043041685,109
grxf806111269,92
eugu155013995,122
xzgd575526244,165
bkpu833190461,77
xgia172929680,182
bpww877848548,177
lrta801207380,108
pybz700781882,63
huma393854248,40
clyw100697494,165
zzlj987089133,153
myys255743117,150
gdeh626144168,77
ejls064022736,188
advb672440082,133
ktaw533660218,70
xglb611748061,60
blvf794728104,90
uuwf323861930,225
mssw357164122,118
qyhy780029204,34
hrzb388907845,108
fuhs494454684,203
mmtj755288680,73
towt235462377,222
qfpo138556833,167
wucq361569164,143
euum038476614,172
smdc856376901,234
pgcu837172422,92
lwrq091683800,183
kzui222140724,137
zqke328156137,88
foyg281801326,90
hwkz004169527,120
nfau986446007,18
rycx602764977,188
kkvv516716763,131
iquv638117892,92
zrju521156655,106
dxap027100538,109
qyeq946911915,135
iuwk852615781,151
awok249960530,30
ymgn516184046,139
ycaz309995483,116
nfok169521840,83
iukc051067137,220
rsnf666528762,117
xmpj057153349,67
veth025335569,165
qiou404866895,144
kath570844729,202
ecbg393737531,84
nnti787551106,72
abso624942346,152
uous848231692,112
klgv215011346,110
pdie379860544,90
dxhq518364254,122
anqr587949821,67
ibmn648242389,142
rgox908479778,112
tgrz103513558,132
rhaa566846281,109
lhiw842260036,172
yuer556889795,143
bwjl596883986,72
ivel850707238,239
tfkz672995812,139
aqac500156719,93
zybc446023582,49
xbhf806635220,77
vwbp269469328,33
zxjw440684466,93
numx068222108,144
xczy934335352,127
wjqy463672413,85
keph603315216,132
hvzn611293422,35
jdfh026442917,92
qgvb026562181,129
fhri950597181,137
cucl218286911,147
dkyx355810587,72
effp693794707,167
ttsk613135194,102
nggr591728153,62
pqcv101951938,112
ueeo528663804,105
shjs563561821,91
zfcq001837787,85
zkbz351903291,76
vxoq558914662,92
nvlp434676792,185
jpxk746279429,151
bhcr082579334,29
dzsi145453780,113
sswl652163919,162
evbq595483492,142
bvek489251857,169
qnak655334256,130
ozbk994430216,103
mpqu822509004,109
vleu391779990,148
mter977589519,117
jeqs584804380,131
qifs159817409,137
trlr042499100,114
appe038659618,131
uqwi866191780,202
hmaf626797745,152
obyj592560867,135
yazj603346739,143
zgvo864978262,93
ogac021857266,139
szwa468735133,101
ycot669583735,162
afgy914080000,89
oukt845995564,112
baww080002999,106
wvfs398921357,180
akif643654007,92
dwrb088143005,145
gdig072201218,180
httm842601015,120
blmx497076178,127
zlst775772675,167
xlwb946602349,132
rcot017924645,139
gtfu322880084,53
lijc924630889,141
bxcx649144766,228
wgrv707572931,152
qymr280084582,138
bush137012060,185
fqok079067425,208
wind587846229,32
adsj272886647,115
vfsg239590972,20
hyhq797256066,45
itzi571474638,156
qofx231089842,198
woyl841432888,102
abri243358465,23
hppj398599052,127
uxas301548287,88
jdgc012715317,108
mvph275864445,168
kmjq056082442,210
osso115783738,34
bcqh870963936,98
vrqc745019909,33
btei756576015,75
ecuh949476281,93
xgit549470291,107
ytli014669219,15
vvkn798581614,77
oqcj287545561,72
crai229572231,132
efxb322930839,128
best039633506,107
fqjk010477707,142
ovri017193422,177
pxfy220644503,67
mqiu004577217,237
yrkw654289898,142
yiqn498388156,162
efcw688790051,162
wgpn706657036,180
bgve184116080,114
sqlp463403991,116
fjrc438093532,163
ervc733584523,71
lfed925943096,53
cfnb132629503,238
qqgd753835769,29
qmrk674246687,217
kqhg852853611,189
pyma007104083,265
zigj378972862,193
mzzj950248604,127
pfmq417528558,69
fkvy455600809,207
lfox833339779,235
kugh695884831,168
guyr389468248,73
lecy647713561,228
uwwj679665581,142
pusc931598347,84
fvjl233340868,141
nyym341625745,146
hadf862039046,165
vwka520356686,17
bfse896510440,177
govj116259506,219
qmfh078482741,86
wgvg710028866,266
xnhx336813169,50
zpxs106984250,161
yjxr375251718,195
lidy387273733,35
lvii246161719,135
vnkn657645307,102
njpt769457178,123
jset752866164,88
yxkd391761674,164
ykdp972676601,123
yssm708545102,73
foae382368223,85
hssx243774450,53
iugd791534269,97
rfkj098656412,21
jpmz763374493,129
ypna843913222,103
xenf730314469,16
asga586592480,21
mvov193165161,127
bhux200339962,127
rmlt326251197,192
arhe489932801,122
zmgo973189514,196
vdai313252269,73
qqef716432104,212
fvld864111665,73
dlab123420318,132
fivy916547045,128
mxwk361041183,41
onuj130671344,108
sbeg000979930,62
zhyb469779613,108
matw731119345,31
tzfu365235497,123
lvlr544974040,54
jcwe500956788,55
fhbh162602600,108
snxs437075548,166
oyzj673427296,125
ysbd753918886,34
ceag760602129,82
hzpn627902624,115
issh738219143,229
jokm159359798,248
ndxo878766936,107
ixlm073160780,134
evso664320101,142
dzxb810970252,140
vqbd148890288,127
prbx127247720,205
ehcu947827354,154
qddr376541006,133
nkzp169174188,108
xilp898219579,82
fawb186349532,131
yjwk928768239,130
mori995207669,45
bxnf323229063,213
knka353994987,88
yxtu640075706,124
yzqm881699276,78
dusi928315385,86
qzlh840632620,117
dpsy603827380,13
xbvv656413587,118
vcfk768629168,130
eryp006415226,105
fxch631723408,180
mlwq525081831,222
fmzw496834633,73
dems634687050,108
vhmp331198397,127
saov219995551,147
ovov180380731,243
angd197471662,194
rfoy734628453,140
latt534416566,103
apsv187720157,255
ycky176183237,86
pqyh707765989,215
khjz773221983,137
mfvc526291841,126
agxh501066203,125
utsw544159429,163
ilsq286685693,117
ztpw545647749,174
aush556086291,63
tzva704913105,202
lrng198767913,68
awmt664062743,181
hlrd391399104,52
eaju893099239,194
itxo639717886,107
xdfg079666034,82
rysp201070123,156
vlzd907658215,124
nvie194905835,127
jwgc575782362,16
soxq145078766,201
zsem562545322,87
omci373319467,113
atpo501106364,169
myvn252657939,90
lxyp461816042,120
dodi086802020,124
qcku642956493,143
hheu038461290,152
qaxh900311553,209
febs371413157,112
sebk109961537,175
outm675104065,145
mhey830093462,137
xjre930712413,143
lsgm693236904,153
wvxz640030863,138
oifa489418128,21
gyof868931927,143
xfxp356127807,96
pfog115234839,118
evre737941297,101
nmqd876819543,143
rlbh093019961,87
lhoh709903649,207
spkk640011484,110
bqfk360157001,142
ymhw726668513,28
ljpz224757849,83
ucdo911626678,78
xkgv644136489,222
cpsg511317150,109
pdmq112825909,146
slol342272194,170
lfam784005643,130
oykb428332181,52
cons165797890,78
vuvb488933048,178
abqb388298750,36
nrti044008066,35
hfnf893283501,126
nqkk508226469,174
rrzv647204591,237
wllw925308726,75
fozh803967879,108
aizt195376571,125
jtap614218073,162
ofcn548595343,151
lxwg728542661,115
cgjh017343849,173
vmqj847344878,84
ailm775564209,105
ybva336921196,57
pcjm456026208,76
lmsc739111165,153
fslm774757261,113
wyrn559154381,171
ezms206478149,190
uypn880682795,153
jfdc169768805,211
mexj998519502,145
ryse131031182,118
aevx686509711,105
aqiz602797771,119
fljw234140832,121
xwwy990305112,117
wujy452025328,19
gkfc598672730,218
xidl807072632,136
uibz920226177,138
cztd091039218,19
cafi340750801,85
tjtm966756885,88
psfd385331563,110
qeil000578273,147
xpti888373807,114
bphh205146945,162
hejr118865001,67
wyxb320327589,191
ewnj655947036,162
wzqq008681287,16
adsb627532911,120
hagm118782645,173
fmpa534575607,115
gvtg060777244,82
cxvr851892689,77
oruf752178443,17
oicl756468096,111
vqer586993539,132
rzju284460958,24
fida817609267,184
pkvz520740948,246
oika240428990,36
rzqz595341204,13
wodl895543997,22
hiam235453408,141
ctwz794596257,184
hwpr661888668,76
gsaa243789247,133
dvjk740385274,68
qibe411324956,128
inug539100386,121
eusy277336320,124
gxjb799009419,264
btbi679678117,92
ixbf326224390,108
phsn761439941,153
rmql873319666,121
fpnm197914525,123
gotr641090646,193
gopc446456598,185
izyh362031293,16
pkdp679285044,156
ejsu410620826,59
sawo828453492,151
wqxy427721478,93
alqm513183297,58
wxmz396743177,117
ckqn718916449,113
unyc826962715,10
fgzk007091668,126
hssm611738023,72
lpxh051211732,165
coyf976461134,155
splf497647793,104
snri794664633,122
tmjz184821138,114
ksiq991598169,89
djxy605622644,103
aprt490898345,151
pfqs212195439,133
rshn413535363,147
zmig145124782,113
xymc480682640,113
hgkm868236568,24
akyl676156298,143
cnvk161529007,132
sgut554293072,122
wysm887556050,108
jlrq951998218,80
mwpx057345633,120
rbfe263981913,161
kkck624558234,31
rfpa108716842,158
uuik324399014,94
nzul128739514,193
ywfe731136369,25
njpk291805404,83
aqyw071980828,217
guga561512297,94
xghc214439742,153
dzte151677940,107
fsay647912971,236
fclm845572372,119
qvhu674358728,217
ywly752202862,56
zcgy798603774,203
guch113032181,223
sbuy046528713,143
ebez842712203,102
syvz304490360,149
vtbz784114688,192
qtxk308011855,235
qbqc495572877,53
tjuh768058638,74
nplh413510461,90
jtin070743930,127
gqfq127934636,135
uemi404368390,208
qgxj346353073,167
wetz217594315,228
gnow633388665,242
rqoy782325680,99
gnkc232530526,88
oegs318920874,195
hjbb942936268,53
dtrz261180766,108
klnz073846089,177
xkkn698785472,192
lzhl947998849,78
hjhr680739640,168
iybn564163003,141
ggqe657935916,25
xvgi973175898,171
cthq094758115,136
zsid519973384,115
inzi251693129,87
kzbk606896444,160
huhi712955937,72
yyad626918831,84
dtqq015892056,77
cgzp206520733,148
dyev883625660,115
dutn954100677,85
vuja963795500,153
uiar962936516,172
eobd184164559,77
shbs566178473,49
lrcs136479527,137
aabt975198794,82
eidi233181450,17
gtsy551148504,99
hfll745269879,117
gdbb817596276,118
zxub270828270,138
deyp593681399,87
bvlp561835698,143
easo998117546,140
izvl501057014,29
fdmj803869229,139
swes923335815,136
ngtg114613000,92
vicl531110965,203
cyzb180325674,56
abtv626576059,126
zkma081885204,136
moyx288958555,49
aflr209020455,120
tzyr387346221,107
wztz754098211,42
djeu696246430,125
ugrs581410300,202
nxmw751144494,117
qbol012042518,108
bwti364055401,175
fndf280083947,220
drqf546211336,78
tsba769860354,179
ayrb503698653,176
ntdi950447711,81
ntpf773325358,177
walj177350542,144
dukg683999438,78
nlqb119929438,227
gtvm405075408,48
sjxf204252685,70
cgty364785788,118
uzef447004143,65
pxbc640190786,17
geft005545012,142
facq915585759,128
pudj873763763,243
vhkz380616184,150
zvai833186392,103
nccc407667412,157
qwxb568953486,74
kuvp581973861,129
msat432668587,121
aiav995363849,147
yuhv512242638,134
kjhd618208335,35
kjxk952756310,127
nhtj677895691,97
dkwf221193345,80
mfyc983039282,150
cggd442733605,175
uzcq220601885,232
istg141677589,202
dhdy586765194,133
eskc253899251,74
ycic663501714,179
kiis968208843,152
ernw122627385,196
ywxw550879476,127
jrke235248278,138
lztj216077911,83
bubt293380933,85
szqt104452100,134
xdrt787199058,107
dqin814125421,133
yqsz456152438,108
jlel450435093,114
wokt209100107,104
lwze173960145,142
hvsk126580705,164
hool320732291,62
yzai949569310,216
ajxq751002574,58
qhul712350672,132
pfgl566565976,78
wpfw317758779,132
pudk016110453,87
rufj806544230,145
kbqj706718830,82
rnex994315378,80
ysdu857088777,37
eyjh552405929,16
zwxs071268757,223
bcno652980814,77
hlvm173988260,109
nryw191296193,190
snww372856770,137
xedv037256709,193
maal704902963,144
gkse844952135,128
mbwb950811862,142
vcme690029843,155
rdue367472535,164
oyhx747522719,63
zbtj971352635,52
nnbb692510024,107
iefq802228869,126
kwmx047455083,84
xziv358176177,143
owhf622075607,137
pqto547566179,178
vdux745815523,93
hblb493978131,103
pmcw122107861,170
rvcq476107359,15
zbtj394232974,137
qgrr034138418,149
zjdr112591877,70
wjpa247633117,156
fktu208262170,147
rjgo446004027,125
cjpl580873969,138
dqls947581916,128
jsmk081560086,171
fxpe361097440,138
vrtw554141081,113
wkas134618332,145
fhud337189594,74
kpwz539559390,26
ecil110839956,161
ixyo230512856,135
wqfv998414987,133
lfyw237188539,55
gyjw319585407,8
qqzw188578154,157
sefw027457213,223
zkak684404968,180
volm791252491,157
rtim438155954,156
svxn433739212,97
sbex265914394,111
qwnh827420438,133
lkbe284216291,88
knzi217864030,123
ifwq986523780,128
kmsw396206490,95
nmvl340668149,167
bdbr530930061,128
ugrr353170062,106
fgrn896132434,150
bvhq250661433,109
qbvm757873753,164
hqwd570989213,55
domf365915512,114
qoml239649621,220
upga648430521,108
exgj567417048,151
cncm647535031,114
yper340397573,132
synl323551534,54
nszi650310128,97
hstn752701913,171
uizo208687408,81
pgow001778991,152
vydj814715185,77
yssx416967349,153
hdfd372663139,98
gmyx442547228,131
hmam744605342,133
ysty560490557,11
ovkw599443109,155
mvxi689478008,114
jhwz767088267,63
rvhv592776124,145
mjkc188823447,52
dsnb468657238,194
vrqw566072587,138
xbmx375530734,142
sfta856744291,141
nqmv986411624,131
fhtd049430280,115
hnpc507335660,137
phzo375919470,104
bope336324933,162
cqde650148262,196
vbaj787204178,112
anqh846518892,143
uilk577202181,186
cuqm869130372,92
esft667091821,143
tzoy535144339,86
qgjh199976864,153
basm879408100,157
zthh019127474,98
nonj087827450,132
exfx270574859,106
vyfr186817918,98
mlmy380572606,122
uxmf724015667,155
drcc620778196,117
xuql882097419,92
fhlt845099918,86
nzmv050231498,179
wyug022760956,153
aqhg829840762,150
emxy269304082,187
jcdh498047359,49
qtvx889237879,92
atxy835101550,158
hmnd632853279,95
wbqe067125319,20
rkht252354128,88
xrbx427720955,73
mugj815058161,212
emtm167209679,158
adls342869830,30
yqyj239330002,78
fnez169002181,225
ixnj851584957,103
dsgh844248971,94
rjlc674529490,172
tdsw696441574,94
wvne443534941,145
xjtq928860277,82
zwgx516529211,87
nexz988901899,144
cwtk361858041,135
rpec138713848,140
fjmx458167043,135
eacq088614860,116
mczm622640917,62
qzld966851208,173
ulud715437810,86
ftes773496294,54
mvji329941479,127
tuxr114314492,135
wdez355690807,116
pyrk818183260,110
mbwq419116520,108
divr294986408,117
qglb265334577,148
hzvp789286229,86
qnpk337656439,121
qefj518578649,129
wagl545674865,77
dthe786786537,125
qcku423319947,51
mflx060221895,88
coei042661811,72
hhki540521434,92
dmwn011025805,173
ajue290146658,126
isvi284516546,40
fxee372255451,86
mcpi413113079,75
hvdh320946651,54
hqou027676777,199
njki532266052,99
jkyd830811577,118
gkuk683881057,47
wqkr030278070,221
kvjy620382708,141
gdsb867453327,81
ewsp398813641,40
vvtk173294060,79
ncdz960125460,94
kkci476727711,236
osst874244503,87
qluk763982005,56
vqku406850568,115
tanh991264927,103
xsgr149547827,108
nluo201523111,116
wnmc053912078,128
hcri469511967,143
mjzo542908359,58
mkmc374203613,174
xzkc876130686,228
etcb737087232,178
yiad966202741,173
wslw994501858,131
nvpd556035408,39
cbzo151916472,113
hnrq632835162,50
kwmu987221253,74
wydq513251307,65
fxbe148000879,85
xdcb282971849,122
nbwz910261648,68
xims446408174,102
mtga672769740,85
seiz595436307,63
irgu350731361,105
yiwh310936856,34
iuqf022713432,86
xmwx162462752,161
wlox599648528,71
ukkv678778209,195
vbdy692476546,13
piku258283900,132
kosr220790628,137
ydvv313016462,192
tbhu629489458,83
igcs044162861,125
jhmf810949482,167
evog096211747,81
fibi971887293,140
zsaf061370017,78
maxs723452898,9
hezj324933794,128
ygeg592535976,154
plnd009609937,79
qwzt729540182,120
kwkz826223876,144
rkzf931445346,102
mvfl522565471,75
igpg180165894,33
jtqh527985049,118
kfqk476140338,55
gybr447535772,161
kuic104778341,115
ciec131074265,138
ejdg444290571,106
lquo971607142,20
pahw276438810,64
vryg181487371,53
byia717495805,138
sgwg077182497,151
pjgc708810656,61
xhev490178288,33
ltwg709301578,198
ndos895976243,123
ipap971598985,148
peor453566519,104
ckah752178404,90
dhkr946175089,107
loff961115743,190
nqby025290862,129
hhnp954276885,51
dwic937978170,205
uhmu182447303,41
dngx773119315,162
ymlw786974160,86
rwzs384814348,122
lhuq277996125,174
jybk734914524,18
smni652821065,95
edul480691490,143
knzn715417023,118
rfzu611567571,128
jnlz798203727,167
anap462360053,142
yraj648715929,145
bwmz595137293,82
rspy336787125,193
ihkw409275879,122
sbum537893087,87
jxxi203889452,223
wtyz252506421,83
nkid734580056,148
sgeq271326540,77
xfxx325454418,48
aros105047120,83
pick366588308,133
jtsf640698001,127
bklf230872930,73
cfwr870764846,83
avrx822038443,155
qrsl863065454,201
kegf386933367,195
ybmu679887244,101
bygj861710374,112
vect522124302,109
tbxl403117772,175
czlj675023868,128
moaw843034936,238
zokt906944140,106
ggpi023211990,100
owbf169933691,127
zhsw648418208,139
qjfg505168445,179
dauc098596910,137
oytz907153515,86
ckqk050148511,108
urqn244299900,74
wngg378465819,168
vgpt836856901,153
wciz697833360,118
touo523437361,117
gkff470085269,73
zbes959352844,89
inct731687275,144
laxy911640218,195
vwie397392485,79
ssbx693956971,200
gaen813973385,62
zyap462215752,63
ywxu112952089,57
vwoz482614170,58
mgxm092807470,234
bdjv563543875,161
qhmz341360043,192
irhu751172517,186
yogu862389179,133
sdgq939252488,153
ftcc851236960,22
zacp379756093,84
lsoy673998235,127
hhkn349100064,207
bxte602963802,197
mhds506296048,75
dapm739049894,217
pmmc292425955,24
zdgy468899084,117
tttt324525616,183
svqu185526713,140
jnof949687642,210
mbit136638236,197
gxgo051811508,199
upag442553026,122
aguk675746356,24
bmdm799487796,118
mehs091396068,139
ypwd732659090,72
xauq069252417,163
vary165004016,121
incu543044349,99
pwrh945327480,98
xfmh664106990,182
egef005457143,184
cytu892998998,28
tenj286446815,122
beob317709956,142
qqmh476980751,132
ohwq982369023,127
fysg824853998,154
zwts130758773,236
gbtj108662220,110
ohlj763010271,123
txhx546916529,123
vhla690919172,169
hoxp617704421,151
gcsy108614287,52
tlps030594441,152
ksye198942639,149
rulw648762841,197
gfml294201936,188
rgvi432093618,98
pyci904402968,151
hthw274289617,145
ioma654065752,129
bpgo327947490,114
myeb840693950,213
kxlg144668683,109
ycjv564849517,152
bmzj873939981,163
zraq849901499,72
gabm237078804,183
wzfw192274188,232
bvju988188538,73
oube549383882,87
mtvt631842200,78
pixx374679154,62
powa290997369,242
zszb608853116,83
mrtk032995701,5
pppy651340862,52
dfam174332243,24
debs630189222,125
jzmw812878191,75
tbdi796023891,117
ttga747111377,142
cage968359268,78
srqy971864498,237
rlfp675865771,204
bhop804793137,113
ogwu356082576,119
chsd349449495,83
cqgu719694596,143
mxme978952966,82
slma832007532,110
pbvs287029413,110
pzyk687243454,155
wjvt896190521,210
iouw240671134,145
cmpf193349089,127
dhex911677301,177
znlb075049832,126
jbvk101196693,84
wqls982746096,17
fpcg590573027,147
jtye800122595,126
svpq288199642,103
sefz685017849,73
vdra460047263,73
anmk536830847,72
lwpw853193655,156
spwg881665470,140
yucm013233628,143
mklo375722714,131
bsdn256186477,93
uodh513916740,101
znxh650690887,88
gnxj316564131,90
gxsj174140681,103
jejr587722626,213
sgud222822706,93
kvty001109849,54
jnzi413876759,202
pcwd646438071,52
ilxf889126556,88
woxy980388648,80
pkjs892749437,126
tlzp977722296,33
neis224586026,95
romy146733049,213
ebzc100610973,146
uyen496599737,107
xsfn218632581,72
dvrd920463615,115
qfnp308114163,34
foux700871953,223
fwwf552073298,140
wnoh984404392,163
efgx622503462,188
qnro852244999,111
cmby788861814,128
dysl470022404,101
gqxi166384683,103
angr881593595,88
jdaw721757699,67
nscp047039932,242
hqck248397725,47
piwb912135458,145
qqvl643529850,81
sbnj311244643,188
ucaz668033228,123
quxg479412461,138
gvxq373107814,112
mtcv623035017,233
manz972036341,141
rcax237745839,74
zazy275940091,94
nxuq920123924,80
bzjm235797683,30
fazb318295310,80
iizx342569180,31
bdjo583673360,93
jfha623814927,155
mnzs611770518,162
rgzd663180425,261
rshj327451407,81
iums412996234,231
ibsn082520644,62
keyn179107776,82
rpjo059416290,127
cmdo469002364,69
wltg919090855,82
tdpe118567317,50
paep399095149,40
dlvd980989974,22
kdtz024528969,100
ybxe482998895,98
degg159630328,150
grbi470167595,135
zrxb357194362,76
rhpf183419099,134
qfya790627350,138
fsfy862868311,198
oqra233631322,75
uucl319494914,163
dknx521739392,112
wteq407909215,191
pwbi087257168,61
kcqp485622580,152
rkjj270327597,83
eeap784278434,53
yvxx459957463,118
iagu218860795,122
aiyg013456138,141
uetk472835193,119
bmqo716546767,127
djjy266135369,197
qbua832408360,79
rfoe042960289,110
lmpy188080576,22
redi454586515,146
rgvd058913672,138
zkjx566726145,137
bdie367896633,33
wspl887272160,117
stjp601354317,81
wqao926693387,84
duwh948819000,108
yirx922216286,172
efuh609069359,73
wjpf203219260,165
mbwg734522246,213
fhrb787197707,92
qmvm183634911,99
loba077476032,125
ajqc501976249,141
kpaj393055426,203
xmwp680364242,119
ygbh809404156,248
puye578835112,128
imzm865246812,145
abtt312652635,135
lkci183823411,68
fbkm478882515,96
uqmg501615523,178
wrmy371166753,74
zpep265637506,93
mjeo421435482,155
erjl356727566,92
pwsq281122164,203
lkvd282643644,191
jjpk429561934,200
xaht086635546,117
gklt092712911,70
xkkq081798166,85
vnfr653861828,93
khxr118457682,124
iuzn176909986,248
siuq052921665,112
mwek997057778,161
sjsc310838066,133
ugky172073990,73
zkjf435055646,81
gckw159650713,102
xjbj112759644,50
uics021333492,90
sybg035849133,128
torl247555134,101
bomv126494581,52
yxzd284708435,73
kveo722472927,180
qysv307672880,112
bhbo528785931,92
fgzz513029577,113
tmmg508770075,122
aqfu306728074,178
tqma564231105,98
cxcx313683359,55
xhib648547328,139
gpse949775814,27
efnz259147938,102
vlmz659068680,37
dljh572368196,54
qali897019827,31
nzzv676181624,199
cnqi880357493,78
byeu496958973,78
hieq613946765,27
qbjc393696064,127
ssnu438333690,167
ejrj033340785,75
bwua509379989,190
juas034055491,197
fkvc017421030,129
ieqm195212600,195
wsgw676934204,132
pkbc925181895,132
oovz418574187,135
tjyu539235256,148
ixfj555978230,36
rhcf500599265,147
jegx674060318,89
tbuu526693444,153
gaea362326524,183
uzqa550142810,127
zkxo551795730,160
bsuy103275821,27
xedr843742779,201
qhrh170212138,139
tgye664993966,152
gvju383543044,130
doaz508981450,126
mkhu744153990,18
armq235107210,130
ctdt922180243,70
mgck057256848,154
xkco237028053,70
egjq453631595,52
byvg827545603,23
rsrt858380026,183
ojah574653963,165
bvyu036705465,127
qfbk048018809,108
inlf415108676,78
qdrq519742550,188
ihqs608133931,216
cozz057160614,76
bqhg046685842,133
dedu904704825,133
owkn364869838,127
zizr756416740,141
hrjp008971648,177
ycnp177662080,102
neqo267863606,180
nxib254065512,147
fwpe861400876,130
pjfb751325814,202
acsy494586922,197
hwlp927428091,223
rpzv097516406,192
uzwx046955186,143
quxl992178301,81
pemo928205586,49
pxss261146366,155
uvsh044862181,125
tucz894285266,112
gspr456079248,201
ogqh429541238,117
jgph146898137,81
bkbf609239012,62
rcql072273738,88
vimk508467489,137
uqgy024189558,132
nvcy197868049,123
snht683830618,163
qxkh561838895,86
feqj487438456,82
rooy289578657,77
qspm638997319,35
zoov735698691,112
kshb113994318,66
uxlf517919585,163
hwxi067199442,79
nvwz723633521,173
knvs432343909,60
kgjq825838156,78
qixl860788439,168
jiic643795178,127
dlqi528693569,192
nxkt141382471,78
jzhd960211292,132
yllp482154015,185
nstb364330847,83
yqys520416747,85
bdsc782052927,113
xdcp738688292,77
rlsl833301628,79
bejh891662378,173
ojjt550204004,227
pexm876288084,92
bjqj695486317,48
wphd582156254,103
vhra668992640,73
pitv301498037,147
gezd411484491,52
uigo891369420,139
ynjt897041025,27
nubb495128941,143
qoov148345362,113
oing534522389,137
rcnm641540264,123
bqdz677409506,95
dhmd759390340,207
unvk813377284,165
dfbp477765111,125
emeq297793298,95
ihwv178398110,113
urcs739663216,177
oupn251471149,73
eqmt927781125,74
elva256491483,152
ffco295344967,137
ktrz690583284,83
yahf039910267,137
nzzj025551412,66
vavv645626728,159
loet145175802,187
svib232755407,132
cypd090912699,73
zxws188874704,142
nfru663849640,21
htrf637557503,139
bvvd474759336,155
llba298841378,94
jbgv992170052,114
kukc903652927,132
ruje940852139,100
fimk825138344,117
ujxb221144805,103
iglw612315816,122
qvjn938809033,14
toju684352781,118
camh365291582,73
qrye158505581,182
hazs682790261,78
gszk138919445,117
cagx854925155,211
cqwf604874711,154
tjpj218427315,120
aalj579902611,92
dugf739993098,203
izgi524142464,161
eqbs692124337,120
ccyf106477613,238
zdwh291427907,144
nywt011655520,122
xdjp650601431,187
xwwc132656337,143
wyme818042598,204
nxxn911343844,87
mcyo550794408,197
curw007289599,240
zemc786404094,124
evon982384549,114
mcma572834793,31
lyqf943373801,66
uomz517474256,263
waqb698645501,77
awdm972530577,161
kblr666987726,128
ajil108567150,106
dwry186937214,55
srub109740049,220
fnoi187788483,240
lmpc844133512,121
opgp414632581,79
rlyf759726054,146
zkdj500552495,105
anbc960155583,164
nyqk020049791,86
mtkt795643416,139
vpdo250485956,228
fumu073568557,89
dukp665684019,145
gfnz500640818,132
okbc796586598,239
zzbo196895682,16
rwwv217399081,125
fxxi160865190,116
bgxg234057239,140
snsb382571691,87
bdhg264798838,88
uuwj105277924,96
qfmp659356284,170
dpwo288739112,98
qcdd300388946,134
mqqt761845167,188
paqa860541001,83
brgr043225343,236
ngyo425024779,160
gpcn152449449,238
xwby414819199,98
tntm543186028,124
nuca683261573,101
sucm048532542,132
fjtq072021593,19
xonw798594177,128
gdvd489711655,174
xmbl090442531,127
lxsm188486440,153
vobf225561862,138
udri731998285,241
jrjp637164951,127
dokf369907334,53
tqpd421885457,21
urvu353267622,174
axzc089390843,182
tzuk081637618,226
glys857030506,128
vslg034474598,153
ucus012297559,107
dgun903964348,103
pnmv613475334,85
idkn126497588,103
wapc682357870,179
nard308038009,41
dwxv747613088,175
tubn378561884,49
noip006590822,103
pilu577280094,93
tixi323549321,77
huor477700974,14
xhrf972438815,22
gajs980280095,64
xnct910717834,127
yggn145048916,84
hxho939740431,132
kkeq921555681,67
nlrg534864599,60
dkhh026482726,33
xafh763683861,84
zvsf123331930,90
dgrb064939659,125
uouf458895009,86
njrb366922356,123
osmu763461662,95
dsyx801491117,118
mphz554735615,18
udlq494501774,205
bovo004378881,97
ybsm046876965,114
kjlm680204822,108
moyl626972570,132
ygyi501416356,189
zvzm660110189,60
gped967358080,203
ktxz328382477,119
mizk491361981,143
gtuu707843785,121
mjcj456955587,127
rndk105042917,142
pbrp949056734,79
fnrk232108110,113
ogbp932463731,50
oraj996716948,246
ysuf701843142,198
iyvo271053024,101
umrd415406044,108
uphs754861575,167
tlmd012869818,147
fxkr324237151,153
suxb418081556,119
ybsg211365668,104
haxh582534522,113
owhu608722415,103
owse946570906,109
sgzw487282170,109
lkxe015298378,204
ksjd011917974,200
rezl356133744,92
iwkk675600046,100
azei663941048,97
xhhx389187464,128
nztk259283380,61
twts969444361,112
iuby423636645,88
dgrt520391905,198
jujt128905660,92
kwuu708177403,252
qjzr220988198,82
rfrg668908477,91
dugy693757253,85
jxxc239940859,92
wlhs550222180,32
fgre466103653,119
uqmb576496846,177
rmih734597813,159
kbbw833701869,135
eevy368045095,102
tjkv219242250,19
fqhn564848004,141
onav578014185,130
nlpv645511300,89
pqhv485301726,109
mfju586454451,83
uuva593251066,115
agzi011342648,106
glcg793733621,205
rmni807670548,217
bqwm135919115,150
ouci624968394,78
evyp093092875,55
axad510891447,57
fbch967149772,116
oxai505446377,91
psgj122039273,166
fvfx381684877,44
fmqf995809384,102
ylxm976262778,142
oxcj430992407,100
azxu656237038,114
uxxb842387318,50
wwur396570685,108
tbzf734250715,155
awtf544595438,18
ggef615462569,60
tnpt018222761,165
aamx360757057,228
njzq567821647,93
jdti128640199,87
judk671529431,197
ssed438603516,91
aeox347507962,112
xeax075740194,136
zdtc007498111,92
zhps231677046,87
inhr290175946,150
slzs818906396,137
gkhu061293476,149
sntm925906713,93
mutq163015201,168
tznw031284989,153
atrv736152846,129
msch218345191,31
heoq479034193,125
mcqd481134271,174
rlto630902882,198
feaf850746986,103
nuzy381943324,142
mqxw938247167,63
xlhp634308192,191
prxr583800814,121
rhno670838793,84
vrno972137707,130
pdit890888726,147
xqmv646320990,82
veun564935050,135
kleg234374482,142
brja613344202,218
hgdh407389591,142
boiu438078200,92
iext295340417,118
xugd900330691,163
pyzr231844484,133
vkoc388051741,241
aiup627053765,51
qrqr634215213,125
tkmk777657605,177
mfws597250571,152
trfq760945563,102
ahey615599922,46
hojj869076192,218
cbht087193596,88
kxfw969403616,62
bjqx702375493,58
rpla219615504,147
kcaw477487452,128
egcf288259761,125
fsrh555990040,237
nftz853544731,52
yqpc850157741,173
bwed081068990,150
axdh744887118,112
pfbc217130421,108
hlxw815335712,163
muoh420677154,201
pjiu498995913,152
yexl462306272,122
seei684199938,127
kjat107591825,195
vhkv451523799,152
aueq802612070,154
bvne516089862,118
wrzv753372335,132
mcjf712225168,112
nzpj959036420,117
mozw762736824,158
bayd041327648,107
bdzv376482423,158
fvvj624892976,103
xhhf699712701,99
sspu554032131,92
osgc419855881,142
krmg543490557,101
kjcq244869688,194
ethw639047151,149
wnmv834092816,107
kshy084702987,102
ncta416620896,188
ytwb330109311,142
ceor468355818,125
bsak686423225,66
jrjw695939773,100
vxin531223497,117
rbxm102697014,120
ubrp756456928,125
rqfg541053113,166
taey887622914,89
nnoq943425022,167
zvrx560023775,192
lhgy171980776,123
kyzd764823640,49
uxmi554708511,129
zorb542033013,200
ttux320897006,105
vhek651138768,223
vqyu389586252,103
kqww726277396,115
qsdl486158260,123
xpkr935207220,110
wydg807131211,182
fuce173007367,132
schg079348402,109
gcvb955758117,77
jhek555937413,138
xuvp833682762,159
bwxl362272747,101
ifyn666602354,87
tqfn563461823,66
qdys818766116,120
kgme513030506,17
eqet568908296,58
ggdu150901131,193
ubfa856817225,112
tpxs394417442,93
wsqv144646409,173
vjpr796514178,131
kgeh529157980,237
zwfy599380783,162
jnop384151507,86
uqtc968731147,47
vqyd916861286,58
rpuf399096687,77
vakb629211457,76
kcot900691031,202
bxxh380698639,111
qxki780354379,32
honl880230260,143
dqgt686949084,165
xwes471340916,70
bzfq986053008,122
bhhp920524256,192
htdf504132094,100
rgqn742431536,267
ouyj452090432,137
namx780145020,190
xvir117469940,119
fpcv227584571,93
qpjt486302219,90
lbhq901469723,22
vvyt744150943,179
grdr231478803,137
pvsa495220295,124
webb047402226,185
gfgn477160175,150
elgl523112688,78
trwe033167448,165
song637720793,67
bbak720416380,68
vsxr824389851,83
mgqq848310041,87
jdfa645428385,89
wmgo748483199,94
zjth638032776,187
hraw494974882,81
txdk831760978,85
jxmv518126825,127
ykga209650905,92
xqjj812427131,180
suqt128494547,134
wkao190721913,148
hfwb736364713,178
qydf934698419,22
hpkf048892460,73
ltfe227653761,22
ihrg444722083,88
sbfc749365053,214
bhaz575490492,98
ljeb344747549,183
aazv193356657,28
oyrr955438829,200
yzvt153267293,117
ghey230966855,92
uczy365413371,123
cqyi457846550,136
ckeq629782449,142
qbci789242916,12
rhjo038194578,25
cxcp577625945,137
nacr438862646,111
cotp072786259,165
brpk690648841,80
tnfg802881388,48
ofea608282164,198
ydsb599905024,231
prwq121019524,195
qzrx037706349,95
acmz152950088,106
qnbh091923431,68
tupf100489910,84
qqiz107786669,125
ahgo223488817,183
sgno313962762,95
xacg056859116,131
tgwa231394979,195
qthl887148713,163
oktf408127494,35
daqg632599834,89
shrw092037307,153
oqss564942509,91
fjor389654979,132
aidk269010717,77
svut287517176,100
hyje606274629,135
pvoo107929506,144
jbdl891201667,225
bfdm893977208,108
oiiq866657110,130
mktk610381330,185
bnoy895623735,17
tllb436434331,187
gnew239795760,149
exwm799165574,93
cjuo629736955,152
wssj281300278,71
gekr848506469,79
vncw106944434,74
pzhv354755319,169
cgly737195045,172
mznj418031297,75
hjzp882782865,82
icpk341466283,108
ypxj184357892,63
rplr181960332,125
komd753895793,124
kalq599038900,191
egmy945784646,106
xtdq797504776,172
nqnd777774968,30
ywpp330323848,61
pdln235221677,92
ydfz614288642,1
qfgi689421321,146
onuv835709894,128
cvpq555909742,103
xmet666402017,68
heyf037758446,108
afvn291546248,179
wbvt468192454,115
ryzc378331494,203
xges734220510,166
gken513406888,40
yhof345178144,139
ivef838585295,150
eolz858854372,137
ouqs396896018,82
lwex762243599,99
tgtk303160556,212
qagk427158064,94
fulg560215333,152
ldwq060659285,182
dqne485522479,73
saqq215322340,29
ezfo094928772,141
khjh659577565,123
trgc384536888,98
qoxz060741182,128
tazv044405717,95
uhec723228063,61
uxdd999286071,53
khzp600183237,80
nbcd158344609,137
icwb477509430,158
kytw539100564,163
xpkm076993105,118
iztg315425370,76
asuq508310410,166
cyqc749398671,25
bcaz840724140,153
uptw111496242,139
dcbo786346361,87
qsyx462333058,108
dhab856973226,58
njhm251225776,108
fybh217182003,84
vnrn060350109,124
kuwm277392760,123
tckf562583545,144
qbhd314068549,106
ncge314030650,152
mpnv797510295,72
grkq139002863,203
todu225880628,63
jaap861280239,162
xqmf197034060,128
cgmr401249140,61
sgjf719991389,145
odlk371649266,166
dzte164314803,105
nwci333900838,88
molf902102741,223
gdww345529983,78
eobj826469381,54
bsih133718955,187
lczs757806845,80
eqke536168434,84
vmgm674510911,147
kryg007160284,77
rvgk230311916,113
zwcz821478865,203
glky876791006,45
nbqt456865407,80
yqwg550739760,123
pqoa614843795,148
pjog255126487,133
vmwt547825941,164
qlio155232674,135
rfsk443587694,97
kcrz763811592,207
djtq281088386,22
ayum326872510,94
otln296077553,82
arwv147084876,95
jovr205067126,24
qsfu236800077,75
tbcj826991988,18
xhsl808348607,139
mkgp242466668,122
pmgj539617209,132
uyea250304383,74
cadd786435380,77
eggh533806068,71
qyeg929025699,78
bngv386899350,22
iflw545786461,135
iezh723018205,105
rgac839191855,34
kwqm223411070,207
jyit731732978,172
enhw790904990,148
bfgv794174307,88
yhir381568633,137
bxoc302846356,129
exoj600285784,51
aynb565065711,162
nrqq261810915,129
qxqu032086184,92
uhbo838406874,141
anak541857620,147
gggr887918878,195
abyx040376212,78
mzxi289018767,227
jjer686160807,127
uaek863166152,67
gcjk242475272,65
rvex869745969,263
jfnn001993375,133
spqh323878394,96
wtdl885008979,102
xehl144072517,119
dlps003213041,61
pixh779930268,125
meoo747329049,112
angm242680091,95
fgfn939049524,76
dwwx912150833,83
koiv239518836,165
uksa999563428,82
iaas872033974,203
cxhu385046822,164
tqjk106872996,145
yxbj788801826,67
yyqb561433637,92
etyl484008182,171
xdlk612863172,144
gnlv438245239,132
wyni966461456,128
aqvt922631786,70
bhbx638268574,34
dmto477335082,122
likh286105766,175
ruws730946595,176
xpcj418904710,160
kmam076532495,83
rviu207589901,144
xvhs311377992,79
ozdd266608091,17
zowo887668697,19
aomg011115468,183
ujtl240257830,184
kijc659764868,228
vlno209339101,19
qcin323249029,84
tbix929489641,145
rppm736557292,29
djxe425398810,132
wfll641248390,206
psoh164253088,63
puzr637514959,127
oqzv173402982,72
ronu300605190,142
apiz455596396,145
urik924020416,82
foff612962883,122
sqwo766386947,63
nynf490834240,146
iybh914359886,138
zyjx584134323,80
tytd556072877,126
ufvt279479026,212
vawd547095335,97
opqm109252922,35
ulsh291399541,53
orwa625873741,73
xocl076927622,98
mocs078913558,112
fwry874962723,62
imsv755366504,158
wxoc338369421,245
zyqb989900417,80
jcef886168575,81
efgu879977506,124
gcac136884134,173
xoyd650024006,72
gggl826218066,78
qzoy780560724,119
dsfz159831741,183
ureu368169636,133
uwts958654948,74
hdrc746902951,207
ugnb123721355,133
gslg971547747,203
hedv846874634,96
okxw975901282,61
njjw970704029,113
wklp273103789,97
ppzm506331041,142
pofj697812307,154
knto384107043,165
stiz456560840,78
pqju406825717,165
bqif031216711,94
jcyn543091665,102
tcxu437234748,138
lqku215238990,89
zkzg870232376,141
jtle013783322,238
hhek500558905,175
bdbk202564378,206
hzzi645140731,130
bgll221993163,58
zoxr286496021,263
ieqv062226333,198
opgh658331206,20
pnjw169520602,119
uwgv655005155,155
pnhc107599902,87
qooq994316175,241
hsib484088211,47
enrn652641689,72
kkil162142662,187
qtzg489360224,93
myxv794824671,80
vjtm632087051,103
cpit669808871,138
ltox684137532,67
htac780317967,85
nqsb638974144,101
ccsw126266627,136
exoe108496110,175
zfsn528931378,95
iuqm728074001,87
wqhc541261855,62
chew400030226,218
zqsn255141713,46
kwfv603751260,174
gbey472633464,138
xabi788194928,175
oebr805162658,114
joqa408925001,173
gwcd052742090,196
fwfc833804216,113
ykio803576486,163
zchp443456864,98
luio761519018,108
upxn780260310,158
qljo242618653,139
sryz134866643,215
eweq126352060,91
zjwh619081908,162
zqkx313600231,129
phch474916576,124
dgvi055248406,30
phcw601223455,19
lbee648251007,148
pocq843504008,144
keal953553718,138
keyz045014564,168
xgqz970347335,96
fvgs224409354,197
qfgo236657334,141
thgh378247954,55
unjf556152316,177
dawt890963974,208
kssa546078441,115
hrop344584904,245
xfpl527911006,16
jmhn305110833,187
mlyh781282036,159
yonk821997615,133
ftyx186351377,157
bdvd234638678,194
snou598464616,111
talc572328454,26
piul158491861,227
mzjx408407920,192
svhk440391898,97
bdxm123322144,111
tlwe238105464,125
osko039193035,94
muzz675540960,67
wctj700860311,150
ufho125377141,149
eqnx065478636,98
geiy707372081,170
tnes626214583,80
wuen736092465,122
wqll137352776,193
dfvc637566718,93
sevh459096091,181
ghat623489805,100
wlyr871578838,123
qhmk943441821,108
qwjf871491870,123
lbkp700717590,122
asgx523090096,107
hrro011007826,126
qiqn207843169,174
cste138914825,260
aimh269490680,58
hmrk681115456,105
ajtv970313047,168
eajr951676759,202
jbxu966588804,108
oyma141987043,113
bqyt777825035,74
hexk683778093,200
syet704104163,124
tdlx661953367,197
qylw135806005,205
hjsa161442682,167
srqj656557824,127
kgrt888012847,117
ovpd269770564,58
qfir376790214,150
syqn156901651,75
bbia322887276,194
kfsz665835291,206
rysf036414049,104
kled442324435,160
ogmq520846008,113
cwey313348910,133
bbfv659135004,128
rtgf181174932,77
lnzf788692228,67
hvvr413036274,245
ftjm306432426,133
tdup735548389,101
bnaz345519652,142
xmxu530959921,57
kuct808418485,47
yrql623269822,117
jrxi781049636,202
lsxl647800792,118
wbov831177803,89
odxf339103461,84
lbev897514427,183
dazp415124031,138
iscz334356728,69
ujur015088872,128
zxxs359838010,125
uxcg799081371,98
zcba016020885,82
bips302496340,95
lilz845311477,51
btnn356566318,126
yooj669958312,146
qhtd029176346,244
nyrv300135641,157
tkzg695505521,127
kanl313180721,223
xciw346661854,115
knui767630431,137
zjcu266669500,98
wsmx085102496,105
tyrw494837215,67
jvkb235201559,153
gncv960770054,134
xqbp038292443,145
ycfv493363096,198
ubui354029167,78
nrzs708510923,124
embk334058611,97
pjfs861571865,125
kipd030918323,72
ppaz913078086,114
xuvs788371869,133
xblb821111135,144
bhvv715177528,125
lwxf062949516,149
cxio462008934,75
wohv697899145,173
tsdj323182122,130
uavb632289359,156
aozf567699616,57
iqyr696887259,132
pwpd157101110,107
vblk785907449,168
elmn152697777,57
isae444949484,145
lpfa905719219,147
xqyb349062661,137
jkwj506778196,141
gwxl648477100,133
vsdy561263591,115
xcga091527106,177
amic715701365,215
cdcg018689315,118
cyud480632619,90
dvau164987433,78
xbmt292994631,47
qdxx011728420,211
ftbx498626392,164
wqdj528618581,162
gcfv446789487,183
ntot874632270,123
mujk177367775,111
tqef437144383,156
adkm936976136,219
wmzp035697454,95
ddsx642148737,98
iiwb543739031,63
llst168910754,133
dzmt683480399,109
aiok981430524,120
jbfp563049875,177
ownw108423154,195
upnj910952034,127
jaqb296421069,131
qary241303916,83
uhpk983687833,212
rkub773133967,136
xqwj062225007,88
ppqu091710374,100
lvot321040721,62
xpqn162487738,183
mssh250682597,163
jfnc735295503,115
wstj273121492,128
brxu079445024,117
wbhh313445519,151
sdbf161013270,131
tkts969181323,148
pbnn212555159,196
udbd271279426,149
isbw423152882,28
iqzn613306773,242
cswn959316984,83
ckbl791360126,143
knsh711012802,100
xyqe004474257,171
kjzu864135126,192
gndt894346367,62
ilek182549403,45
zdbf496717124,149
etkc482149931,182
wjkj252874527,231
mnrh827146226,93
ditl739189705,119
lmvd580003199,78
itoc332320472,193
xyay828468136,132
uktm074177123,49
ngdy521394617,147
jbhx406681006,221
qqll191513269,192
gins418715500,142
otzk774899715,112
clln702602804,62
ader823951542,100
dfpz659976784,174
xfsh443000937,157
yvix257205808,87
vpdx713347439,101
gcis117296028,73
nebp089023584,158
uxdc727808686,106
hpop621464067,97
ftlv551598074,224
cfrj130436763,78
wtnu225269057,233
bzmi216364650,25
hxqu970434841,270
jlnk170439498,29
dgtc418849904,99
zhuo598253236,143
cygx373142724,130
wyng519766586,173
wkde487102575,127
hnir876209318,193
ztll195902319,164
pngl229492807,150
mcts676380419,85
yrrq353868976,113
jiyl370736074,195
payd149505527,165
oxuw849247898,112
uvgk614982411,52
edhp483743035,137
hnzv150650809,81
jang666838081,88
lqlo724843529,152
yagp359191547,134
vgld035289684,150
wcft038252292,174
aztn500539518,81
ticz832651996,92
jdqd607015408,91
jcwo210264596,167
fjoi780458604,122
kboh451131151,45
vpel900233121,118
pnuu528110603,119
kxjz498186993,153
txyk205952704,189
plil573625946,148
oezd315434444,77
vovg481449395,32
tvdh766788668,142
hfry567675134,60
hxdp016399146,97
bfkt328585694,177
fmrg923322327,48
adgd239641347,57
xpwv450211365,194
ltnz008044832,138
dyhs648469134,93
vbmz361140893,157
wpvk924250051,211
suoc120461423,215
kyhq971738671,16
gbaj197567233,216
cptp832038348,45
dpoy125731546,137
qygk242482511,113
iyfj507616112,102
ismr082246895,141
ykzh236105044,65
ggyb297234830,227
wvqw938888127,125
woyb438615163,92
ggzg204552563,130
lqxd844495901,160
zwpg201418022,170
esrg967372110,86
joql566212889,36
mryd268931543,150
exts999590795,83
vqdh397723675,125
xcii231339713,117
nwgf182767714,171
riov830170888,78
qpxm734031241,158
fbfo663642362,170
opkp573554563,20
qssu335160253,133
pqqi670549650,92
vyfm340910196,76
ltnf425615553,101
eakk600266095,116
jwor733806209,82
pbsb708131582,138
lvor282865216,80
swwb526294751,168
uxau632140811,267
ufyn278777283,116
fgxh877552227,163
ocfr202663532,88
wvlc319273880,132
oebv702458658,100
wymd058720391,130
gxub543408020,95
yzsc160758423,76
useu431578113,148
vzvn453149232,213
yxfa880140872,90
xqhf977493383,76
cuvj776240051,121
hiiw955141594,101
lhqt641293896,220
fmid128350882,108
gjri377590211,27
zdqz380452922,63
knpe106433868,138
ohqu686344086,112
qupl041216036,178
aglw035838910,113
zvhl734225949,189
vjyd051109562,150
rtac963586368,122
mnxu741053768,101
sotz300041496,119
wrhc578118027,98
mwoz351109953,115
nmwx909208954,87
tpms586493425,153
wgkg157762385,92
qbba644461239,95
npen473466178,169
qnso509283439,97
apmm465449534,117
ltvb335337244,184
bqyp061473194,156
cfcz479595760,202
ksui494464806,100
lnqr496295461,53
wdil807344974,190
gfbj535564175,131
atym331242039,143
zsgg799367764,220
pgyb171042695,138
fkiq555731167,75
lbbf262679199,177
baoc514226940,123
uwwz602867392,202
qvfl263377206,50
rwdb996236361,86
nhph871775009,121
fstr384444617,102
ejzk236781463,159
fplv681825113,64
rtjs958293598,131
eerb057301271,101
lgcv666499605,64
wbnf526061836,98
ksuh324014717,171
omwy629817646,217
vqjd936355004,139
rftx564447962,99
vrdh338288386,157
xyhx079658336,148
ighs266030629,149
lvwg907664871,115
csmg294709677,118
kplr869983217,197
ueqr545716176,87
hesc807810987,157
gwvy591582483,140
ehvg763618216,97
qcai109055638,24
nwnx383428977,184
crch248165335,147
oeux201111677,145
ecmn777668373,82
scze798601783,144
xnai536822999,101
clue829715597,142
rdtm629427781,115
khgn731427984,138
vtqr583289899,15
wftb159743165,146
nxgg650242419,124
oocq403353940,178
ondi169797234,175
lwhv668710357,117
qrwk171632973,148
kdaa746339464,155
gfrg587904147,141
igul299025112,88
xelw251438562,95
fvzm701683497,106
rapv207082617,22
xgqr681184041,142
rvbn651345096,163
flhn635895809,153
hgzh083943412,93
khvp342102202,235
xoom440047761,180
bvis754799380,110
rvye929454627,117
qoqh796201388,112
dkeg859719753,85
jyiq251862346,134
wkbs166773436,33
ndjg821790303,264
nmeb896480245,107
rtoi127982923,95
myug523061335,194
pboh526461197,68
ewpo049837665,73
dshh832032376,87
gfwr818852532,171
gvkf577411465,73
opaj700158457,97
nstc574307133,75
ughp385207747,72
siui693551312,178
kkrj123624223,149
zxxc132476783,90
vbaq825544179,172
gvqu485788342,190
fwrm075613669,105
vhcq327837855,268
froz730003259,21
ouyb508035420,55
yowc403844731,103
hfbs322724135,169
wqcu466188583,88
pqib987443138,152
xyfz449884924,77
nvst755350044,79
ghlz927691667,159
ccys653558525,87
kgtv596296424,108
enja804329082,82
dzeb818168579,92
sahn796220934,51
eubt861933086,136
qyvy071844285,208
rtys643199869,113
umav422784038,179
zrfa475431199,146
rsva265108065,85
mwpw260649176,179
bdvw554118927,89
kjsd815613513,103
xbjc683984223,185
wowf937614570,82
yoxe904345560,99
zapi554695793,211
lwns444206086,184
jioj721271986,86
xqas942170750,131
ucao294560943,42
ilrj523892416,160
ghcf880531225,27
hdgs914937922,145
thgs351627869,122
bqmq816518346,132
oscq834018033,60
klav405851132,53
jgzl802826630,134
vgzu047040520,136
verb241665261,82
wsvd468841558,218
kiwz677582615,25
mbgi896079589,252
ggmg580423411,103
njvp276867798,197
hypw442127558,133
cany142917425,99
jzmu137262326,140
qpod138649085,63
rvwi027841651,137
aeav741640347,139
aknc019098170,138
mxkh576637200,127
rhwb010854317,128
mwbi996099187,122
voan005394787,188
arlp584112807,151
bjbk564469094,202
lxtr032065865,83
ubuq849192598,74
mlzh530252760,23
laym438928066,219
yvjb966771008,170
xpsr841573702,111
ipdi809322232,86
zbba021952187,142
vbrn681289559,239
jetm076734388,113
hoqw352292286,246
dbsv630423519,102
wquu895417028,91
hhgo334382595,81
vzev232577541,193
wqpz170308777,100
tkie611180685,191
ekqj095492520,174
dopp126331280,90
hgza975990004,14
dnra154216752,82
pspf630711896,190
ezph879199552,77
ufiu266631226,226
zheq824902020,98
elsp308949777,82
ortb178042088,158
rxlj896944852,135
cyak715614358,78
pycw493637490,113
yvvf538969596,133
ykus535231715,191
ssdi195874216,88
wyji066935747,157
ials919853894,31
qwuy863073035,111
ixyg545805295,236
qjfx057009691,108
lqsu628041367,138
ymug445649265,144
hzop784756149,92
cwyp086186691,160
baup853226824,25
fdxn362400245,106
cotw357947779,88
pfqf016676153,167
aazz731547453,41
xaop368705225,118
pifn432169279,143
otog387053431,132
ynmm891913384,72
ogna494760291,118
jnrb879978983,126
cfcm577246196,64
vahm856640595,179
phwd886197793,112
pohd127311900,134
kbjy242293220,158
ggpw069595694,178
lgdi191500080,90
mmjp128297258,18
xdvi190384551,189
zwhs131786768,224
ezdp970887994,157
wozj937820966,77
ixxk226123953,110
ptry172359786,73
jimy247488697,85
wkra117718537,17
bmig590579214,147
atxl197000478,107
asot432343781,110
qxhy923308772,52
zxbo495142928,89
nmmt071889175,98
wvsu602334551,84
gzje531365961,143
fmpe473481898,139
ilyt946385021,176
wndh642712418,39
zixu091516604,137
eyyb765872703,173
eeze637430991,105
mjkl355129803,198
qlyc678521457,63
hkev537365477,147
whgu765777997,28
rvwz107049746,143
iyco793899194,75
ooli086713733,184
yozr420099306,218
buie197961917,114
tlbp168467978,148
cuna568800614,86
vxnz947594598,87
maju394794544,123
pjui291253960,127
bmdu722440922,126
uqba543212496,158
hbzp030818176,129
sujr923027603,183
tvtk703689048,35
ijhj529340042,162
pduk781118357,27
abxz880399321,153
cmvu308230421,103
cdqe038091797,82
dmoe066088546,50
ymhb121256554,52
vssc147502438,28
jtyt486199765,101
aggb990181719,64
emtq040098129,176
cnkq620102732,100
yehv637819865,194
rimk484045877,203
sbfj769467042,248
suzp206661985,56
ferj377756986,112
zfgk988232021,183
inrz364988888,18
ftiy819073042,162
mvws060149023,136
tmpd000633290,40
xtbg677346188,188
hvqs756604430,19
xyqp960893681,183
rfxj794947208,179
pmax562899477,155
rtzc582822744,84
avei337851964,130
ugmp895458463,122
qzna405690076,216
wgps980914317,106
grbm113635245,80
wqvv471094749,74
bqmq334846056,167
hcqm905006383,23
ctbb991324152,141
xlrz763901101,131
phyc407170868,148
ehzv511939537,73
mcdb528855726,211
fgab880602572,64
ejmo851009605,84
utdq435492157,156
jmwc603853983,144
wmdg705627466,83
gane895419929,73
rnuz222599713,212
yiig485405962,45
qyhr491495452,120
gcug944819620,95
nenj181003408,150
gfmd114300247,49
bdui323910768,105
xdzc677396359,150
olge257168048,128
lvvc070158957,162
ocoa209577825,131
rifn283521356,77
bnyd604321455,155
myet592526073,121
uozj811905231,90
eaio756167298,117
htoi779050389,29
kzmq014227904,83
mxpq458394299,137
altw048588683,30
wlhl984131637,138
boxp202631852,148
zqwa790512941,52
oryx023487401,113
bmfz182248876,137
qaxi372220713,143
aonh226489841,8
yjlc596587027,52
lygo940678081,94
gnxz775031176,104
zsvn779322434,88
bhhz887399426,140
jfqs212570740,173
hjeb793884504,208
zpaj166740074,183
gezd240941734,141
pekd008086496,55
khre106906022,153
qfbo166154619,50
urpw668869922,200
cmcp069376036,148
tfpg116783093,149
fkfy240593461,168
eutx030948091,184
cjgv528630215,135
rcir645033694,158
ecpi804748625,30
qzok395377007,79
dzre120991582,76
usth409116237,145
poeb135628905,132
gmnp956378606,254
kjsu381460215,196
jeyi826007229,173
qgdh929770799,153
yjsk059991084,102
rjmk106643454,112
nstv615570004,95
wehg542441650,113
xmpi868524238,87
jict935112728,80
vuaj517604708,218
nufp198085188,121
laod976016111,110
jlxt421399381,158
aebh411009232,86
pxba395829282,132
viaw715086395,199
lpxo606834682,124
rxlr223779894,177
lipu905298474,103
odcr745863910,184
bmcy500287737,152
bwpl352299015,57
pjxz034937390,201
lqmp011152506,92
yrjc159253472,90
mtsf050936361,171
ktjy376479197,155
iftt694563650,146
ptdm168586005,156
wkkf736757114,107
duwe690653942,160
asol495634048,33
axko967976776,37
twuk265408028,107
xvbj279889926,73
fult936984445,95
swtb912614672,108
zmwi998427072,78
mdot161165326,128
hngu870476208,113
jtiu292852010,131
wzen587180751,102
lxev491357494,133
lgkr845255449,89
qxad009557688,40
kinr533134018,205
criq571602173,178
mqql901200383,47
okxz719967391,163
xkfz078339336,114
vkdn227549935,173
qvmp308181852,72
hrlh446950867,114
fznl637511022,187
xbod472237619,208
udiy510392906,101
hdde787450301,78
kpzr535739755,112
wkbb767916896,72
zjxp027502207,127
zcdw866383006,243
zqhr353751157,53
ahut361694851,140
xrqf799662124,115
uxak403348130,163
rjyy374079991,98
ygwp519868153,132
osst292491117,149
fwhg173059822,139
jqsb405721790,80
gzro632288846,80
ekkd907221527,119
cvjn044739928,108
qwef979815527,213
xwhz856771424,189
axmb962385398,72
wlcz991922272,97
gmmt507065275,150
pcfp658943833,18
ncff417208584,113
ikok533025403,196
vvit414672423,98
qpgj600326575,157
rncu201283033,73
uggt812547129,138
cayl511678922,105
hzfm977237924,203
boyc396239132,91
fvyo843371802,82
wwhs858937950,53
ggjw122806540,211
eqci605760592,88
bceb368895984,103
wpou591145220,137
hlni865049604,240
yhgu731146931,196
porv739103279,141
hdaw054655162,179
hcan709952326,72
mrjb156717167,16
rjod552728303,133
xage323016276,98
ggdc223157831,34
ekdz865472583,28
npeo720294658,137
qauo867677575,125
xinr196942838,148
ckel550951471,98
jazg126368141,269
drwl788567540,25
yycb578017633,189
ihca465979177,131
cnky392820036,113
oaml840241151,125
rmvh263788145,107
hsam716897985,130
oywg522954944,113
xyri800421238,39
sqls474350606,183
xqgf973941664,144
xybk615905018,58
cdsj379582428,180
asjg542547222,90
vdem236105609,52
ervf911366819,197
fjla433358321,127
kofn022763139,122
pcjp869396076,57
tfsw100126769,132
cvst493915718,175
fiak962008797,60
bsmc507523053,79
yncz659466315,152
uokw426431287,100
esva805507634,167
lsrv023815082,139
ybvq330871179,101
ijbs156581375,128
akkd436068128,103
ygzm083162834,117
opsn224132017,126
jzbv073802458,172
difa117583825,87
mfld224079298,78
jpwb824483655,114
evrm072705847,252
kzhf940680267,86
obem886643722,126
oohe812351360,178
qfhk554473632,167
tyzz818988931,159
emxx354466136,19
nabf280806786,103
ldwh528188038,194
iung388148930,169
oitf772415565,69
ovwo606571019,156
qxfj981522032,135
sisi621999542,143
icxj595506747,138
ulet912115413,82
zuhc529426514,76
xsfh236356906,142
oqoe041119406,71
haco992101201,30
zwzk798848771,13
pemm574477929,139
srad704111431,147
wonc301255669,193
rxzl449717365,25
vool575141755,96
yney844199028,110
vgwx267701833,128
hugf879258772,188
cizg368552343,139
qqpp482244171,78
lbur211898214,103
ujod162192500,240
mxeh534584003,136
kwwo167013463,131
modg493872527,109
vjon431116620,183
evkn778904848,153
wywc889377250,169
noac510873804,160
jpac797621195,128
aaxc384839480,133
fidm934833957,128
nbps850094280,137
qftj839637530,103
xvng881879827,89
algw084134185,120
gkke720597204,173
kcxt889156623,92
attx695334107,139
wsfj385680150,17
bkqr060791386,167
ucsf817400025,46
xcrm705020879,116
hiui841267791,122
wypz035677329,132
eapi573647273,117
rycd318392934,126
ycmq762970552,123
esjt136015487,53
akwx161302212,83
hnkb137586237,110
ltfz950655254,156
rkuf356624657,245
wqvh211949000,198
cajk182820550,117
zrxv022325469,157
xpuy907969711,207
lges738877222,33
drqa882437524,188
uexp895670591,143
zhkq449194511,135
aupe147209368,140
nlbv106818138,79
dqzy407229067,89
flex105634752,19
moyx614046253,113
ffcy641646921,164
dgpy114101754,56
ockp611037193,154
zbcz663321074,103
mxlv301558210,167
wlse326904282,27
uldz157300563,84
vwjq289007725,266
retl594179568,122
fgoa254693903,68
tuub214575531,103
fwsj690377727,137
enda159337336,77
iuhg183963880,138
bawd198717419,101
syhq951161855,144
dqap294619482,223
svez542193236,107
nobo009406750,158
vpxu557044242,133
jqga804113318,147
cerg881279347,130
jzkt906672268,25
ityv977685691,177
mtee399017252,66
ddkj905074443,184
beoi610093992,47
mmkw409456540,129
asxd137926985,63
cpdg373027946,118
flnx551399312,185
endp321934688,134
hhum046283983,28
rxtf697198928,52
xwhm668708666,147
jbvu773711056,77
umxn082405052,80
mrli969041751,192
pvxr359663935,55
zbrs440179475,21
kcoy420192895,23
riul119763859,101
favu917723164,52
pvlt170678963,222
optm505317304,158
cuqh093223446,99
ryla825859087,177
rdac013445259,128
jvof074192677,132
zpfj273810398,110
vktx553603659,121
kzym342660663,171
jotl612633076,157
jaqb811826163,121
fqgu845341789,120
wcrl233147260,190
noyf973252112,138
wswk960002058,218
vizw077173657,35
oyut503470457,131
bhzl829434067,160
euvz918273068,97
ycuu599313271,88
ecvd118560390,60
ncqz769074993,68
xdzb472421396,188
aplp345148299,103
owst676855175,160
mxys235145735,44
atdp642122012,115
dmee748800687,127
wnda889613258,124
gmzu027863476,117
oujb357669393,233
beza856767167,219
ocae317216047,217
yrad906459063,73
bcow718828337,127
rklf985476259,103
suvq100855187,181
gbzp217119277,78
kdnx758303197,22
cyac567767758,100
nrwd021889327,79
qgay448255487,107
xbxt419953281,71
wbzv522575970,115
xnff996973371,79
auia846750477,134
ohjn464727583,111
qtpv522722671,195
ewbc257061109,157
bvdf212362461,138
mitc861829718,165
bkns189659619,90
kybr161901111,87
wiok306477078,218
zpbj712286727,103
oabr291152440,181
dbgg484313037,37
sgdf366121977,129
vbdj936383172,130
iwhz295150535,193
jtro174600616,93
kjnc457077492,87
tkcw954149087,157
nlgt340629076,40
zxkz979697829,221
zpic647333328,139
fbqh323694309,145
kpin168219155,126
sprf260011609,102
qguq262914594,57
fqcc340305085,68
zrjp138841366,137
jmvj397568806,137
btgk880892343,189
kbyx777260068,232
ueuq090261059,122
ynpd060107285,188
rryw149712933,155
qxcc632608267,179
meyo028856454,61
kqys152495195,119
miqs932324156,131
rmba275007560,83
xbir854233076,117
ihnh448370361,62
hvue109248995,97
lrad160576314,46
qwni528320617,192
dqpo167738198,113
psbt838401652,200
mojd855705768,113
izmi410885420,144
mvkl224594589,144
redq255673117,121
pxoo507499792,265
nzzs941976307,22
ismd269946815,93
iwmp451716347,140
vvob136047989,49
xqog329723258,98
escl784912819,137
xvpk462946731,230
wimz147062744,152
uuax255375094,130
thyw998393784,93
ppif127117409,107
ktyk092137939,113
hwob375014070,171
bqdl939836157,152
lqrt476157154,171
ltyw859112753,118
hoiq075935148,126
eykb190021256,53
omof360969187,143
amug187899840,175
hynq093962011,61
vscu297160883,135
ayfi386579358,180
geit349417713,113
srvn193748964,174
gkbp318024969,83
dszb474456373,29
pwie257032186,117
hthy761360931,163
chaw286368053,120
dgmb033236813,60
idrb173724776,219
fvgm305257609,122
ytjh075569019,152
tfzu283968612,90
aqti230220077,165
zlev130970313,52
aqib619457204,180
ipfk820250877,248
sxra024109102,98
yhbh360237325,219
tuvt773500081,123
bfzg653535987,160
guse082164490,103
bzeg923221002,94
qjaa133431195,86
erig276087083,91
vysn189808554,132
doii076870312,136
ubpw970159778,169
cssn115975412,190
epxl328736598,49
mdbv567765780,82
aswo171172089,77
nxyo070196996,75
lhbn239883849,31
dhqn634795232,165
mrsp949846597,139
zdob191453680,105
mqqz041914757,72
wppq557907145,173
fejq027807502,147
aift347738903,100
jsje678914017,57
tbju300845871,118
kfnk104149645,145
frek597024026,190
ptpj011788046,73
dxhq478234865,126
qvul269605526,127
hvwp297145832,143
calh357924398,78
vjug328488168,108
jjov090622091,83
fsrh000580414,158
rovn242923993,112
snjs609594252,267
winz876703960,129
bozw782294430,273
nczk591010706,58
ktnl395028274,82
jbbv144934129,80
adin257412596,115
qmor997965528,189
cfvf939354399,143
naeg439576071,74
vuhr099967482,73
yzvk478108563,95
guho613203280,79
rvtg012634001,78
qrxl055687522,140
mdcc866780055,182
qgov628773819,103
avui296389196,135
gfdh172244139,89
ctok083882155,79
xzdb249677472,171
ljdc630809321,156
wihk776303385,99
kouj875985081,92
ciry787978688,65
skbx305752796,145
ddbh147677188,132
xpro364986236,93
qaiq600037589,128
yhsd989874614,57
qwsk238071525,50
racl556566857,125
rbaq720792793,143
djla876163618,221
ozcj056026520,218
lvgp533715081,53
ulax108935905,138
sfrl513944592,142
zrar315149399,222
ipim928517576,93
xbpy558635431,98
keqv101532863,148
lubt774438083,232
zjfh688546115,65
jdtk214852816,129
dauq814527268,31
jkrg081795400,183
dlml025835176,166
iutn542008294,89
mmiu138293825,105
xpuz546721523,144
suij473487579,156
ycie021487237,217
hjip877615369,153
batv002100272,141
kbuo710661291,118
dmpg155635840,87
srnb000335574,22
lzen008295065,81
fylz432227851,78
zfrq723754559,98
thcm951221309,162
jnne192758185,122
bqvc425617752,148
bpra212044005,49
avuf137047214,115
pzwh249169107,117
xctm017139530,192
gvfw829535279,131
pvks644342588,37
xfud807198797,52
cgju801971874,87
cedh598403958,142
dfcu793417075,132
fdth762638156,189
cjts663191538,112
ewhb733308436,92
sbml397219858,60
owtn940474296,100
fcol523542576,248
tele019360360,148
nyla981629609,37
dnrb594041389,237
unxe714160273,230
uxcd201816628,200
bohd990412907,105
ivaa667526469,169
kwej623386307,132
hmyt714390495,187
nqth234042432,77
ggch263800354,206
xdjz538744228,102
kkqh958735458,158
enwt094545765,133
jtfh209058159,255
jdnp166889967,162
ohsb091932944,78
rsfv984179540,245
swqu838609154,106
jobk684488723,103
lbgh626636031,80
ynze129960176,174
qsnf844473300,111
pwlz779616763,67
jjku406592191,120
hqej054950006,112
ynid395787334,52
udtp745031605,62
fgwz705663413,93
zbwu775091840,124
moay202574281,246
iapg553964815,185
furw079320943,133
qqsx967848200,191
zlzn606332780,106
szuk035485482,126
jsio349709332,167
ilkz459859913,234
teny557520971,98
uzhf674214362,143
llez231716457,142
xerd003996833,130
ysdp465566774,94
lfrt941095575,164
ydsb941809913,115
vblg661497503,120
qrrw486106395,85
qhee991170213,161
qniz190585328,82
dnms876698657,110
ymcd523529572,111
pxdq879069337,145
cspv780908252,115
srgp322384386,155
iecy830576991,124
xkct929730810,112
lgmj725601230,132
ahsl591397848,107
xxab784557144,68
uiyh221683324,216
uhjj798759432,172
ztky658170275,11
gjpd378811032,49
lllk101230948,95
ksyl597045783,137
zbje277944873,155
cunf520058774,183
wpee729092727,146
khhj775854405,130
sfyy472378305,139
vywe255923756,188
txxc015114312,119
zfxv864479985,15
boyp208783907,190
nnxl600119830,137
nzzg352432946,63
uggm781999320,117
frnc048649698,27
lmlw207055983,163
gvab051900033,167
svbi418781486,66
nlfn773062983,107
clxg123995282,108
qezn364701773,33
pjzc240616436,119
aruq727102031,168
mnrx178810417,145
frzr693261328,118
ihzi231007550,270
oiiu693862067,147
qpgk030380616,166
fhsl288991099,55
znxc562269238,140
ynlx327486589,142
vjur887550247,97
ezfk087063425,17
zgrs684094286,132
rovs847822676,144
blaq095969623,40
islq567414106,64
ogly710595926,106
poth081710261,90
clhv530487193,88
onvh345835287,228
cnqw051212236,72
ltls599763555,126
lcml810389070,27
gjjj414906193,78
nttz877053517,75
encf934187144,92
raad175704930,77
hphs208554325,112
lgfq617665608,100
mmuw713729842,120
ldcr481481091,89
cqdu262269660,147
yebf607576469,161
hogz158559431,135
nuer285373021,86
gnpp390536521,79
dvmk640246988,187
yhmm921542221,133
wnme032531844,159
xrzb355826755,188
ykut670234869,122
nwsa111706444,149
auns155660530,123
gsfn744796912,57
pnyh960289237,143
utzk058106895,168
dizw396262964,192
iiqb707793937,97
hdxj672139613,167
hazd458227813,78
yyva778390305,47
zdze001631349,78
gpvh614113142,78
pjln136916752,143
cozf674973746,161
ehwg430619103,204
ivbn273208679,146
kbgp978006076,121
clvk075159277,127
dypv234848519,97
ezqw749777453,68
qcxd346842519,137
eeju034959238,223
ukdg727815878,173
otdh056590698,139
kgle147624628,197
ovfw712559082,188
izbp341150538,18
vrov890222278,210
lcea543913044,74
ylnn725995415,51
higp173977555,25
ygxg870321857,68
nxni844663988,203
snnj889718873,207
kxsl928340434,110
hnyy816909866,34
zrqr690539725,137
chvo009653805,167
jxam366284397,50
bmno620361181,142
hdgw186992738,245
vkxd738344450,112
ndbl184371985,122
osja842893410,87
pnfo347144139,144
rhbx223380025,133
iszf598938563,165
prmt217339968,122
esyi495855195,82
vqei472485060,204
qvzi175000546,76
zjcv444090753,149
svyh227878937,128
rhdu155967614,109
vddo085321117,161
qbem604684097,85
plwt930105200,125
nxli657842713,188
axqd437837615,140
fkzp030585109,244
rxof722730242,242
pqbu675386248,137
ydje264443068,137
izlg897614362,78
plzz799189602,90
ocfu713753325,138
zpwl733508463,138
rcza819727189,120
vwtz465362795,113
kywc452743626,206
icno762014909,146
iqko264495284,95
efyz628938856,107
mrdh044203425,108
elux478742885,195
tdpz647357571,41
nupd797190885,150
cusk905249798,103
myos638960023,93
atez457347816,118
jwpb986601832,54
gxti938049654,62
hknw527260036,46
njag370858583,118
fayg853340525,88
vrbv000818646,158
xgeg907045274,187
kerd881170409,32
fhal529239008,57
qcei723803963,213
ktlc570959652,179
sxcb495659472,129
wmgk043444270,159
krlg282730362,108
odwo926135851,106
hlel924010753,242
gxpq028459707,140
eulf419670086,201
bxug557464491,131
nxqy868456896,87
hxna270389787,88
ybem498963765,225
kwac083111852,136
chel358812599,155
sxhf760132473,75
cgdo591828983,120
tghm783085404,98
jauv838587248,20
fech981773044,150
fsfz245168529,137
jjjq336493007,186
sahp757066874,183
gluy742895204,74
xgen561826230,133
linb123075043,145
dsps722001364,117
rnxi258612948,146
hzza758253991,187
pnbr688587417,75
cruh516716411,202
qgjz686495928,153
aofx245810995,154
eaij876013484,139
otcl893408723,173
xzls260313038,112
ydiu031078133,118
shha518064385,165
jbsd390571528,184
tpdg656958503,168
vgmw583818552,259
nxcd123448176,220
rybv312001410,77
rjuf873608400,137
fxcu468523689,116
adzf330760063,198
axkk581463758,10
tcoo764323988,148
retj543759802,86
vxjw821567775,104
wgzj196585176,111
luol497477300,86
nxjh249287983,119
hxta739463794,122
ifqc253580141,159
iulw579949027,195
apqz704856919,95
rkrz686348567,149
aoka516867316,85
bpcg636742099,163
tdid112856752,137
zxyd537637480,106
qoil000893806,129
jwrg496710577,127
hprc329327175,163
jeyl397776406,152
hpok879567611,192
fkpm863071001,39
lajn230438274,246
ehmn332571229,97
inbo724977864,125
dyht852546782,135
btjl535066312,254
muct368811522,84
ihlq263838810,98
xdxp499809652,237
mgjz680934711,167
fkxx722623158,85
tiix088300880,80
yppa412602188,128
tbtt506644489,119
jljp607569167,42
uxqv536338675,92
brfz958841492,197
japj685743717,159
tapu799715645,73
ohak192429759,25
csjg698738462,95
kskq770015528,165
cjkb143606079,251
epvg424194222,178
gvzr905352436,101
rbqy412194188,86
upvy190404374,89
irdf465244745,116
nwbp941864267,30
wkqd360423081,123
tnvb117266874,201
nwhe151577851,130
ftkd009981366,237
ntth876536870,183
npjr936300057,117
pndh286276818,90
qtfx158946721,145
sqvn220064192,132
zitj519322646,127
pjbn218199781,97
tuqy057731212,91
misy593921305,58
jylb003826372,188
julp421413811,237
cgtn831155845,134
pigh769707688,152
dzuk341905523,138
upfx218561453,124
iagt789127360,87
olgu876374279,81
ihpw433883640,93
hmuw878560128,19
shlk596065027,108
xvtt465581405,125
qqwu230468273,98
eazw784922693,132
muig484582976,153
jggd457399372,73
hwxw952122495,138
zdtr112871016,52
fxge197174297,123
baxg956264521,101
qzxk086539842,173
rgnm345877877,83
nzfc754586447,53
kkff993819605,211
ypsg770635557,99
pweq911797749,131
ojqx641529011,137
hxzo658620263,89
hpwv511862579,125
xbdq165420497,104
qwoa075323042,128
mnmk930870368,87
defj223603748,104
cucm646424231,134
kfsv900925791,213
idwy944444320,141
wpcc487858680,145
oubw894204787,116
jlrs725614570,167
ckon438870938,180
ozgn288521753,1
nvyj386815449,48
slih447859379,164
njox024905858,142
vcho461744709,147
ncom778300538,151
vwiu585261915,198
tnaq742995841,44
ncac136894824,61
qjfs407273920,122
unug439289264,146
bcnq451430224,136
wtya984886525,224
bkog976914711,145
croq288016923,147
mcfq414382480,65
kyan381367776,77
hkuv381829795,112
cuag324505176,166
oxzk496960570,172
lgrf880730185,108
sage399358454,178
vemb067082547,120
kmwd766902314,106
sokj834794487,104
uxph958431539,127
fwjx989881859,135
wqnt909028555,86
fpfp896419250,171
iyod856573352,56
aack303984035,152
cfij453800390,137
iltq576783205,196
ypvo064151030,140
ywur285954150,128
cyib870361699,206
ugeu589725119,127
sumu006106002,134
fjvv227452640,148
awtv880196828,47
xmqt164580953,77
wuyv139810889,144
zylu528757934,98
qiti165359950,47
ojjd932877494,177
wbvd899985103,115
fkrl986267820,62
tpat268435003,141
kzlv444069703,200
fpwl071025297,201
ghtw067394207,147
crdn591560064,78
thbm478516214,92
tooa049846351,233
olxk092920184,102
sdvr449237891,112
bbce692877140,106
lsgp679582303,138
haxs576988716,133
prvt679735730,134
wtlr615669172,23
luuj691339915,75
inbp351150164,125
gwod871853104,92
tcak086853061,196
uitn394894200,178
imuc669321553,133
qspm507980932,82
ebgj985661055,139
jbgr050867295,129
lflp136821329,167
eyix613184058,145
qhir223458610,83
vxps522263152,75
snpf453126939,233
rdhk427637507,149
fnkw811755578,63
lwla939358383,110
jnrq673392120,163
sadj552940926,125
rjid590213418,134
uhjs852694209,179
vcep889467880,99
oakr513353069,92
eopc868584800,142
zxmc555261309,50
bntl118081227,53
xbmd842927179,133
kawu258447476,165
poar647579625,112
xvjn326314838,15
tvyv202946975,203
skev258713127,163
myqk809389675,147
kwcu997321689,137
mzqs975573502,183
dsop534225635,109
xezs548282433,195
xtng484226901,28
wfcp796005687,159
ezkm204811934,111
yivh646888078,148
siyy484949995,89
mcic677031311,183
sixi076585937,122
qmco438542419,127
ivyv320248393,53
mxww964701287,109
wupj875192271,128
qasp058540039,58
hekz942315524,126
fbdu618456200,22
cxtj267606200,96
reqr200204023,75
hlqq790962994,147
plin739134078,94
cduv633724591,90
xxha297888329,180
srxh407376667,52
ffhp484385639,48
jfry858935253,78
pmbu787654329,77
pdoq201174400,87
tedw959014709,148
thqo720150669,98
dqrk235345441,187
nctx373438519,116
xhpn621180795,145
cgxl091652491,94
trzn091453029,163
owxt130637594,23
nzof488911891,138
uvso323061845,93
wfcp418696405,200
wkpn866158523,108
ikjv091434546,69
vchv928559862,74
owlg539218596,158
pkbq291314940,75
gevu693931540,67
rfsx998643971,167
jzno616608320,90
oyhc208274265,148
qbwp804063187,172
njqo986441413,90
ybau290631801,95
xmiz128981361,38
dfgt145096099,86
olft293007091,52
diot635441036,160
ecla850224279,99
cyta081485619,72
mkni109876275,174
osei768214575,127
fdls248525577,169
wowz744442384,206
ikbp837247877,107
ugqv547413486,56
ksko693478504,169
rodh302067981,273
zbdm211208619,45
rtfa383832778,63
ocrk595151397,84
xjlj289613270,137
liwz579887239,60
lxnf328488090,137
zuez379773006,150
zhhj278649420,121
albr835290594,15
vhbw871349535,107
hdhb364725205,140
qitv582127564,82
xuly494595727,80
vfbb901609704,77
mnnn013480772,187
xbea504769778,137
ylcv566097817,180
jxub839725763,118
zfgu542649989,145
ddcb725230114,104
bxgn959827351,78
ppsz838564848,35
rawr832853107,87
zneh604093217,37
iwkz307879220,48
sghx196383534,115
fnmf367654213,162
pdsa964712334,164
rzif202456392,213
yocn051804972,217
dsdv834539399,182
vgsd626669767,200
lxlp114799380,47
qolc518040061,210
upvx054087189,98
odhv317766688,161
npxf705956657,233
allm303642276,140
ygxj388752043,112
dxbn442098396,166
llco545879073,265
lizs852518782,40
bpai686647471,119
rubo428240168,133
clxh095910299,170
jask441830191,133
wxtg987157847,127
girq089692150,112
tgqi913549241,86
hzsw410280147,110
ctgl221873026,78
pwoa932215610,50
yjog741915287,128
ibuz643948197,132
mqgs349898032,190
txoh018724803,131
ogon338372877,218
igtr530606799,16
eiks130855430,188
rrxp551052819,166
jqlw124491584,114
eqgz951259505,110
jbkx666221795,217
qqie786574651,266
lblz005307709,86
yhoj796935269,223
aems385138007,165
ligf125049840,142
qsjf881315805,170
vwhv496878765,38
adhm565382341,158
fpir333145876,223
eepq462807651,142
dvdn561633250,200
gcpd183550234,70
ndla189793671,101
prvn110172659,177
lfuc459874953,265
nnbp986375210,196
terc246381235,29
hiso124433101,49
irbb388603669,126
rrlr793841576,137
scfe045721984,147
yozu185095666,111
pisl362591769,188
jygz581080878,117
ftoi061228056,118
amkh848098276,81
fvwr194684038,147
turz008070372,100
zuzo917302249,30
rvxh233333814,206
uvul126250829,197
jvvp038932329,73
quiq730299406,128
pssq659848729,118
mzge477330715,101
dhvs574037825,206
ahmw075132653,116
sdmp207605181,203
emmf802213249,138
wsnw419503070,106
cczp997398883,133
gdoc133448591,97
wzqu229804129,96
fgyd404521549,101
hfsv038187809,174
tvpc572585133,20
usan179757756,42
tyvf214260641,77
egtx789469598,101
swzu927915949,187
rbcc589518140,138
ppxz909778603,138
cyga536358444,160
emvz457194719,15
utkh168783758,110
qges612642127,99
jzqv866399517,109
jwnl778366841,93
hrqn914619016,126
eheb676769189,124
rgqy233634400,80
ifxo856688855,254
rlxs465514947,163
jtbh622361710,161
oyth322303575,60
wqry857146243,93
bygd408748464,87
klnw098706593,121
lunf141173571,176
uktv653552242,153
vend475203475,200
skum462793014,119
moww765281529,91
xlks613740675,75
egfb937721091,52
ntur588436060,87
tdqx784790916,127
jtrm990737847,165
kwrx221842508,53
rgnm696210403,124
etia684458038,116
zawd759684559,130
atnr239540924,92
wdbh932012469,88
povf089413684,55
lryq124633590,147
jdbh761699970,185
qesh168114100,175
okvo878004116,100
itrr444215551,138
gtuz410544229,128
zrtc897145375,164
qpoa998311558,78
ectm900152655,90
eomu037648415,107
enne130389585,188
ettb788098025,41
obxf504926475,179
qrcr717259608,141
yesu465882028,61
ahbe595315431,160
ervv023665470,115
lbnl972922960,142
bcwt973165310,92
ywjo259087688,75
hllh125024903,88
dodv920423003,182
fxrr077868402,19
jdnh730445109,84
bxve191666281,98
riwi984525579,129
xsis640326728,63
ytgx212962697,47
ambi005440435,127
otgl127266781,92
efqv929346055,21
ghck400712767,112
pgzk152633627,112
lbsz363801171,267
zanf616162891,81
nszt436604570,191
fyxl036337835,105
gaht009732067,192
fhrg954064157,98
hjqa413916634,143
bofe609781803,168
njxk794821144,123
ljwn615431329,193
rpyc406932933,73
fise463926538,73
nohm369802728,138
ryxr017324416,97
mpiy651798917,213
wmve297927454,193
mmiw833460523,117
bidd535492329,142
memq501986968,213
lfcb958323212,196
kuyr043130266,269
hnms128434542,240
dhft382892507,72
tgjg213055637,34
qedh622058709,70
twqn312076740,128
kfri621709568,73
fzag086155965,83
jdxg734480587,28
sexq440456965,48
qgro240982387,73
pemx059980209,94
yenv508230632,233
fbac746823137,145
pals902975253,136
idxv324895155,64
bkvx889750794,88
gmlg519408534,139
yjud876143220,88
rjrf633824440,112
yxwr585628674,160
mvuq283884271,177
prdu821379576,63
tqnx577761855,155
lkoj737884313,77
wbbr168193870,171
hmtb703436614,100
namo388838749,212
gxuu486173957,174
rwga235892074,114
yhqe918057685,115
zcnt999632025,156
dxtm866055996,127
ouht895841250,182
ihjh933918791,125
rfwl646976116,130
ujer160456614,138
qzqz390776446,247
kxec784237605,38
pifs515070559,82
jduo924810194,191
wtcr666651958,138
lndg262678771,75
dcji539710300,113
cfyt826878614,133
llxs967334754,78
hmnc849860794,94
juni953550546,157
czfs587517504,84
sxwi100699845,50
mjor115986718,99
tysg835711593,124
tobh158153943,66
saar311987324,108
xvew699149823,132
nrtt878866275,162
ldrt439843217,148
iqcc609123323,62
jbaz392760896,182
dvbh984392591,85
hhiy575052777,165
azfy542532061,102
jrbk595370593,95
fbpy797975829,113
aqix387467928,102
dvup511171478,242
cmjl618530775,190
qipg156585286,107
heio714742480,197
nqhl537400846,145
nzvg022864985,143
lmyb743206333,30
vwql407459619,138
pmmr164329189,138
yrkm868764548,198
knlh432052902,74
kkzn435072265,126
cana388234035,123
yvjd495550141,117
cyrz561664613,98
xtfg939020401,122
eylq605173307,132
pmqs232901598,92
akuk551908013,83
fyab945133231,213
uldk923387752,164
ekvd383195944,161
snqw830790721,223
qoym838178566,117
nqul874794342,89
fwnd844584262,86
bvke008961272,103
altn412131827,81
xzyq044109451,129
yews522800773,208
yopd147889425,83
vhot502871812,160
leci879612726,189
afor027529731,128
btxa139935942,118
agie817772675,80
alyt957686580,238
atxl983616488,217
hukr640728886,193
eajn485464998,100
jfzb805405043,128
igyr902343712,154
eroa380686288,113
nfqg019387749,198
dbrt932785220,39
odru914417037,56
pvix194030130,87
wgbn856612437,84
ztql782222862,144
xkwb386787813,87
lyej449575195,233
akux827159619,200
jdpe459451332,190
oryx650047143,145
fssa332354713,97
ijlf211883695,117
gtjc550202808,97
jhab608471580,158
nljl247133365,95
ijwi985771853,132
hvbt254222004,169
jaxh302060614,108
thsn842227197,89
epdg770766787,220
flgq903324347,136
yovd722485548,10
them991586693,147
uqgf982519496,123
qppe300248551,84
imel410302020,92
xayy645009992,142
qmtg869318176,100
jpmt168065219,159
fpxz737202412,40
jpju417499645,125
ofix752072940,90
xmlr394473481,133
wvfq432283039,162
oegr179734229,213
smrw316122985,159
tiqy677648528,87
isqo820577691,113
ndal707337085,120
jihk868502616,87
vbvo951844800,60
ihhl404683004,50
aerq601383008,102
eyrm058867306,114
wvco296162931,88
rptk470312748,170
kcqo319339516,183
baah349367202,127
ywsl868395867,206
umzs337595495,78
vpvj210266453,83
lhgh549593412,96
rtru180016855,113
vuvi991718737,57
pdfx480407525,26
zjvx473344028,58
qugl011746814,71
yxpc427406441,130
xgyu251095922,190
aiiu001509066,161
bxqf534775551,76
qsjf565703950,199
lkxi030894157,14
pxub318698998,130
htlr293556747,187
fsia590691904,122
fhpy472057593,88
uney782808422,205
mwin065730258,97
eeik104256596,89
xlys301545982,54
trcm278890181,152
rgcs332324137,202
kqzm042620257,94
wvqp848270791,90
kwqy578554369,142
cihs679813663,75
eett959275311,217
zrcl667235154,145
bdlb497620252,20
osaf014739561,167
pqxr955223848,151
kzke025104795,154
txbx039690427,170
bsda359395571,168
xhtg848204491,58
yjmg336701324,87
egsc707460502,112
ylut226397865,13
cbhc716674881,167
iqoc595493159,130
xubg344575967,74
znlu452296661,20
uwif317990455,248
oiby778166646,151
hrkp026751198,21
ygkr548404500,136
yprv762141546,159
fcuw552530513,136
cght011117389,170
awbf906552638,90
zuug975150243,93
rgdd875856067,157
dnsi168639453,132
dwso394216145,92
rzcx022020397,112
xfgk754737297,142
lhrr151440613,198
dasd094572384,167
vefk028784910,78
nids257929792,36
siwz785449102,62
lxhn542893139,22
qaex525407976,22
uucr180365053,131
owjt345479170,117
hvqu940339578,235
pnxz758951592,52
kbtc056344315,145
lguu213074620,112
fylp901871280,72
pwnx927814823,83
crgc755468944,181
zkuq418536928,67
quln993517943,217
uppp059414933,172
opkk960151838,77
sujw924820810,99
gerz441997452,183
uaqg460951768,122
nkkk920017950,137
auqk429252626,104
isuw210506423,197
lyvf258832013,103
keav829421389,198
koif357130470,162
bser041349870,108
znil331147935,167
otmk534218159,19
edoj169989329,88
yrah572720116,97
oalh813034764,268
jlwp888105805,19
lbdx595595452,140
fkhs244485001,215
fvya708139649,113
nffl999606406,98
evuj978720568,182
wfin977837721,90
feqi546042739,237
lupd228946372,156
qcge265732779,147
jomw953084046,131
zmgn930016538,89
uahp796340939,85
ytow378249438,74
gdtz477904400,154
kura783014603,25
qrjv257392175,88
hexa745199194,129
ijie194668249,145
dzor897339498,113
xsap099371463,126
agzz027728753,128
aplb945493257,171
pzct577106304,79
aicd540083813,125
wlwg873393953,132
rbxk407855218,164
yais374392645,128
jjwu342117901,75
qrfo465598111,183
mrna725023125,185
qrlq170439301,100
dklv230818033,91
hwsx855694905,89
kbxu070413552,171
nylc969527394,93
qkuj984825988,90
fupu524103781,173
gvnl994199284,118
kchr308589455,112
fmtr844509971,27
wkjc303690047,94
bijr731197474,77
azaw526375275,13
scth741067834,47
uugk360056279,14
szvm329469960,129
yfwq462245611,59
ehwv602230521,17
hwsn015713335,122
stcc325589370,110
ctyy405903630,127
jcov733434470,96
eldp752220629,211
awwn362100306,60
tfke575846393,132
bhgf553002678,104
gwzl370771887,105
jeod169093773,79
tlhe191032614,190
fdjn020906038,162
hhug630729730,77
nvkl132710166,57
kwku368650090,188
anxk378382496,27
anhe916495550,98
dmbt070759977,142
cgqu103330296,121
atpv960803502,178
qzud375344405,51
asey511657591,123
dohs260573569,82
hsvd506489064,190
oisu563956875,117
eldg610252401,22
nzoh919168949,216
mtgh206761081,198
akqm573302757,112
upbp987138469,22
ysnn481055564,91
otyu561756151,91
xnmr000736341,117
kxsm136684024,184
lvmf509007518,122
sope886972067,182
mmoh356419826,88
vzzc707141502,123
oomb760378959,157
gljt776393902,195
ugvn018423205,106
rrfo953641091,98
qhke881798803,212
yhfx714257768,88
fwcz964351391,148
hdlc409279289,78
zslu949503740,198
spcq688151476,132
bfiy350697603,148
eupj203895854,221
sctr663252002,108
bout880312824,107
jxat829788088,158
blac164819269,170
bhvr131122739,188
ywxs974126480,140
nkpu696817875,123
phsv407639511,75
zmku660826993,137
dkqp665702680,122
lskm586684315,102
xwpf092150198,161
gfce197483233,125
cpcm196149044,117
dqkv091488367,68
yvry883331119,87
qjfi452728014,61
pqcp248422840,122
psxs940578446,113
bdhk906942099,134
tbxq650819485,202
acgv483967442,147
dgkc581103340,187
olbg778898656,57
uffa377592937,48
jzgf185243507,179
gflz779091083,135
omtr543244759,212
qlhd687026134,135
vmkg681627612,110
evcf098609476,84
obof815829965,47
dquu630029584,132
grbt868595938,132
bdvw612137918,113
zios911578022,245
ydxo961095141,164
brsv670148926,101
tdwx676968629,230
tzib957292938,28
iyfb402848292,113
sldg291593142,83
rkhi774134106,129
czse454031690,98
vlmc556761385,168
pocd693090447,179
gihc108029575,203
fcij745857780,153
hebi365137999,232
jisf065832209,145
yjfn497621910,136
mmin725042901,160
ngvt422799214,232
sqxs261823364,135
njcj678426683,127
dkvd361610803,238
nxfm902775979,122
fssk107000413,113
iulv595921347,18
swoe266065183,139
bwpw742514179,97
liyu858658287,148
uhvu432798947,67
mhdr859671263,168
bzuw393898100,145
oacd966413624,52
ecuc374282019,132
jefx257589097,208
usij908311568,43
nffi606738387,172
bhor695909120,142
fkea797393267,116
tqiz324891492,146
rnjz461290133,95
cslh961110646,137
nfcv982371453,83
rhvm624131908,63
oxqo503577050,158
nnsv269618445,135
pdmh340398727,132
yrsn300979776,174
cmjq539198180,74
zvqx927882712,58
kkex403947052,150
trcz088472411,133
ophq112126870,240
xqss216300636,78
xuey198132533,90
hbts459747642,198
krme887579715,179
brud411593987,109
udxq134919952,115
vdca510114574,151
scln006747357,107
uora333957248,122
kzcg764425360,193
kqqg182438398,172
uhfc965307513,182
btqp918348318,191
zodw846489788,111
hwaj505767683,162
mfcq658730458,12
gvqn954125438,67
gfoc741234778,117
ecar986766144,148
csux473833211,78
yagj996869344,40
ltyt851330128,208
tfrd514034129,57
czdc836000399,79
pxhz877728830,82
voqm503215293,201
yxxy038661227,152
thvc057544077,118
qcnm977966896,57
radm399594125,142
ttzs820333911,98
ecgr292754396,137
ywjm991638461,83
hybw209503783,74
ljlp552927497,127
nebt190328129,120
gvno054841469,215
lfcg899815942,127
zyvj701865501,75
ylpf762209731,125
bwrh377449106,173
nrko085337482,112
ibrt787537779,205
lodt414060297,167
tysm952246458,23
wddw747805905,135
kjce289082808,91
wese695722503,153
mscb892335317,199
dwmk738864362,222
zeet143515727,168
cdwm889088737,17
npec115028850,152
xfxc747768115,143
wxpx935383429,64
mwdc565687808,70
gdvu142327269,194
ptik193490078,100
imde815618690,183
vjgy402434550,163
eice892855086,192
hqus909482622,218
nthn952447545,125
acsy429509568,155
mekv904937462,183
whnt763809857,182
lrpq959033255,97
hlnx759204198,113
njvp080859956,145
yddl115357864,78
eytu944473394,154
ozex014786329,175
frgq642001651,45
cltq809110680,169
kfyf128927430,115
tlrn178642254,97
tjpd417262363,125
lsgw745080533,179
xxxv412857798,95
mlgn437045105,148
symy118333990,167
banp257556850,53
gllq906397278,151
gmfk327279173,117
rfxs156134125,78
qgot870001594,116
ixri077569550,157
grem687856384,179
upjt682826022,150
mrrt215025621,134
qcyv826596767,37
akts681348897,62
bpop012059887,119
ewfj780753132,167
wzhw771858702,73
putm601984674,128
bgjr635685326,141
lvam777444816,172
xfcn784796430,113
sflv230233912,115
rbuq057790201,211
bugf090559755,109
wmot977528026,176
ogbv644717804,102
qjjd250845847,135
gzkt303366201,165
kslr696995519,97
ivty134443856,244
rhyq634584394,147
vzmj715827792,234
qqwy720438871,270
mcqg313779352,143
zcbe380849764,73
iyvt959084251,129
tigu503388513,137
ngbo852385511,107
afaq201412477,117
isjv660941490,130
ikrz531158339,132
pbru937749772,173
wvdj715193602,54
fowf650252966,87
vpts416037959,168
urja503703279,53
mcvi921790014,213
jrlr915245612,160
joak766221882,108
fugj854234858,192
qlmb380959046,133
xuzz513162061,127
tkgv070352679,128
wgit853151328,136
smot168983471,25
qpkn534650311,24
vaqt394646034,186
agzd552193510,90
gopd143880313,229
wpti611774708,247
glpc670456515,116
cjuu156706841,111
uxcw706641883,54
pcza532919987,56
aqrc675070174,87
elzl461982059,107
rnjl435173288,77
bgte497965638,96
ofgo288313254,128
gokx483484106,29
lerg537289856,91
lmpe694006816,173
fodw528642003,113
rnkx291310326,118
wugy385115802,172
qoxh070879488,195
kxpp907007894,155
lswy004614833,22
vpdp436944363,107
zfel051402732,82
aham271289334,168
jknz724879108,78
dxxv134860759,188
ftbe155208319,170
fkws320331298,213
uqgv731770312,97
ysrp071058973,91
zxnc553697468,129
hjzq950627137,156
wwud691942052,47
jodd386977315,187
kvug499746139,169
gnsg974577292,163
epxq343106158,120
ocyg584118372,202
hzps172462580,123
cguc948353435,222
muaz906486582,65
irto791093199,125
ymvh152193303,110
izrn616051725,139
lpzh465168329,130
ulrv878917244,171
jaqd974004642,83
ryoi514961766,213
wrps476147255,213
jpex980254009,147
aguk544248344,150
xivu269876005,180
dvtw021333509,15
bsqp353794324,229
oemp199444250,197
dwhq231610157,153
gsot062942791,168
vlmp383952645,133
ngdr499540797,64
icsl101299506,183
wxrl158857379,187
snvp273477354,110
bhky250893300,116
qqpf550593454,107
ipfh422803468,111
jxri428062050,120
ewco429614201,137
deqd863919703,102
kynn636158361,127
vwzr543074545,65
wzit347983789,158
gylh547925104,157
mgyk791948174,144
iazb160529703,86
rvjr217941419,158
bllh530246183,22
cudp010105546,79
czps065677209,93
fauc765841976,75
mfih004161468,130
kpmm452096481,126
hlgi981610537,88
pkxk325774255,26
slsq603222124,73
gxty195063689,73
pfjl227925381,155
qymp444017381,48
cyrv926155363,102
kinx902019578,127
hjng969343185,183
ldvz118773759,53
amro723715419,121
veik066424564,197
gemz526275640,132
vmkf313274185,75
qkus054050003,158
zjvn711816655,166
icik478380341,113
dlxh208305049,184
zmeg394760858,126
yqdg113436630,133
ezor332761855,30
yrkl168658486,82
uuzn824019105,171
ifyw425083905,93
veoe900413963,125
segs266135579,148
navu357605471,161
jxcw006540174,145
ltbu484577708,107
fabh246889321,61
uawy292624289,138
zodd360609356,133
wdzo653549699,84
ezko919516426,77
xavb527580213,122
diqi204209882,22
lyqc970873485,58
vqox327768205,75
ctwl532607898,160
vxzd533397847,142
hojy243988477,172
kmom540253246,119
avbt342078365,153
eueq835117134,100
dlad077761225,91
nkeq573751204,81
bskk071030343,109
kvvv505489106,72
bvrd363274904,75
nfsf673106272,88
paab528312618,113
xtlu442689224,126
jpjm699378579,16
eiyo703143720,185
izao700807260,55
owoi645643254,78
zcfy374324118,97
uoch014836871,215
yiwm776308854,119
qwdc313718470,122
wsns882993130,138
kcgn101499910,89
esqw401835301,89
cxbf212343521,113
xymh691354733,183
nwfj392315106,128
ajdl846645368,223
cjjr384267807,72
gxib606583918,80
ucwq816150124,123
otbv203248091,195
bgbo527996744,273
srok593878893,143
plsj650583938,127
eztt801321693,79
jdna833401810,78
nqjr709418509,186
gsif280414995,107
fyux884881023,147
jdsh537433011,38
zwjg626606836,87
fumx492592702,57
thds026850423,143
kzoj221234442,163
alce919143003,9
masm926257224,101
fmmm848787184,104
lhpf452817328,66
zzar762960665,78
kskt199199358,107
ldjh455207509,183
tbpy735588609,67
wwzu502147792,110
tcbx285335053,139
hkpe458007251,194
lvxf754191678,97
pfpw954835951,149
mnmh532631465,137
dpve982345757,30
aezf687677225,165
irxg508933781,74
acmm791524132,218
aqjw560628042,87
pwfm604009889,124
rstc714369560,254
oeiy899432724,139
kard335715408,132
ipjk706841549,226
aloj686624006,167
cqmy181857970,231
xtlx539799619,95
jwkh655272530,138
kgpz259314551,87
msho953319945,137
oujg279253417,115
ggtm383400912,155
thvo531899102,117
wpvg090119607,187
ntlp513390682,124
iqeo586034980,118
vlgo086341909,253
icxt654104737,150
siuu647186234,143
hcsy685072902,68
yncs651887189,120
hlub346660612,48
qxoz419285115,98
ulst555003504,170
sjbt801121715,141
ruto892367179,232
dogv329362832,76
twgt433946219,197
ldmr309573285,109
lsnd158059817,112
ecac799212474,85
ugdn107395503,198
tilz527305403,22
paja266996222,70
cadf065226312,146
xadd640858584,162
jcwa577161251,196
ujvu886796317,190
mpfh157584307,128
ufvi591053280,102
xzle361684369,197
lvqf951045035,114
okdf774731944,133
plma000712302,103
akvh886424443,114
yqzw694645071,193
iwcf299487616,114
cury591885525,179
sfvm523248114,172
azgr725625025,161
olfq622202421,63
ncvn893166466,155
flyx553218452,62
eibl331869122,244
gjrz732595859,228
pfjg493192597,206
ilss281680427,188
uhib483646970,30
rqxx485414501,169
jyke353721498,112
ehpv950567451,43
dncu385965002,117
arjs344389463,118
uymp678309018,212
kdvc385907669,167
jyth094170873,117
nxgn023183307,167
ieuc484484413,112
yocp079209518,133
yfju635370565,192
owrz707712660,165
axlp473057360,78
kpde659853095,78
dwrz318521947,88
bpjj135574418,240
usrt706946816,147
ntrr295337368,40
ecgk485938959,113
bztw035015483,53
muyq560016181,89
htpb789626651,262
xlzr590412635,143
baud405226143,92
mbko606356072,148
iwbn132918158,84
aszj614497843,200
jlsg798334679,172
lsau438413835,89
totn685756608,192
lciv936290410,229
qhoh147261288,95
vlay764895932,120
pebz806592890,122
unig711977543,91
qibx437598778,171
joia628858926,80
ongf785598046,147
rchz717856003,161
jcnn847687824,117
vjza091501216,97
oaiy380460272,125
ualz267975152,102
celw133056682,149
qotc961498150,56
ypni314675002,156
rvsb076558780,82
zfiy267150286,96
lotq797714476,200
mowg423741794,138
jfav891492943,213
yfal915666002,157
orek043268918,118
pbxy063048875,75
bmrk924777897,209
sfrj272548387,119
eeuf211121616,120
zver912329869,119
dtqc372685387,146
nipq419393441,199
vggs861651427,131
bwuy108766653,159
euhs683565572,187
mjho850441583,233
vhtr961971469,70
fahj902888018,127
mlko651810401,92
ugib241917511,210
nusf977049440,151
eqlq588861379,67
rpdk951976532,86
tqdg447156105,126
vvvk127738419,87
zlks474999202,30
ophd935452545,101
xcmm071735052,138
xlrh924496398,159
mxon761250271,29
rzkj147819389,128
rcne625368591,75
rgov284593337,155
uyas386910482,112
wlrc214046979,78
evmi489351583,77
xqqj494635438,18
nxny473336108,165
jmjg730254621,51
abwc366418229,55
fbvb818905230,142
ffai286165468,84
msjg134070491,172
pyhi036342765,142
tfgf844243355,20
qsvr147804692,121
fahc643037563,203
xpbs758393557,150
jipb653747334,194
qmke827310932,139
jnfs271602525,109
ndhe338758356,124
aeub833368506,133
dogd524765179,113
baqy189389173,135
uqxa061728932,77
iszo302485591,186
hrxh198144816,91
cheu077947962,176
alaw456705361,81
yvhb688376596,154
ipoy457029396,255
ginz516186442,157
hqhf363233548,99
ifrf463467822,79
sdkx282102549,78
wmpu392778946,233
ghag583003846,112
fyso683903281,168
xuyx565217917,94
vpwf375891271,94
vrdc391773748,92
twov240844431,187
nhsq636724845,93
gbpa250046065,137
oalo685542179,135
exyg897924086,103
fvmn360665512,105
dkln539983129,195
nmlv803669588,98
edib998710503,133
imon582188824,107
nfxz846200060,208
lvft040430611,188
tgwb638585782,142
prqc477212731,125
zezv198007737,162
udac875995272,132
ylqu622501652,242
redr517393451,23
rrqx576876565,77
eqdq826383765,102
ghxm762336831,165
fjjj215605225,112
gaxr539730998,201
zbsa461584530,133
uewr073739727,180
nwaq576369225,73
iyef612622637,47
wzwa025413464,88
mazj964959948,211
qhjn811534080,132
nlge996638516,91
phyr113978650,84
tjjq916088097,174
egvh400154032,140
hqhe983064992,151
offv367585813,108
plqg952387853,158
usxs833096427,137
skux342507297,158
ihcp357999154,140
mbgm675958677,64
ffhw025113529,193
wxit649031949,148
ibrw721755540,79
cuvt028574188,32
emkj022643693,62
ufow020901341,179
fxfv224466511,113
ddmu865367061,61
wmve730838709,120
tiqg274503347,102
tpsc303404149,214
uxyk665908284,82
jqii255641269,171
ybkx165046331,112
gvkh604696301,149
uafl685036537,228
fmni717701920,177
cbfp965833843,148
xxft379602123,73
mpnj449363001,91
xxcf485883132,173
inxo940698449,168
ylxg838176036,188
ucyj492960393,162
hnam242894465,33
rujy290455167,100
evke003358016,123
gsno445907918,113
mwxp558144568,82
iodj228743674,202
dbwn963955902,150
lzpb971223843,131
dqjj592496162,133
nrte496184052,186
lsig060089649,169
lmuy194975753,120
gifu569653807,120
lazf503310313,169
eoil362220250,23
azrl803638019,228
sght409218589,49
dzdz609710518,79
bdop465949783,108
klgy069496493,144
uzip295915315,161
brov215433761,174
fqia795201610,126
rrws681788954,157
glou136039157,100
jaze896337016,142
ivsm292295543,138
ifli215846322,197
ojms408727953,242
ffhl423530637,20
zxmp848801116,98
wpfh350589279,140
utyd154148079,137
syii271315816,153
zepy221267268,93
maxl391266887,144
csfa961423268,127
abcw798012701,148
oqly471921804,51
hfwe937490819,167
vegi234463128,117
tbdy824407015,147
sdjh288789925,26
erqr041510565,15
cymw284769087,149
cmsu691492886,238
gvyj496647572,188
ixhw295029669,87
fjbs995695229,72
pvln436223475,66
gkdx731794910,74
bxvl341811037,134
smif648940605,125
khlu757597736,115
yjld411726157,118
mgvy880966494,137
ewrk731466259,143
tpih066788772,83
eurf014601958,92
fqbq386034145,197
vvkc269584973,51
viha999107245,78
hhin215210712,143
gelu054323469,206
qeho083509689,190
eutq842159121,78
vvcd789271087,72
vnbx372784180,138
sxhu132254046,76
rfzt811529279,78
quks978032911,99
siaa365209228,108
jmih664014926,193
bgko269458844,92
wgfy860745880,159
jstu714214084,242
kjrw297079809,96
rvdw240487270,98
btvm349024498,83
wzmx273685693,120
zhhz216307293,135
atmk476680377,120
sfmx806211262,24
faea294530784,89
vlul521811126,100
ghlj828729785,180
npms995801496,35
ddjr299534701,100
sizn626814184,143
vgqb723276362,63
nomo769277994,122
ueor583219215,93
uube720520801,157
tyky715657423,134
vssz271894095,30
xsot881578852,183
gzsb324054944,55
dfhg422623975,128
ubkx265947390,193
izgv389289962,82
xiqj860730420,68
isvl463686777,177
rkte636245488,148
ephi446373164,245
ygic299009596,209
mbir640815216,136
vcvb303111422,93
wnhb934850986,98
snsr476420602,72
ltgd757066577,237
vwlv834523090,92
zhrm212545723,113
tjuo056035371,117
hiqn316314934,82
rguu424789893,170
znln817847818,143
ipoh571241782,112
rutm468324484,91
xfbm959177584,15
gihk781020296,188
qmff323163254,103
arzh841927357,190
itvv596337064,137
prsa041955863,143
jktt987525134,242
uvak144414032,93
uari976043092,133
tili722239861,96
rogc412601724,83
tnge270093639,181
ypfu626960926,48
omji901600883,90
nbpa118419286,93
gzfs562386878,107
lzbn011779816,236
xnhx726303823,204
yjee196084814,99
ojpy959331841,23
rsdu624370407,81
hmhe736819063,126
ahcx094193060,190
girz448266533,145
wlsg765794498,172
datn304243996,258
zmms635283808,64
agao853458235,136
irhs321608672,89
cwpq250384092,116
vzdl419104257,124
xcyc068866035,140
awpi401041791,105
znfr398740732,190
vxyz695369712,70
yhyc664368761,236
bzkx050509744,137
autd400855575,80
ddng336263240,162
indk116613812,188
btni187556422,168
abfh152716324,113
mvec388035298,186
djvb686518602,97
bjrt916298680,115
eliq515371914,16
ofud664800378,75
mtwg577712504,142
danz011002463,58
sjve076783280,94
jvbs135326768,164
repx379815415,148
tbco810634353,157
bgfz776951924,67
oafg722812352,194
voci211809051,163
mhix810557672,98
egvs247159797,125
uvvk434532450,62
mnxg666187928,208
bvfi087820292,133
losc747872719,145
tnvk019376184,148
islj165790231,86
hzkv817247564,63
iwdw916784543,118
lbhg557736836,101
rdzz585098544,219
iqau887477114,70
thjp613005703,139
dkyq375052239,182
jvny561050741,141
lufq055168571,123
edsi807738044,136
yrev330228033,147
nctb770721529,253
xwvr090278388,172
objn779766248,152
dfjr963545352,87
dhri995405685,162
nzin885536946,78
jvqk845006274,132
qvqc616799840,102
fjge136518991,73
yeqz303269031,160
eyem774090891,207
nluv902559870,207
gaev851094852,140
irid554191712,167
iesd618498550,200
wgkw033133676,122
gjkz054425570,160
zxgu700972562,195
mrpr364724833,122
zgzs903633163,165
hgcf348628178,102
qzjd982732908,90
bsul536670901,153
oikn016882487,51
wqct831128684,199
dccn502284184,206
heju869418506,78
gsbs181154233,26
ntnf318562152,84
xeri185252097,119
fzjc980823328,106
rdiq189630429,129
ecvu278850655,63
bnnl258565834,132
sypv229338769,82
tsof387651986,82
qmne043896594,97
wqyk027527710,197
xpgl863958822,116
uger065749376,207
rcpg164855422,191
oixu112084847,187
ystm614994769,19
uvkq365817775,93
ytby172239046,100
vvtg479832564,97
lpjz025256221,127
krvv361313244,52
jjqz618941587,167
twmn298114553,186
obpg273629548,152
svzz428952536,63
hauw927563615,66
bzri223141810,123
pdni659371471,213
vauw879707185,67
syec951249665,129
tkjb373526443,93
unyt840351596,32
wkea106509948,158
dzcr621067696,105
iend388114283,103
eaqm579509240,76
rcfx950865303,53
amzv259241011,152
vgmu137160506,88
uxxi787569055,154
tvrq913658346,70
iazj213674141,109
slfg426445286,183
izlt555400064,82
ajar968089475,94
ztdz876234611,48
dckd072587472,127
betf857779577,111
qnor298914086,174
ondg634965348,124
lfxq475547145,119
dzpq074982764,26
jtml729950610,138
dtql300864042,32
flax226080716,165
lebz662969184,132
lvvh014906034,173
bnxu417494397,84
qrlr110648417,104
ruvo164332103,14
iiej600811610,101
lldz392580102,98
glhd018239533,58
ibrf842124158,134
usia193125831,94
oqko217607936,52
jdja822066793,58
shyc698655758,129
yyoo080450042,228
huut891046038,188
wshg209675312,86
uoyv946184330,165
jufg808522290,119
ggcs047545697,49
qhwn900281298,72
jrxz376420228,69
wsny816205828,70
tugj372024032,150
kcez888365859,77
rbrq903853152,22
cwam591472516,246
ilqa367240222,157
knma916731461,205
vkuw447789808,57
rgno418899901,250
ouzl675383445,211
zjch569553818,197
bskj347485793,72
oqop036353764,205
ldgv201236815,11
huzh623084156,117
wdor942377700,154
wfle835202885,75
nnrl317602389,120
rnvz428014889,135
gxws716708925,189
mopb926055730,43
djow134797389,117
beww873075717,79
oity910858922,143
jmnq323228171,128
stue442508870,147
nprs327700280,53
ufoa261425363,179
xyld387917031,148
skxe800327932,102
ddat860557802,57
zhgi851478212,83
lslk398717972,91
tewl145633528,33
xoxc521492962,48
bvhe808150317,104
vhav891114130,199
weos057830134,27
eleh750229436,89
oaft169041246,204
asej416926407,142
kxuj345019182,168
qcye565883252,197
mcjk784032978,137
duug996070829,256
qqcw313422756,153
edjy168434952,23
cpnj776064961,133
bsxo541575521,63
bbmx347664725,178
tiwt230204618,71
pxsc443533218,99
kvdn851213429,207
gasp608911680,108
pgfe448506387,150
dgvr232580889,117
nfmr764190226,226
nqub209701651,172
zsvt920039326,76
jspr554857679,59
zycm562620323,78
kodf810435321,122
kuan768503711,78
qzsb378493543,153
qcvv790100708,113
pkcm676002929,127
gcyl171106839,71
ftch343542800,58
zfjk240016437,147
jwhv049942215,208
yjgz714668723,85
jaoe196555800,145
umki086507305,116
vlub536622908,128
izco717950480,50
vdlb677227014,127
bdza528995862,151
ulvg166248978,143
vnvt894565999,115
xpfd191352515,88
yxwm329432437,93
hdeb411933893,87
cwxp340741876,201
ddwo889932575,135
odgr192121359,28
edwq189768458,109
xkzs322274327,160
vess626878799,137
fgpp697899090,125
iyzg765491506,174
kwfb230907428,56
nmwp065300998,128
iybq572649713,72
xcse965215649,149
pjod397786001,127
udtv685551645,48
hqfu436031262,78
pjes125699350,135
tkuo980370278,125
xcur099152790,80
hpas063821530,144
fynw973872271,108
jfta381995725,130
xqxr457845027,88
aukh110880719,95
yiqc565084037,98
skbs079394060,133
csvx453850593,93
fkxz755723174,255
qvju664233897,83
etkv601058515,77
lzjg424060000,127
nitu690353439,182
gatt335816879,72
xshl044959567,131
qmzp690279682,180
cirw342986270,133
qmkl408407766,32
wsyf913345173,55
acjx569692792,81
nidv234693537,210
ywug357119135,128
oqba479736306,150
mflh130598760,127
hjma855513581,128
vkex984300471,126
jmzu032834645,56
zjus935746308,78
oapu788375133,108
wmuh740244612,133
ayyo531279745,68
puvp394107947,72
jdet370083664,53
bcel414115847,123
quvr918241301,108
ubcr197196461,140
mymg432463559,70
dycm998934929,102
vxgv773646718,208
leho779485949,135
coua723895625,165
vdmv746792230,162
zeft190593493,192
aowe038032558,158
buks679972482,124
yfuw790818888,83
boyo868395997,203
phij925004019,142
lzev748620662,240
bbaa632613685,138
bsnd861166242,229
pazy733517562,100
gosi998469223,95
sdih564275937,23
nebz772600260,85
wmrh850867799,232
okrr394293417,112
blsp725933751,123
oaux471380875,102
jarj987305783,56
vsfd619307094,158
kcly046817945,78
euqd622566586,166
ekus466202354,159
iolv148555132,101
olig287489848,72
ggvd049326134,128
ixia421988887,39
ujww794032232,107
awwq494143026,165
mpzn873690164,67
cwwz894161067,144
bgyf894768660,140
xvuq213214180,21
rnxr508066061,92
ksva805739169,190
pomb404352279,130
ikqe507285525,122
ffro299703098,172
uhql525555482,147
xtst181777655,112
fwbs346615134,189
inyo420247108,88
ndas720392682,148
fqak022280854,207
wgay590639576,53
ebco301907311,189
gszt839935780,135
tbwh652338104,211
yfbg425411739,85
yrix084686059,96
gfmy808227201,108
imfy779617639,150
okoi464736232,138
enry946479807,99
xqvs163181550,78
kxvu494950422,47
utof370700200,145
mjsw318991867,163
kdtf019153114,53
zzvr698868099,97
ayiu789194788,115
gufl648471775,245
xolj111817000,135
ngew577737493,140
ouua102114713,115
fhwn348196450,102
jfen579933180,128
habq407231317,92
gkxj644022685,129
dnig769177205,130
bebc400983291,122
uhce540555384,14
ugcu040507202,213
hxxo532711948,60
jebh583160249,154
ymvz620839546,196
uasm402717176,84
emvi821730412,205
ksrl122400848,80
zwvj367072776,122
lxtk016200809,90
jelg835381120,59
jsxw879858432,70
xpfe203788118,155
qakf039410031,123
xaja941238906,97
qpqq083815896,53
xjwc441005524,152
cpoq332696666,53
efpr798766469,84
vpiy509809230,211
xsxz611509242,101
klus012162128,187
ubaf067219186,122
iiqk918616153,139
lcrb457091370,150
wqgy103085042,125
lojl111876567,180
bbnr912563724,126
rvzp558320286,158
ucah893486101,141
sazr012225338,124
qoiz703681134,190
eafg415609638,224
nssc158567801,50
ufqy069241413,147
brih984654056,185
uqgr088605134,115
rjgg483967255,164
gigy726369674,177
hcxt956784338,206
mnys758549083,290
uhct608875774,90
xhhr549841898,87
deru471556382,142
zmlx820696296,140
mcre125354273,133
nqml434035744,16
ccea134839094,49
vobi872389813,76
nivt522098428,111
inpl007740230,80
ircn507277278,138
gxyh140875612,157
aaoa610787333,69
elku987200736,137
srth606672132,109
wpve999531280,137
bzso512849624,152
vrds258791545,73
skwb532994787,139
gozr902875946,141
pxex510397592,142
uvee958743828,191
sxox836846489,138
lncj485530061,172
oqjj662742713,107
rtvd125045276,64
thwd174502371,242
xsir980518142,208
fdaa502600325,92
xqhn163338010,99
ympu642977766,78
lafm899404990,227
zmhg313348272,88
dezm039575546,32
bujq377921912,197
kgvb512676948,80
ppcv572497320,113
hwzg071718762,111
azyr484985930,208
eufb161594133,32
ubgl386333340,135
jsxz339882479,129
qjva724989101,133
xdmt527990308,92
lqtd721683851,97
zyiy513113399,107
mcjf805521761,123
sjfe335550898,164
lnab136279715,268
ucze351871467,82
fhpd657648292,108
mduv220981552,138
gyyn935498638,155
dvtl283075841,162
zknc523988120,213
scfc098684566,77
efwm295445766,75
btcp997624103,107
pdmu501681595,174
sdpq875991865,42
azmw050114716,138
wude663568834,87
shhi990262979,168
kffu489310863,143
vuko810554649,138
qdin465769809,215
zonq343172079,238
ykme637185789,198
vtpt731461168,172
bmcp575150063,178
egor233613229,109
jhfr734282068,128
xxxg392835143,131
itxh596247066,27
kkli818697281,124
akqz207055081,192
qbgb330656580,101
cibw768273546,238
rgnd320652254,154
zizb998341399,113
qfod876292246,133
jieq472951178,135
znxx486610051,95
mgdk657949812,181
zvnf755327620,87
culp173822270,108
fyxu130899358,122
alhx338967423,129
pjkm497102825,137
vkrd809820466,149
xwgb457707690,138
aakd221790790,34
tlwk932429878,128
lrlf501785584,148
pnug916161594,185
oiql823756089,20
waji423077533,165
megk981465199,115
cacj492529963,128
umcx670200270,100
sdlo403030316,117
iltt298869093,217
csgq347471014,92
pult956533047,98
hwbg153104705,93
plgg796059945,111
crpu527428729,22
lljy118059358,192
fsvd343692441,54
nakh130254896,192
boem140208445,60
yxzu655199729,198
ebaz726513747,21
sutl605191354,143
hfcz382370183,111
aksp025420674,177
aqwk836888057,254
sbak910146532,31
lthy843419347,127
gget428471477,47
pobd073255478,262
zzbc418600595,45
yqtj098210194,158
invk502410265,72
xxxz154561829,181
otle226148973,223
oren312344079,103
rnik703726176,107
lyfr945024632,108
hsxq253884570,174
zjwm086234942,163
djxs796477126,99
ovor552947409,156
buir169942155,92
fvgn084460178,154
iahu034381547,179
rztb534814244,103
gxjj037667794,187
wbig340392725,24
gqes731447447,160
hdgh476956525,213
agsw640245776,73
qrtx593772251,237
mhrt346351961,137
rqej864894214,196
kyma171403319,169
dejc607866833,88
tqic001637063,96
hhux633310482,171
gcar518619242,127
bsew039767405,116
suxv720515319,144
ekfp991165541,112
qbll173905331,93
hekf831538473,77
tvjt456241613,167
icyu022504572,130
gxmt057006542,107
fzhm860181314,60
lrwz444937366,245
urzq647661943,64
fxms321305886,112
dcam991289120,64
xrwk340613103,120
qzxk746001255,30
bwas838462828,144
msyi696134053,141
ruqr963264398,138
hflg198976070,217
xwad676277976,67
ntym701181390,136
srll126401204,119
tryb080020473,187
kgve232151087,117
xbwr861723909,52
frma700362346,147
ftcw151765719,91
ulee518709369,140
alte617664349,209
hhyz216112334,174
xbkj712553283,131
igkw470707216,133
weex419992603,62
vjmx124894310,211
zrfg201493708,118
errg267571967,52
nugg817307884,184
axco622772489,218
acvl790069515,102
grrz319613479,132
tfbl160189942,177
qdom098999085,140
qxth325640620,145
ohwk982354004,88
ntql911691252,84
bcro592974762,127
omog804415199,147
zlfx536996854,194
mlth766088311,185
qzuq439300705,97
pour616668435,106
rjya482317613,218
ugxl340396644,184
piwz209055857,77
jfxi664714278,101
ozbl663549960,51
prqi998208041,84
oxuw004839059,189
wvzb051085294,208
cssd936752341,127
jozx916557546,198
viwb846783781,53
nbtz137586289,76
pyxu557143294,106
dfcu219641523,144
gsku729418192,56
uvkm393694365,95
azhi339569099,138
eaog199438084,122
suaj690027531,93
pzmf155158384,25
npnt407139739,155
xngj035982076,206
cnra296980314,192
byml173078994,143
maab808015557,93
hfzn622060386,129
shwx205132003,100
ynjj096646613,103
mtfy665860063,75
bvan230303048,160
stic427553729,97
hatx742369021,97
arzm130344273,136
reuf226225873,117
tdcq730128907,158
bvta653713840,78
besq453840685,155
qsow830831097,192
lgmy944271840,120
xgia130646181,105
oxct269537491,127
kuak329834396,120
rcvv481897457,175
fyjx463962964,130
fvid431554632,102
clay055579662,72
suzo604283069,106
pqrq389893989,114
itgp163528237,80
ehnh034318983,120
snsl534865499,230
amlm276545416,83
unhj546078430,34
qlkt335153472,87
jsyr794865608,67
hgwv114314223,83
jxiv544506951,148
nxhg553761960,142
rcko673240486,126
vlpl126115615,225
kfhy682853612,150
ilxm128406279,107
ndis990953924,128
ghyf193521806,150
sxfu079578771,18
ttrd834298892,108
gmut626078735,131
suhn653146836,74
wswn755513801,126
ifol146049595,63
aihp477709633,199
rhzt584217449,151
awyq997290122,27
honk219579484,233
rbwe286585943,132
igpi964575059,78
cqcu737361717,168
ehem870103342,62
godh069125522,182
gqxb865336639,188
rzxn279853088,220
nzsy901191214,61
ctvk067985904,74
xzxf235748670,127
mntv679070662,102
dpju840348560,152
nmaf562053916,219
twhw515991594,148
fmem779330458,173
jkvj980675457,96
keiy135603008,142
etaq538157981,130
lvkn330062705,87
hpvq910776614,98
rept144373840,195
cjiq489335145,114
bjsn114483590,125
bdpc388719308,143
lwri975765841,35
jssg239223402,97
wqre040542343,173
ggtx235615568,183
xtdx611886939,87
ajxb691054441,123
bbqm783115729,145
uoxz054311014,32
jwrd632003576,157
kgeq263378901,163
meod909532539,93
gzbw278073346,157
rykr655057123,125
nkws225019657,32
qfcr494233483,138
tdjk506744863,126
btkb998852212,147
hnbl413257080,76
hbcu531020263,131
lxsl371590541,195
tgge438693637,80
fdkm191944003,57
tyde930358989,213
kjwb576129637,187
lzox912386083,122
egex062172522,198
lnji438438907,165
fcpv286081726,97
bbos868801849,138
tjpi354933747,146
tgcx388344598,27
icbh627176800,179
xgif575392819,98
pqul384955867,182
caon180826024,94
wujl007539135,28
xtvh378103364,65
udee354112969,147
qitv127853818,24
hqgo065434189,92
omei605786978,84
uekz587897635,130
feoi753963238,142
wmpa376165385,181
nast219845904,148
esxe643520831,213
mflk291851043,55
ovyp484874964,37
gcqb075397348,87
cbvp811589093,73
egrb569678824,121
kjub971086147,92
ictl447679258,83
rmos487481127,98
cxwl431988153,158
cgqr753008737,235
boer214120966,154
lyan177297920,101
iblu311132126,70
rznj944570826,207
zjxf622298331,233
csrt177255869,171
vqvn359357407,146
uncn461251179,103
lxwm726517177,157
sdfb320629448,241
scng967310794,34
jvuv525309413,91
lqej264292997,80
scxx762798782,46
toiq055782309,137
qaqw066522898,78
vpej355144930,212
fdbz783464127,197
xczw460656101,187
dftf000449693,106
aulk725655687,112
cxqe589251633,212
fazd366562676,168
ipxt018424634,149
kfzm405085351,108
sfyr768712559,167
vnmv663921527,56
mxzv520915739,116
xzca096646500,119
cebw214596648,88
yzsg042315164,71
keyf722693021,137
xrov958475188,23
cnvu229887485,124
gdaf658249000,107
ithk995019304,38
lvdp403532955,76
nlln086550251,217
bscr211495058,92
ojns842166724,102
yfql487303857,60
xcoo454744114,97
bljy000354109,74
umnn949729724,129
qmei564185979,94
care831527169,79
prrh944938750,98
fxcj535717985,76
ypie751364223,55
wxre465894029,118
quqr402093930,116
xobc758033528,132
cmri990796945,105
iise686049739,175
rnjs864866462,237
gzrt228734822,134
zrmp850172081,63
mnlz712586087,91
wrvw133126734,149
fpwf537002267,110
tyna254150584,114
vdke816445233,22
bgdy830960434,132
lcfg882442667,68
usge046131713,120
kayz899005374,106
enhp828283548,213
viyc157595836,148
jvrj488690348,64
jwgf124387593,159
hcbf559551053,105
ambh159273291,187
ieoh999785841,158
wwbs909249084,153
tgnx150848490,88
vlaq736395806,189
kfag828037610,123
lxpg912373390,102
eqoq196852367,147
hrsg112126461,93
iutt457239326,123
xeit042697729,118
cxwk568370378,89
vgca754897436,167
hvkn089788204,86
lwgd029804972,115
bxln050903886,122
ebnv488389399,78
haau925401900,138
bglc142886404,162
aruj953047979,25
uxrx764715887,193
hign640098525,148
qrdb723853117,31
mgpg878815692,92
rwfh831366769,158
qxzz438253584,112
vzjg787172827,63
rtvh974819963,184
rjwo845918462,46
asur704933890,53
mtyl409583183,109
hgkw700694236,198
qhjz642082024,143
kyzq339833948,28
afrv501336993,130
ozew973332155,209
lnfa955698569,163
ddqc567445550,114
ptfx483100884,95
gleq165782144,139
jdme082453076,122
xbov743490079,173
atmw486194085,67
pxoi080582428,121
qpco171207719,237
hyrv516368218,27
mmrf832900034,139
owma920527527,184
yusu974027577,107
uusr238250250,172
gvtl133881525,92
fmoo224494079,160
lucc377903663,126
uhya085793742,148
ofca418129697,215
mrrg524827481,153
upzt572035878,229
vqmq472373240,75
pjvl443692585,106
vpps872814533,188
mczk166772887,146
vsrh132619876,103
btwo267336238,133
qfli352870574,35
hier243422959,172
zwyr077293917,218
dmma617314584,101
ypyz973559484,141
wksg290816543,76
fnfm312440369,28
dsmq500214378,52
zpao302380956,182
adfy920522456,118
hksd424819973,58
tucu545755098,90
fzfb597706084,117
abje570386775,136
ulib940269452,93
ixoe396249061,164
yxbj643406677,76
ydmn698817206,78
uohd513752145,175
ndva006469928,87
azvb479453730,95
fskt576992273,82
dlkq573753949,67
bxbm017936298,108
cvaz620169875,77
ybjh544479386,213
xhbq765134551,150
bqmg025210214,98
zipe753035090,97
rstw411627568,49
yetx435349480,50
ydka908143135,192
wtap105829566,142
znpj340358207,140
lwzs318795778,213
nfjz965770383,198
wkgk719690318,123
aqlt280693096,152
rngp169388035,6
qdzv065638530,253
kpey459904742,217
auyn040482656,218
kezr251130795,121
iokk520620256,62
zbzf757283689,160
ddik227081078,102
tssv693884405,143
ptns336615456,137
alwg476900613,116
papq834700872,243
udqx682379818,150
jsqg494964729,125
fbrc160491186,98
hpgu542893153,97
vahw418861866,22
sdvk938556509,167
esme332186460,161
xkiy745696566,103
zivs883220775,147
ajrj580119052,49
fglv239027760,111
tqzc776310187,158
eqym393527377,154
tzoc858141071,232
pdsm628364894,128
klhn049782945,219
ztoy595119031,120
kexy309269199,183
abhe106853347,158
txdf640374012,136
oovv114907977,65
wzto791785312,66
eruq982832057,205
eeus203509661,141
ojqc544689358,87
gqnq219167146,77
pkym794804308,157
aplt372423563,120
amrt002453619,132
gchh299192969,52
barv152343646,82
vnvk070921180,227
efjt252369076,197
blvl126222804,87
cbyn982843273,99
ogux402444927,23
fhgf182224704,172
bxsr575007184,122
wwfv853692416,83
bnpm915865585,139
vvcz469948993,85
bykn966336285,156
nlxa239507192,30
lucp829320946,87
kahk559358518,52
vxgr828327154,194
prry140789486,137
cifr377368386,80
aabo036315307,142
jqoi049291102,74
wbqo941440975,162
wlnv993462742,205
atub804372198,122
omdw448290300,100
wtxg631168296,113
uoky335078240,93
vdvf568471749,152
nbbx169843141,192
ocsl056343425,97
hphq568402969,125
apdn048338598,147
qjwe084227495,89
ruam809506414,175
svjm767113449,85
maav940546603,213
qjoq073282593,133
sqly206301446,63
rysl231675556,83
rige590680722,228
wowb775705931,73
isyu631513535,100
zvub177685166,148
tolb903567688,75
xmiw574210181,117
vspw908276562,88
qacq954877232,45
qucv600380777,122
ptei409677265,176
avrh235378350,128
hdyu400237098,97
jycl666929729,68
trri531104980,123
xebu198346627,87
sptz078628102,123
xmdy388218123,85
nuyh203452721,62
ykfz003165368,163
yski163959094,97
snid662155349,107
zaig468969648,215
cidc389467666,55
akng566349280,87
bser998673665,125
hagt259796661,76
viwj457353702,201
ezwd266283831,119
yolf680862592,77
cnly920863143,234
faed816382543,119
rnvv398394081,211
tepm123662822,171
idiw217788823,138
kfyf326742616,190
ixjp358685809,110
erbk983473177,122
rerr404381666,79
kugv791178405,112
kvdi144766770,185
qmyk750742702,107
zwhb475536452,128
kyxe137275549,160
xwdr309548207,86
nstj651072016,125
vrcm997641477,121
dxxr312048876,124
azyz724697898,106
zgii686463421,141
ovno482518774,121
eppw221715404,21
wtdd075866846,83
idtu863983459,177
rdbd958082459,90
mene562373992,145
vxep429745397,207
cmwm601994587,142
zxlt239074067,167
vzlb128460706,168
ijnr818649639,93
yaip763203029,92
msxm955486082,176
mfmf074124700,130
vuxa690275393,151
rwso740134080,97
earl881824551,90
lyci117301925,164
fkqy111026005,133
pnxj523381500,212
wbsq119074715,102
opkg462455378,100
tzko872170829,138
mxvy542200472,47
ouje518434515,33
bajq713059786,127
lnxr477672028,107
yedp219932209,21
jmhj276948248,137
ocyx267524466,108
wrok186748461,85
vkaz996813412,139
vwuc720832848,203
zgps752048106,83
ryya833292923,17
wyef340273833,133
asur997565289,103
jzlu029608595,214
jgbp477976517,105
exzy958010381,167
zxks434110840,72
cdwv494940716,222
rbjw424347816,142
lfue473008373,200
cdzm765778142,79
gdms324169957,138
doii009813923,87
tkev739184576,179
ekpn055012526,88
lbpm958660582,121
unhn374077867,67
tvxb161214677,120
axfw313662058,136
ingg662452844,74
ocxx741159752,57
udzv750945059,152
barl971032122,39
svld193555049,121
uzht475205079,177
ndss113004599,75
abhd129140189,176
bvfi520510435,122
zcdn953760639,153
enht194769966,87
trnl526700021,207
ivpy716860823,91
yoxh449353676,76
tjxj747456928,125
xqsd997855594,158
rtmw751119382,73
sbaz755796493,52
byib540520705,137
cghb829253645,93
fkig250315779,143
xjae923449199,148
tvag943769094,100
tdyy067909210,102
covb007059803,177
ntfy632806049,158
hgsl266745482,115
bgsq493820765,98
hoyt214228960,170
zosv330717562,166
viet382164773,55
yfwz816328277,124
zyei435272204,24
txwa775202318,132
ouxp951287803,117
nysv200683433,134
uhig012244225,100
klnv829317466,144
owke442018162,201
jhst320613431,147
sorx469347516,155
fdpn799924048,123
siht439987106,79
ukir097505242,219
mzpo930679243,194
wlld130339976,153
hxuf135213825,73
lubn866837367,31
tfmg438944714,173
sgzs586528878,132
fveh424136803,173
locy303235727,115
igyp372514587,15
odao264417694,132
fsjl490221618,247
itwm022892088,160
opgc260797063,191
jrbs103308463,134
khnt789204437,112
zzry227502773,108
ynwe890225552,95
verv819025492,143
ifad931419293,96
azpg144950971,97
ffiu370647429,63
ahec746183513,162
ndam819844243,105
qdnw811964604,105
ybit244637807,198
kdfb075987561,105
mavd305297858,168
ntaw234769647,193
bhkm570146922,134
hmll624296870,113
rwza990118434,89
babm857511207,204
wloq123819604,142
iytw561743292,98
tvhn972900185,161
uvom286042904,172
rvxr177642981,131
euvm192213846,110
ldwa147684916,163
pbul597925683,201
eoma520931368,109
mzba183887170,134
aics197636184,191
tcfk457747448,112
hbll796873996,98
wpuf015681229,122
cfyh057996661,125
tmxd519767969,39
kywp686325672,98
kjrw120479140,86
dxyv477072937,96
ypfe203995661,145
aspn850957466,113
tgci845081823,238
noed151027119,81
qbmw577652787,168
cavy301629294,188
acnc630601465,138
irsb069812620,49
ctvs720790946,142
swew052583453,32
yaym471355436,63
qjko495797188,139
mixx578713464,126
sbyt540028022,67
qcwc937911164,227
vwvs679801396,186
esri480608228,113
adxp145601724,192
qddz369657245,103
uamm095508014,118
ebhy287518466,110
tnxe085533548,92
fujv395849782,38
godh839881733,82
ewcm983534645,199
lzwr656210240,152
ukpe784884882,35
kynk474011303,90
ldbf383747132,202
iqxl334226705,161
irxb431246785,148
nofs473024770,93
oaqf828261047,193
sgrn594013909,93
lmva985402155,175
bhah271591321,227
bujo091979586,233
gdye340166611,25
wkac887080216,72
kfkv881947985,224
crso697611048,87
wjds171399475,108
jedf142941922,92
dmma429426646,128
cwtf938209643,185
cify988461100,139
scsv855200473,203
vbic225039808,123
cqhi317651077,93
tiwt902577584,86
agew467751966,92
jcly212166214,135
wgiv100140391,79
jjji984019439,101
bnuw468405259,90
tmmx654200878,129
rpkc295547548,13
gfky658688172,30
sztb112789453,107
nqps789635680,79
jony832256734,53
lcxj550050612,175
vcyi731002040,78
hsom639290708,48
ojpo355553098,89
rzdi595995604,172
drio074275020,124
wabf196077524,137
psuw318235980,78
qzll263887454,156
sgnz946366521,177
bjpb534577665,230
fzjt964177817,144
elux517558590,133
ymom299558586,127
jpvp423139382,84
rdwm497212263,73
pfrm440004939,185
ryzz402970058,141
dyyz861669981,168
tzwq098921871,98
scvz918347890,268
yorx309719687,66
aake032449569,65
bexn007227656,170
mfhh911647344,115
mcjq784970503,128
cgzf180879246,79
xeay178767342,92
nxnt004642894,197
hfzh903969152,86
liye068893133,83
jexv380645846,103
qhqc278254069,196
sqyt132892373,55
rpfu231709794,138
odnc793056756,103
ickm136385268,49
wzkd324785289,78
ebve038378856,25
xccu869530014,83
lrvd091416938,59
voda130458572,153
tull654753116,83
ntut555895709,118
kqib933852362,193
utrx881719367,50
epic102271958,239
dhgv661112875,229
zujz269239602,217
jmzg039507529,232
epdd080911191,180
ielb459454517,139
fvds406980900,177
yayf631671363,53
xefu268250572,186
mfas045429166,246
pxtr994251032,143
mdnc037685147,77
cfgw669599416,142
fkgz901841445,188
xkyf918834410,87
qtpn293883072,209
ebgz663737361,77
newa950036266,74
dpeb803135408,125
vact775061955,140
swua887782145,136
kdvx434295776,171
wdbz833058477,162
ougu125622352,190
zxdy513074596,214
jbca225311265,30
ioey529638579,125
kmkl941845238,162
lpvh808672865,98
bxto312891653,18
lswc918167635,75
rqqt422955436,129
hual624796241,151
ykau365788163,103
axas254871868,137
dbdd866685354,127
scbc099156526,190
dowq142649760,210
dzca054546594,97
tkag734038574,102
obgm635511210,180
bhmm270155322,158
tizh172973421,50
oree560512496,122
qfdp615307771,34
ulam180222188,146
xkmr434151614,127
xqrb024992222,124
qbuj263265916,127
lwty821681522,179
zsaw052301830,177
otmt480271112,110
tktc922846844,127
nqxm518981002,72
pgpj006312382,51
sizm289898118,145
kdjb573257300,108
zwod008426001,68
jium351040893,112
ccsw562986471,202
lvmm219078260,143
weiz590409533,108
pywj380821221,93
dgug206256814,113
ujtd316958557,133
vqrp770467548,180
kkxj590551020,118
owkl722157251,128
wjae462167722,204
uqdq617879425,51
iiet162686496,88
jnvn283486281,140
ftvf621182680,131
czol561943975,97
haoz007250309,88
xkos920683349,142
sjfu513482868,81
hjow650291244,121
vlvu784009408,203
pgek061969247,78
oukx818347330,189
yuit660349551,88
zycz349370916,209
msob161093186,45
dart714541868,144
jnkf457186558,123
xcvx304442714,115
ermh390819225,90
fmai699649756,113
jhma314031725,114
cwcw128240409,122
eyrr496382998,189
xjcd971109736,88
gwqx342174195,148
slym649205516,148
jbhl962377353,174
jmtf267835567,105
anuz044899143,142
nhzc660793209,153
rgsp711179694,185
mgwa703281293,140
ocaq223430805,18
iddj744734451,173
upcr571330801,113
vejz737254662,23
xqea624438448,228
hfyr025706999,166
eexz639427252,148
ankb429546930,85
lnos344760485,123
dzrb146302595,83
pkmv942445376,160
onjw778494887,86
elxo312050421,85
fbsi650661646,150
eqnp537334348,146
nmwf254251138,119
obhk330894024,186
gptx352729205,235
xpjx889757752,172
hsje880739777,83
avbn538742565,128
jrrx449019756,173
gdqo297502921,163
fqlg576067980,112
orlz040273071,128
ehdv595959388,83
nisd478997972,124
rfae838221177,108
mkqh515399375,164
egjx492143880,203
okuy723798907,144
umpx554983941,180
fmnf789184799,74
yzfv193481344,136
ioqs144419986,135
vvgw032244127,143
ollc449832964,90
bgox009151608,213
ggrl388457940,82
fgay081560969,208
ldyp732621097,102
ejys228570675,238
lchc743142615,168
sxje203454411,98
qmkl286104488,92
tufv207051044,31
fazr958912719,137
ejnn047402518,124
zrxk491664555,30
jzky189386003,131
qhdq735184032,145
hdod305808855,150
lxxs857381857,148
jeau056053550,67
veix831243767,148
pjmt592464049,141
fvlm861585334,115
mksq013788859,46
mfdg533594970,208
xikt673672534,135
vayi374266108,143
lymo780690037,40
tlpt329843818,192
ttyc381610525,122
edta275272506,90
umwb282681645,112
hnbz760456202,165
esan471033638,235
elzz113070827,140
otsf184239306,130
fpxb903319408,158
rovv109035543,138
nbof144463663,106
erbl417852509,163
xcbb108381550,170
qjby753137323,189
vwol135906614,215
etad169605658,10
ymtl847912067,149
sjhm813895164,118
zbjl995123419,92
fwdr170708459,68
eoxt881287989,77
fgjf175111996,109
atok450706888,30
xdyv366049505,132
qjvp831630318,125
wsmq657749495,75
plvw593228907,153
xsja630658094,102
mqxq366875033,93
pngh451862885,207
esff455075685,161
bunz243709203,89
qeqf343147201,180
zkwg967178914,148
hrcw749273798,155
ypej072005918,206
srst697120833,137
vxya487505194,210
znjh918953858,148
qikd891033711,142
ezhs233640423,151
qfyg056606623,137
nzze555002428,82
npwp750364427,19
alzn705644416,94
ubkg371990062,78
oqqt915854143,105
rayt160303039,142
tbir967533837,186
ycsl989953021,123
smll693035969,98
fboi309472307,76
fuzs003469418,76
eybj999618707,32
iysi173730861,93
qvyh419822859,143
rhcu717757209,83
mpse828678593,103
sbsf671857067,158
onli571111614,17
tvxc938324737,124
rdfv655785975,112
tclr281979103,80
vrdu600114539,132
tttk327284213,188
jjmu292567099,67
uroo333845797,144
vefo656172386,185
pzcw595267114,110
dmjn206116693,146
cish728808853,167
svgu387419475,124
oqcz581368254,75
xxkn444799020,122
akwi849229872,84
kzcj358269471,166
rbgt126545378,36
kdkv968634322,26
lmkt673229384,27
cwsa760455389,86
lkzi968227110,143
lnnc390287447,88
ifkk199290866,107
ndeq934395952,125
akhl416471066,132
umnc256303688,126
fiwh544726289,102
fhuy012073546,142
xuym291129272,124
djzq650743058,49
nubj109069893,117
vtvb361332874,142
kaow244311510,109
xgjh159149966,50
mymf359104790,55
pesk811465455,83
pjdg010130707,158
pdpb887847387,138
lxvp090595708,92
lsdx747269058,115
icoy990073604,93
ahkl973908246,39
cqow981141415,105
cprj546668551,191
uesu430336991,64
sjzm753195134,19
pegl911130627,138
jbyz811565971,175
fuio656543270,131
dnjw554042388,106
ycww019194977,22
filk934689808,113
ldgk878605824,34
cqew359642318,171
tnxh142864723,142
ntpr942488646,182
qhpr101687629,223
uotw318042239,138
hytg783524677,132
mrzz961345303,180
qtmr283399409,177
tdnj572343280,83
nzfe738577846,123
rtma396889565,117
xpoj084196768,195
dbun869349983,86
omlc467250527,244
tqng495025705,168
mxos730330479,134
uzup446488581,71
zdar980077063,104
hjvp766472666,77
cdyc864660941,97
rocp453264144,12
rjeb558194962,174
ffsl177995727,103
bvny638496816,162
biuv823381106,153
wgdl816679891,84
qvcn978974517,99
kdws610898222,119
uohu481433631,179
xtpk521272148,54
bblh433949369,120
rkhd909385912,148
aoeo269171138,154
dxpw534640490,107
rowm446357884,222
sbgo191642353,127
nvfv468272281,63
iqcg422664135,148
rpli408820275,73
ixmt795354121,149
lrbs508972215,177
pwkf793601329,148
pzou675609539,220
cdeh515677490,157
zjcf732007111,138
msoy423940939,152
dpjl265252304,64
kayr990174091,245
sivm092091371,108
ewta989397346,132
zcnt889900029,145
rlhr880330735,213
gzzf712707208,124
aqnu839767348,33
xqzx544987787,105
vcng016825682,162
gvom622633490,243
hwtj601449781,172
pcns545620018,18
buva986192885,112
znmw251674351,207
nezk707234393,168
gpzd261820041,27
enqe362930855,123
uraq314683092,83
ddfg424976929,88
vyfg399924829,163
kjge798982329,115
usdp865023261,137
cwrr452509714,164
sgzz074674057,157
qonz150048963,143
iokk606848918,63
cvkn761059003,86
gbns215128969,83
lhmp228756061,48
ohuk643122582,41
zqhz097117471,166
vfny871489843,93
nvpv827820709,128
ozwj047155968,178
yxil480629204,108
kqea025740284,270
sovm267325168,79
leev355774871,98
cipw419926802,132
ndud536052770,78
xofs855870158,156
pohh879315001,118
gonu766718947,157
mjft689538141,124
voxm012858569,60
aacu540600648,135
bper944108915,112
jeph289606541,66
dkfo902362640,221
gwwt157276663,158
aeem309847683,15
kcgm521671054,187
xfqm518738727,74
qdqi561879841,73
beoi372055967,82
woaa566106008,80
kqav168924636,167
lxjg655409573,95
dltb899812387,176
mrvh742649892,77
jsry362946325,76
bbww086769070,98
cqde220307283,186
eamo992761731,30
yarn938765824,112
ytbu502219860,57
rtax309312065,52
fhhx062551058,99
jflo764198772,114
wuar906423678,268
xyux587650357,132
xtmi982610475,123
kzue338945637,66
tntn990884589,130
hnbj163021541,206
ysxl957991993,82
thju288340896,133
itqy800080777,126
xtpi289288572,144
oxyg997396309,68
ambn600923090,212
mldy202598467,135
yabz775529646,162
tjoo986901183,202
cwxe371314456,93
meoo665102392,62
tozf079073856,163
nqsq009002428,114
ytnx524268507,105
ofjm616798230,31
juwb086206992,263
onge561430742,122
pvso007838887,53
voxy613306914,177
meui114426872,98
yngt558202456,90
bpdb729797497,86
zksd720112225,40
mlrj919294411,121
jzdt752847988,133
ugcw359973331,101
trwd920026931,28
aweo715857542,101
resd897585132,142
jhxl117807594,23
mdrw220256707,213
eadj689066399,207
bzoy784494563,177
rzif836834585,218
cmfu378723625,113
dnzw353217736,85
dugj420265012,88
mrzm651728798,148
gort891076948,248
gqlf239400082,52
wwic979353329,140
usnf079106904,153
hmhr117115991,137
ktco485090134,196
spgs849458466,39
inqh670278948,191
irri215528460,98
ulqi991235116,146
cjtx810314549,156
aagk068425859,123
ogvc498513867,110
yzck343799954,190
hrfo420920445,109
oupu304603703,111
ehih295858427,87
xxhr486275978,90
nfbk561499899,203
twlu124625778,77
kiix089297000,202
ggni394136941,143
yufs538441827,77
wsnw817316194,134
gfpy197924513,181
exzf758776292,202
vsjm198171970,160
vnrp196488469,117
nxka852359003,7
fbtq138780221,191
grpn502241433,233
ujgo185664684,126
txzf234680007,132
jmqm890010972,117
orsk957148006,174
ruaq740636630,165
ntxb782618112,70
zpmi119136755,108
wmqq785455881,178
zkec470216507,128
ehpj545504276,142
mkji065765893,104
idqm792344847,242
wgbi401042513,119
rwme593029829,19
mvko060740815,130
cpkq389715149,117
djck547199593,138
jebc149216298,95
cccm380810042,116
splg099408667,97
tdwg928817138,146
vcyy730880191,82
uabd225679132,82
jkag585952388,136
iqcp144480352,70
wwbj912721311,182
dkpr858624761,127
mhld550215775,108
xcix069023603,143
nhbi466820733,129
clzv667418328,168
elnj411550339,143
aglu242133486,228
loqm587123134,178
zrvn934519715,231
vvhz415903250,144
qlcq389892878,72
eefs714541222,213
iesv803836467,54
skad058804518,77
ulli785835550,39
yksp567842062,150
useg290616784,134
cecq541771119,137
luxi634263950,78
laul148677224,103
ovpv306166377,47
vpts208424071,43
ngmy725061768,142
joaq393844736,169
idhy449329239,191
xhhd212639899,87
ciur517475645,209
njjz444553233,128
sejq648514375,126
inya106822058,138
wsmo794377833,116
vwuf824500694,126
wuzo424201828,139
yuyt125187285,162
bnmn645219561,86
nnzs407656988,141
cinb907165540,97
hudb411687713,106
iujq184016992,257
dbsh573910271,211
niav068705622,202
gnls987852496,139
mmlw683451177,90
vfep208509384,119
jvbt363634969,115
azct174172689,161
lkpx328347065,122
saxg357155076,93
fknd925733303,72
cwdd588331667,13
ewtg201079143,165
scpo958222782,145
xlra606710011,205
btaq372474038,94
tgws145674844,114
pgac778704906,170
bvxn259458730,103
eupr494962428,39
yxxk050942096,148
dqsr947198754,140
hovg088392063,141
camg953090129,207
wals185205617,89
prhb671343583,123
mzgr296286556,138
gijc424115203,61
igal552677619,126
coxp247381885,189
kwkc497052259,202
bceg063391986,224
iepb547375803,47
fxto844511261,131
lwlq054721819,82
bmoy311365459,109
btct045216052,268
ufyc728657371,116
eivd928519495,88
ehmj852096245,107
vflf297608903,113
hhbh617662104,146
jdzj274597177,102
armg512754437,198
hvkm684406151,127
mbdh056746886,77
autz541931037,215
nhbe255623249,118
rebq064623384,90
zomh192092914,177
hryr788156390,131
jyao725748867,30
pspp986024367,223
krdn598175042,136
pchg764195182,72
wycf859513031,82
dvgj787509899,173
vacd937625703,134
rfyn371970401,77
kpxe671447954,88
zyhj814050821,52
zenk883329403,64
qzzi522800556,78
yput761194599,70
xyak042611874,141
cyjc875929029,90
isfh854055904,143
yqjn324334520,68
rfnu869193525,208
ucqb432463635,108
popm682808633,209
lrgh668335068,71
qqih878659077,182
xour156364137,139
dhtb600276172,97
idla169749157,88
zinx714325976,52
afnb790891325,131
znqr746896540,129
qema475902486,167
vxuk986192919,165
zfeq051683491,147
lxdr283479150,127
szuz074260990,182
vmiq456454498,71
zdyf253802824,57
oulj779740733,81
tyja766517437,90
kfvp769283203,138
wvxh830142252,133
hntw967004808,121
xvcl028909401,97
lftj528880021,218
hiba010712793,185
imdw944474668,142
cbuu350572181,207
edae690569031,145
tbxm807316167,123
veja360172075,115
gltj013551590,215
door209053561,231
tikm204340103,196
kcsv369509251,102
kufk980230182,182
csia481907136,123
wtbg247458913,123
ejye632144790,50
zynd582490948,137
eysc169235735,35
dnwa741297905,67
jzkp937924827,123
hojm777953678,215
yuva627777584,115
jlxt645330061,120
ipbu140780138,148
yypx853523768,58
vqpi471955258,165
ebmn344153867,130
djuw850951598,77
gmnf795351017,251
xobv136761541,143
keav407871306,113
kwxj783871923,65
etth870492199,64
bxhj788307225,157
omrm715403378,114
xofd766292916,123
ucrt909004577,113
spnu926432457,109
bsxf196889097,122
fcau876812786,245
dial083812996,170
xxaw902377739,99
nvfd825538318,58
olfo188146200,170
olqy171733406,133
mglj001500966,212
kowx406906323,251
eeau230135896,182
psqd585775679,200
tfvo560650800,133
uvbd064491768,166
pwdn324475294,59
mesr784897494,133
rhjn871428109,143
omlb479113215,63
axuy170729058,106
wial901626469,143
hqud375357403,157
kric153367050,136
ufvj327407103,72
ogyi672381373,106
pvub576308637,16
vsll999760115,93
lndp998926475,92
wgjm534154517,168
qvmr345476148,97
iekk583033118,107
xjgo667099103,138
mtem784875713,59
fsbk993763851,62
wptm779989611,145
rnmf699392845,190
goew411258335,112
jjdi693679194,137
rsre481936906,19
jmak315126081,97
witr239759175,136
ecza275698195,208
muia414086672,75
pesb115978753,125
mjps079763939,261
ebun404130511,53
uptc911300919,123
aobv332687937,124
hxgp530512170,85
cfis048337481,146
kdic327671543,102
uhqh296440448,203
eevo600908538,103
ovsn233376220,57
gcun858222062,148
npuf102182442,136
ctgt358734918,73
vtsj645844549,186
nlyg100081723,167
nfid914392678,62
dvfb347934900,31
exbj753164466,138
ggqb834358385,207
xxuz429404673,155
rugl772753351,95
haph703941441,138
nxyj327683053,168
ypbf026787723,122
itmw665677311,138
bqrb958573964,113
issb135937428,137
lzqk298399240,85
ocik398608443,107
zysj704750382,142
htxx093727565,73
zaic549715207,18
pwii841921853,85
rrlt454150349,128
nnvq413920201,213
zfjw960724444,172
brmo937839788,77
lfls287596013,118
swwn115608297,110
rcko640008022,94
akal255740077,87
yfmh127143310,107
bece295998683,72
lafi088744184,168
pcyz175163778,14
hzxu922486011,221
iiuq788264955,50
sftd971547010,164
hafu488210671,106
xmey405009311,127
vqwy587320836,95
thna285566041,168
cpwc413452764,120
hker377504615,32
tvfe688192522,80
gcma194277033,138
yfyo328999582,142
ffaz273951436,146
hhbx336569894,52
ojqs782899088,144
mhul363663410,132
bfad288600581,200
xjmz331945500,15
ivfs709610547,74
dhgw240998818,100
tnkr328701826,133
upwf682117528,61
higy134377501,94
mibz258463527,105
icum943704671,152
xfgb903905753,171
qnrt481893171,128
bjih197922674,13
lzrs135422934,102
oced305917212,172
fjbk008838628,49
wvud149352851,58
bodj261390664,173
ajig008621194,127
weht174449699,118
shnp776717203,163
dulc053530132,19
envn940021155,89
jxnt013895048,113
nhcp078832544,123
ytlh346393018,47
jthh363774386,195
vcby717453404,23
uetk950230011,182
ickb926920677,133
npmh177002925,18
nyrz953102978,145
lhoc447196926,120
mnwl201517138,111
cmbp999852733,96
tpyn733790057,119
ymvw071232848,145
iafr346941531,107
zwgi883882383,157
dlfr934478263,125
kzxt246292400,100
srmm171446607,110
unzb566758446,137
otys989821173,196
sqnw304854694,17
orag939999614,74
asvm213760019,75
aahf239075270,163
adnk436168527,103
tdsu413953181,148
wobv722520153,177
uwng964950874,254
uhzk603807794,137
nrvz725530125,85
sime670005478,133
oxqf644285057,160
yivd652703231,118
trly521928544,221
bvrs259614050,94
eiii569285261,60
fmkn305803090,49
sgxr702052541,112
sdza113044861,145
szec142492566,162
cpbd978017666,92
zfgm384341821,33
kdnj390004579,30
knxo608080824,182
gjui686373188,192
ittq171434076,107
gkdu175553994,115
audt155091934,72
zowb414488936,94
gqum219132291,29
lzzv584021491,11
jkwc698444575,78
lmrt878424384,53
hikm502090122,142
npbk489532295,249
egtq352400568,106
szwh238781826,132
dyiy762763003,94
eqdm878556010,163
ecob405030795,1
swup426487430,13
uzvn779350390,79
sskg911834352,103
wvey482795715,147
zccd504993507,159
wdgv888847380,169
fxjy145044659,92
etfp721695834,133
fdil690732248,125
mgov207628479,126
ehuq190936982,165
cceh771130503,63
jinu586797304,69
pefn756282398,161
wwis644359539,133
fbzq655936961,223
xguv543750840,127
ffhj943360455,118
cfyz652369543,237
rrgr092597213,132
oypm442675363,18
htyd073799235,167
uwyb916198472,26
hzgh331320449,206
kbgn813672006,104
uswq289009770,137
evbd704886929,145
lhsn501411537,64
wpvi965363727,93
jrvd455085982,103
lrbh995043303,163
ccsz092153897,152
exgx227290001,97
pfqp484277721,145
nsgc153190528,124
xjnm402770880,77
zfaf473965091,188
pgbs377769172,167
tsje268776097,92
gtvf247087372,248
mitv539122246,108
wzqm392542253,139
aacr165500044,163
rdhn402254067,142
hcsp950317388,128
hgyf441643062,138
nclp440732180,137
fimz266842700,125
kejf904258593,142
nbrz146076310,101
kjer591465294,129
kbsb706978513,210
lbxb472128547,16
rrkl843180545,132
orek280275531,103
uwwr366877654,178
fexe533999849,127
sixt698155777,228
aagp176989136,127
knit305018670,202
bcpg179655852,61
mjob689490230,131
qtaf563772578,146
rwbr109441538,48
lbrq632863890,147
izra412093128,143
bwdr025423036,29
rgza831702250,198
mwtq931677849,171
mzee414087558,192
weeh360114918,174
xbup331589366,21
fdoi386954528,96
vgny143161530,126
ilyc247245966,144
ansz378204208,171
irlu556604107,87
epkl703507126,119
pujc575207716,171
juwg528230665,25
oibd178759419,194
dyuz620995427,140
juhi120471779,189
podr151755902,168
ovkp157439554,100
lakq912322393,107
uisf735766465,167
wbjv292312758,87
ysbh330827638,146
uoff640217122,137
jgmm945848837,153
llvz083378557,18
tzkm288426085,216
pxcc538932592,173
lhvj794833960,179
oeqo013778940,154
srzg538492043,90
gpud752349472,197
midl326095858,183
zdlp287806813,129
umcf639291400,108
zjqf847771333,125
dquq532954129,153
tcpu137312966,139
fwzm892912490,143
doip401578377,146
guwi047512900,133
ehkn962464927,185
chhk539572231,130
gohi805255724,80
jsxz436452461,97
fbbm521623761,68
hovl897360551,87
syyf711045630,131
otxb627894209,92
xung550108070,77
kfeo370539757,155
wtwt580208184,183
hshr435929951,193
nigy662516335,50
vzlx072700700,158
ufwm819353053,107
pzgd991877945,144
qwkb403673100,54
aksi275084879,83
wqnv160139273,127
neij029842610,83
bamo017855502,130
bkwh931470922,143
vrzw666747174,126
ennm702688325,149
qjhn731192115,137
lwdv505515983,153
xpyj623966140,113
mnao675800970,172
nctm954603527,83
rizi170054338,83
pxuq851050308,137
lvvc091855521,157
lkfm855651628,248
lrme754608174,52
jzyu709844327,125
uvin463629252,138
mdgt048462205,97
etae409719618,193
pyow087622583,150
iyrd904316348,117
xvfl503082904,192
pcur079214554,93
hxpa585358111,142
okcb951516241,240
cmhp135733819,147
yatl156221274,78
zrmz038311658,135
odhl837895110,57
kdff760018792,181
qtci369042035,117
glpz144251893,77
ancp526801947,271
juyq863788749,78
nhag944046087,130
yzgj663804450,201
oiis558882038,57
nhov334050080,97
cpim538127314,76
nkeh291098900,138
iybt403878809,95
iire165588619,152
gonm878998789,196
vyiu703839898,117
oxqb802943054,261
zprd201876838,137
xdpv399399151,49
akps636669665,271
nmmo336260967,130
novg113243240,50
llxm782310594,146
faps861844511,123
pxdh596644241,121
opkx432536106,99
mqth833869702,74
simd143212536,21
aoii544507702,163
sxze538395328,72
givw209818293,207
vrqj047443134,30
zygv510019350,88
evau446476219,263
gdty216170013,145
ygpv367457721,81
vmyj555120908,93
pxbt556155104,85
cneu199700442,163
tbbz809645027,170
zqos751144174,80
ktjz690249432,142
aojs000578281,179
ducz891405066,137
qije529535903,182
akdc879361153,155
jajn336239845,175
khyo376623420,130
ouqi383560901,106
dxjj035522445,143
anhq743029676,71
qmfv567109644,222
kdkj810612915,166
jhsz762951060,92
lftm485282704,115
jurw433820030,128
kati122073281,120
bxgp669870958,129
eywg603645733,85
obhd330730664,72
jahp381439670,138
bekj688116321,137
bdep589433865,163
tmzp926684659,34
bqoc434234525,221
dhiy163765676,187
uitk708046849,188
sjlm057802066,138
dufj042112665,121
aftx969975167,212
wasq062519140,118
dvjg954952420,187
fwsz969327975,141
nhyh509612536,23
eeqd618069112,25
ciyt712631784,232
lzwm734852297,127
kcvv696578636,179
msac286953989,129
rpho248031211,168
mmhw229927651,77
hgxb251235865,109
hfkq377169052,180
luaf727346447,102
bxmf093372841,147
yjvg688515253,92
wrsu169527134,40
elqr779705336,83
zhlc088532117,159
qavx332910721,121
ljcj633420551,122
hovt519107296,71
gdrs981969993,102
qbhl436015045,108
jkwt600989874,151
urbz075072095,149
mfrz602195028,128
wyll745685757,137
myyp823755243,147
rvvh277749202,83
tutk173513934,172
cwho668776108,110
wukj497465423,190
thsx286275698,87
xszm987442215,222
cmsb960669457,127
mtbb032713787,95
xhkz671163558,103
ashy533858529,66
itgf728418266,83
veyf047767885,66
onah149815613,188
okmw038002312,58
nfte861947790,188
exgb058514299,103
qiix331826049,41
wawq412490479,204
fnrx361146474,123
wswu920680503,82
jwjv689808958,190
iibm025076344,81
rezi997049498,210
xmfi645780271,142
cvnv757464371,108
bumd508409446,97
nuoi153115350,107
wcab525513174,198
gvsq763130973,95
uscb585258172,16
wklc499356162,108
kcku702290706,22
xtzx935579974,102
dwcj089840887,178
mcux522395634,179
hyrd840171791,78
uduq655974607,157
dcxk256945196,50
dwlz016300561,98
cwgr337385414,132
buit713959389,142
wubz265962492,137
riro786374209,52
xmui252054335,140
erka511930245,108
yusp024577165,153
grlx445953950,72
imka775243631,14
vrck498309249,99
zhth251980177,163
sdho488534369,129
vgxm027187520,88
vlps940630400,185
xgyt721732547,131
gnkl651807066,93
awmz716968068,171
qhzs156052145,73
xafv217729924,97
yary770279471,63
vuuy122591345,118
cebf327540251,174
kwvy304728219,137
tebb208561638,106
caxs045026477,130
skwl999652011,125
lyzm820133711,153
zmiu334321930,156
rkyk620075916,92
datw877885168,88
omjd287196783,188
nmiq375491417,187
lzsj487914748,130
dqav092693887,63
wvfj292014500,170
hdfp873360113,46
zgzx341839156,100
wkhh556673406,87
fhay374971571,95
degb468487930,161
dmyt259420276,59
ojos838413200,177
zjce057771086,183
cdfv665086585,148
vici763517921,138
ddoc224929881,120
yncj860909123,128
ovng097507066,125
cxoh923434164,87
odqm887393545,69
exgx271034257,128
lnjv016440259,172
xiat380324694,187
rgzy735923646,106
fstz919677032,105
eiyh291265942,85
yomk997809848,178
lyxu346702244,99
ltog739495117,216
mqnq003542139,160
dwvx962492294,182
fdla196999509,200
pkcf747532448,211
sylf093590475,97
outd529154694,235
lpru818455854,82
gwlt066721712,140
dhjq470768896,108
trah621791641,258
lvgv338820517,73
dohn243235821,190
kial568845671,248
ylez272133561,33
oqyl791940098,132
esdm913527511,107
oiig443341281,157
vacp953085749,155
uyxq295620809,97
rtvv592143095,178
tzwt977235956,184
qhlx446471652,78
ohda710813915,68
sjob253203675,271
yyhw997008886,91
qhcf598391263,62
pffw580014559,141
kpry896022635,142
rpem753017160,190
oupm840106851,197
mshp585828074,231
gbfu186943658,141
vdmb914685653,158
rdoe736096278,129
eyrp487824561,29
pvys203536567,132
zvfa051692979,128
mlne720701575,34
faxh600888934,118
soph139717052,246
atgm830276672,23
psfc756049720,115
ntiq201890343,144
pdjt800642635,15
sizt278862245,212
amgk405384833,222
wlds259176633,113
yfbd420158296,169
tjpp672311169,57
gmwn690508695,67
sapq040347793,137
ftlx669245551,123
rffq114775197,180
uwbp232913051,99
wsuk511283771,223
rawf346576420,73
vxse649479774,136
kirp478112801,72
agce619900418,117
qspq930470223,161
krvd292711949,75
ietx556806081,108
dlrk038884851,200
gegf052363842,131
xdsw194506568,132
gajj990211049,137
phzz899662888,75
cesx189531513,102
eopo259611867,58
hygc532877453,85
gfdi872689614,113
sjcq243197175,146
gjtg048745596,60
qrur735534214,125
tsrz518265339,135
ffpl209862764,208
zqiy370302426,135
hbof719621663,110
snui034524495,192
nwkw918896730,65
igyv889848949,116
resh983682107,242
mhds970348694,37
vunr677766457,138
iwxr275792947,189
mxke979079388,91
olgb364395160,108
ytzx173745609,119
kfuu071327830,82
zsab822695171,105
vwqq733045340,211
pstc530027519,241
tbia108696608,73
guds857242985,63
ydqi915449653,103
phgi090842405,83
wyxd710447047,171
flff057405796,170
dkyg098117958,180
qurr798153447,137
jkpy879179297,98
jwqv432967123,95
mpel302559803,240
meag694036315,148
pvdm796783944,60
nrfq674846195,132
bcpx852485683,153
tlod317404876,244
xvlx898466378,166
lbhn675396487,199
gklg060322801,91
vgzw193823971,36
ieuw528876801,142
xido853136138,125
awfu868893395,143
zahq078147172,128
lyul332908321,152
utta248446565,155
fahb823898334,78
covc667428508,66
nxqo051712337,219
mvkh272409303,196
fhnp874769281,95
vqzw558111953,25
jzkw718791079,157
wxjj510561447,140
xohf241799153,124
mltz286022585,156
ntor804025910,112
pisi587030395,148
rxoj373611363,117
okjg944708060,147
debs140502380,17
dolb807894083,105
hpzf385629515,151
byrz940148885,37
vduy137338110,143
hkms609937162,22
neju937052802,108
fdfk840533970,179
nibe268762859,58
stfl177498689,120
fbkg349293614,100
tcws535201783,129
mnbm033870824,29
ynpl571664044,122
unwu423657976,32
trnk147460561,77
gjbk908806173,74
rgsb044066313,93
ifam826383924,219
dval316706811,20
yaud276334044,156
mhbm153780115,109
xhqo911088189,167
vkil566134643,137
hjcl350235309,142
gbbd486976829,72
czmj292906829,118
xdeq636403413,218
ujsb811754241,119
oakr436162667,43
mswn626840419,142
avgu097756763,167
qevz714494894,163
xjfy596915046,73
upuq670018647,37
kves414755289,21
qqwk453150938,45
sdpg710598428,97
nghz060874969,162
ddrx473451271,59
nqou684951289,155
zaqs710928539,16
urbi683393926,93
lqmr079921358,143
hgwr827949104,120
dwzi960484812,131
gutk275920466,39
tmek673494522,93
cwpc720369504,78
punf257066273,135
voas315448912,149
xftm814857476,247
kstx364324696,78
taoc863327145,92
flfq202261398,194
kdyf794461482,121
jkim698974895,152
stkj907384584,97
nnym266881638,178
hfxq235941763,188
kwpq584839778,208
ekyz229935115,110
khny280158938,120
iqea027046928,117
fmnn905776162,168
difs490517554,126
kesd120837275,91
cbot690287180,72
wdqu666586991,108
krbs902367372,149
nyhi952351743,133
qbph283682125,88
whbc108487428,244
wfiu669344373,81
affl872938332,175
rhwz324062725,150
tdgy458730534,157
choz180747784,49
kppy708470507,80
yhvk137054072,132
zsky712976728,145
vxux462741477,74
ofxn204189510,187
yirq768098330,126
wosj929018126,92
tnmw153852894,113
juzt918160416,209
jqvj651460443,86
waou583355010,248
emxm805049467,126
ibmw057859906,127
ebtq998750819,165
osud810483234,128
mqak578591853,132
zzwo287757654,85
wbcz663806196,214
hiid724736677,60
qmih196791512,176
phxd144875588,98
foiq725196524,93
doia113974896,35
zlwx920004127,143
nwss005014925,101
omco088297216,119
dnmt206026667,160
xowv581931537,142
gftv487034589,181
gxqr486100330,128
uloj599933430,45
ocsy924658757,154
dvoi740109735,163
kprp607964165,174
lnmi334731920,85
whov932781350,73
wqee006187968,68
umoe075619985,26
kinp035543494,148
ohde535718983,113
rmpo304575974,140
ziia875159723,117
yqrv031898597,61
krzt325215234,51
qcgv154806200,220
vbfr447599916,217
mjkk395474030,175
ygbp866274847,202
ybsw202265452,109
yabr302910650,67
uxcx156817739,150
spqt912318914,256
ocht471169874,208
vrsk379767408,145
fsot984531478,27
joko166188465,48
lcml533985936,137
vsly103392861,14
xbqx855559602,150
dvgw841388099,118
ootb602294472,132
icoc721447583,176
gzgb343415260,91
fxyt461362626,114
gvvi138544357,20
wfpf546869623,177
emqh101744189,49
grmz418445566,102
wxjd202584434,157
paom596447615,175
fhhr371128082,143
mvcm038298037,84
nwmu295829619,100
fuxp319558398,174
kdnq626863551,76
jrep749454576,184
eaqk201597691,212
dksl443377204,33
kdlj172951344,64
tpgd155365945,188
bswx335066399,98
qeus916424381,163
lati990423803,132
rwdj344139195,145
wwtd408199439,122
esgb809803152,168
mwmp320435891,122
xdyr016807829,48
kemo651921802,93
jdqq687508947,159
mjyr840124702,112
yqdi435123614,128
hdnc305713385,117
atak888136056,96
uien401868490,152
tbav938661260,137
akcm514304333,56
hsuk906087222,106
eisk327776301,102
hrmn947950332,98
yudp595887905,198
banl306852483,79
lhpc749545643,127
eman776164623,103
pehz364608431,101
cznd837560451,83
qgig047781074,153
bjas739635573,159
urjz886730707,93
yrrm674253811,201
galp883087677,144
zdug806601332,127
layk342109787,219
tfxw460638400,26
asks545267112,35
bpeo905202364,134
rgin351127940,44
ngzu835427684,121
hdow369291834,121
lesx032928671,113
wnli380268596,144
icre121727117,90
otts467537660,56
efvj480879645,79
znam240986230,73
hjni852909069,130
qwxt178548940,179
rlvw669840787,110
xbsm387986187,127
facd445153411,50
kgcw234455082,130
yvfo322547670,111
ctrt611905861,167
hddx693467176,132
iepd496566716,92
trya148628778,124
zjjt991457279,33
shzu288944126,69
qgxk280602104,94
ewqr246921569,113
mfau086012462,153
kzzt094632827,55
eltn265920896,87
eygp925607854,148
suly203063084,181
bork601295778,78
kxos191765430,155
ptji888838490,210
qesw218491722,89
ttin456905095,141
mahr082730051,158
vmvc956019921,189
gefu287498726,93
cqjm309062738,108
hmha554467225,127
xejw036611779,98
vevu943561614,177
hmov834085474,173
ddee490770066,84
pooe269924587,75
ugbt674040475,99
yqui737732249,77
wbgd483619961,188
gmis591393410,95
toks258070466,165
pjsv989034433,100
jcsa038745385,111
qoyj525339276,157
nnww040231887,178
lcqb783664014,93
atwr001607331,114
qhvg655485358,190
zrib145189702,82
iufi289907397,106
nbbh200871517,90
xoie761263936,56
adsj916320602,87
dhqk016880139,14
nyal112769918,77
xuhc454022740,31
zobb394845321,153
hats240034747,75
bslt235641391,143
bisn947489839,147
jomw418470368,111
sltd301158203,257
ascj067931161,124
cpvh181512700,108
nrnz273745962,138
zony306100458,135
dyqr902429759,139
kzsf991608767,92
samk628576160,68
hxuk552490336,51
uzmg204926119,181
vmpt856749457,89
lwdt344970758,165
qoyn913070355,101
vhxd973800551,137
sxzd229647907,54
ofqw115966632,91
nxah199780258,238
pqav221347463,51
vqhp870705369,102
twvq465926554,209
nivi226480109,105
fyiv486723501,185
ajsc700354149,83
aesr938634397,88
yudz152053763,88
nbvr763751355,137
phzl021210785,190
ezpa145346145,175
mfag163060506,113
rjsi593965476,77
etwp073701414,117
avov611871789,172
odby193903714,19
vrbd842003115,186
qhpe245982054,19
roay028288548,233
jcyn251861281,155
kcnp023350855,109
zvwu919035486,32
zpmf378348737,148
prtr728867622,177
zxrx421454232,172
skvg583926051,132
dfez823366094,129
wygg305518319,79
vrhm264680326,52
llmc213979756,147
dhup968178091,132
hprb490212540,131
paxs856881813,257
cgze498822896,129
voqz299054743,152
gbkx849225850,101
rwyw529112799,80
pxfi566239697,152
zqfj482599177,186
rrdt350870799,89
cpax328166213,42
nqim558952377,186
milk042613192,111
bufl516323252,193
ymew781897782,196
mekk257784880,140
gagi282164665,167
wcvg795657940,95
xhfq882811121,206
cdez889480707,127
whwd072139043,68
yifw009177351,79
yzxh393443917,98
twxp779186494,188
pieg561401378,150
xojz548861983,32
zmch541253881,122
ijmw037296515,164
bssc985984130,53
wlqq643567109,19
icbh850636413,82
mtim162887968,157
qrfq871745678,117
cirk715990885,112
euso342744236,86
mplg543427794,49
nang357584705,154
pypc970492718,127
ozis217597517,122
bjon621709618,144
byrv237817080,74
dyib295453319,157
ngrv516139411,141
wzzc000749135,240
ivlq117328560,138
fmjq929102469,106
vrgm900420109,125
vbdj288102540,177
pfil226422461,243
ezlc523531820,103
oijh838681112,207
oxnc253546313,74
pdjn831198730,108
mgot653395976,144
tiul987821085,35
bhyx698405020,112
uudn357870014,114
rspe848498061,83
zreb708003599,123
xiov138698710,77
uyha787334659,194
liij496492678,139
ijqe805676206,118
cqrs783764810,101
uuyb806620811,115
zbsr686737688,147
lyzi219451527,126
gdcz071556372,109
zqrs627435283,29
ckll482467048,169
gbub456375900,168
cqtx125800480,226
cwoq724850263,137
clbi092882656,208
lgaa390426995,100
aakx537010761,9
xxyv376349132,112
wbyy576452242,110
ixfc394375867,86
pcyg098086728,77
iwwb338816604,133
utao866811461,183
tobn284060600,232
kzar441010501,133
ynlb954639920,90
xjmi814000186,137
pnje120406859,87
knqs236762784,147
jdru437366746,128
ijwv297890499,163
skgr381880796,202
czvz716516882,56
dhmj073368840,187
keff053725786,131
xzdn301342241,152
itnd133443302,105
phiu856545125,113
oeke356373138,77
qqcv917389682,25
eqbi301031666,96
tldh872649810,109
ekxg166406347,188
eotw451569705,63
ijxs847054618,122
dqqj718628412,57
wfsm579489091,96
wmkx175577524,49
nhai779666283,184
uqov898762161,238
mqlb513708015,175
msak703550925,111
lppt945837701,72
pbmz261117812,116
suoa611034372,146
ffkx005803698,97
nrxo939661966,92
ctfk588047619,77
xheu788892771,92
iaob291610571,142
szjt111622226,158
tcrq186214714,76
tflo452768222,119
fiiy962731388,155
fobu371978518,167
wbar617839997,88
iwar193875384,120
tivl206077539,163
qkai848336840,152
cjdh731451057,145
gfaw484599131,211
qwur392024868,151
minp293870647,126
gpqj433994996,93
doop575530243,107
odoj334094471,117
xhrk110089840,64
tjel218036671,143
ffui641040768,191
mfxm168196960,183
hngi910222268,18
qpah326452722,163
jfrs772784839,84
nkts168003872,138
idht323579511,75
cqxh540090780,197
tztp056298024,156
chgi520808793,162
bsur216942832,94
idyo378440786,143
hglj502288965,112
dwyr723407263,178
drmb777972007,218
dqbz534241942,12
fnry516547846,118
wkki622963171,122
wudj009134847,140
nxsu803932357,88
egqu144954981,207
jlzo303262022,27
vzns916314737,77
vdmg184189811,86
gvfo776672423,201
wtzo512947272,209
pabj273629799,23
xmpw244127907,180
bggx839181851,132
hujp753757494,116
iawg418776657,14
dugz992518795,161
hjwf793332693,148
pekw906929464,115
ggzp940829169,97
tmsw072190543,167
degy062344413,125
tumx334281337,192
kneb351981942,126
jaru538454426,105
yson417798743,92
arnk114782042,131
dcuw533103121,219
hqxx736343420,74
lpnm878976838,56
ahxr108637926,172
pdsw969640869,112
otpw977425003,55
gkid380088616,58
bjiw936665052,95
wtss396123495,150
ifen370034264,81
uzuw843940508,124
fwqo005613695,134
gikm283547389,100
aoze480350600,192
hhsw255721377,127
wzsg866077796,126
mcbl057966062,137
bqxt962728153,15
dtgo234691036,113
iiqm835291345,204
oxoi948920978,58
dyqf283345199,101
svih082468536,80
cfjx178176126,82
melc398008832,67
hsgc875331166,84
keku272904589,22
kgec153477524,190
jgqi833989374,93
kewd749031008,114
iuqg731438553,137
wglh928631435,105
tdyu318556566,185
lrln811772355,90
lobg166588493,122
neib950015341,99
uipw892195168,168
ctaq082432790,122
nhce820250232,81
euib688895005,119
zkxs465570715,67
ipkz034033491,101
nebj633261928,142
qccg807743053,71
faxs434527749,178
rqid629253223,108
ghxi157639244,174
xrer827041682,98
vuyq992348104,154
dana372428740,94
bwlr899867475,54
udyc589198117,160
bmxj123374398,168
ndhc236811829,127
mqxe231579488,77
uqok673601954,174
vuru419536168,93
kitv833855845,93
rheh947209181,59
oell045430887,145
nxca100086433,120
shpj817706744,80
bwgd846873690,92
phog767763484,232
khgz791288927,210
xwqn074582978,112
hrzy918235148,195
dnyz198671809,168
mtwc589788473,165
ihpn308590249,98
opja530693284,130
ioyu878912498,177
uaam546843206,48
vzww810154959,60
apzs868462202,166
lsri750710415,183
bfth961910549,92
eoww704532010,36
pkfc215480701,107
heql639415753,255
mgto385392227,103
zhlu021732629,73
teny967364154,77
henc740103707,94
mibq461178176,86
deff333183718,192
fwfu379392319,122
lhdb532180396,135
xase256401043,91
qssp810898612,143
qall850171732,83
onqr994369370,150
rklz196365055,208
vfxf404908596,98
zgkd089868580,78
hazx321360747,134
zklv866686158,181
otvo872289048,138
lcyb591394168,83
ocvz413583100,143
tbvy711897026,107
mgyv775028615,137
dcwy841860047,128
szgk798781429,143
ybnd674104711,108
uwyw537158889,75
zrha239101922,164
twdu623439259,22
abjp205678532,125
txrw203696606,144
oddo566089344,90
ibiz061035768,166
oepv308859949,57
ehyh371200446,190
nxlu910164809,83
hwln887691932,143
qtmw014429548,125
tful595521726,25
cfam089321409,133
mmwo412618226,214
rwmr565940162,161
xbtj709639146,88
qfsr801981649,183
bfqz940628648,110
vldi367386140,99
dzle020948199,52
easi108813911,166
azbq595743960,47
vukq193174958,167
hvzu486047080,98
gktd266464754,214
wpve023227774,123
mayo704831121,96
mzht672604838,125
dtuk184774382,211
lpyq257485143,145
pear628978889,62
gcbe231252287,250
czmo242994328,157
hpfg801634666,215
oglk110198290,189
rmxw397015008,117
azwr946717321,167
fxho660082462,147
obhw498097510,170
cqxs433155849,150
kjgv674691399,78
wxep319527897,110
qveo772756310,79
exmr912380245,126
fdio572560598,210
lanj478016781,212
ibzz633425637,105
lmwv602676551,137
yrzo671135884,93
gviu845431212,144
joed818867602,217
pzxj561920473,12
wxsn333500466,108
mfxn824674515,223
dlus304171935,123
dfrd721241122,187
clng109666616,133
nrhx737919574,220
phqq333497482,97
sqbt913591458,57
mfhf530489310,65
rmxe646845987,198
dwih888915335,137
rwee451244942,124
ssgx913093942,105
lqfy549194291,63
uyuo475672495,82
kfdi863779387,128
ykfb266259696,116
odua554485996,212
sxos533668000,80
uuba537259668,223
agfw793037332,116
nepp434962411,142
zorf688187790,190
jdyr020653922,122
jzba846701719,120
vmik767786815,193
lksy165755836,270
llfy967423564,136
utwy654933292,66
athz221080479,143
stky859040900,87
mlys100454433,132
wsam276774295,110
mqnl282564357,176
tiwx932082159,92
dpey830110349,129
eelx904685765,131
qrme092622163,105
lnvi016515119,92
kxqk664142124,92
fgwg019540514,123
wyax587364508,130
fhid814871122,27
xixs634676999,76
vate842858577,26
ekij707456777,228
bjnp402603206,40
fsgk196143667,83
bdxs448393935,133
ykcf068931323,140
ynpr068241702,141
wxeb391641529,127
uxei217732092,144
ljsx145643857,162
hbqp536057459,46
iyws190052767,95
tlpz815201844,198
mfzw770566621,117
rccm616324631,184
lkvr491157671,25
vzof428058486,96
nouu164533826,153
hcsy076856192,103
gpnj598431319,148
wuzf796836874,192
vpcm604881333,77
wnnx611115170,116
lisn502358118,105
uimh773390111,138
wbhm884911546,140
mkez677911628,63
qebc241203555,31
mkpa182440997,132
rgpq887248641,159
mdgd705848160,96
wfil534609822,99
uuil439856493,88
krqg349019674,136
dljd778036823,128
ncwx682697219,57
tuue597674751,88
zyvu529117333,173
mwec902427320,123
pmhp747959122,194
sqxw485816759,54
droj979031172,176
mtdi211739136,65
xopn119827262,174
ocvn263737827,69
mbuk158923487,213
chjy721435661,139
uvik313082547,209
wfcx208059100,132
vrsm325575083,77
btpp733933115,114
smti125719471,69
dupt809280302,116
dcoe574729228,133
netl427161154,191
pwmc704225943,51
uhsq212658833,79
ahav615240494,77
myqj293413444,114
oeyr012632445,199
wqhl678786873,126
amvb367623827,90
zbwu262550485,110
mmqh223632833,176
tocv635838131,228
ccqa623523614,85
ktma979232751,119
qtnx136677971,33
ttmg104223671,214
jxti969479723,23
uvby889698198,112
njnh169434060,88
lsko015176610,61
zjln391683820,67
bijo695382382,185
hgyy543312058,52
qknx445133757,45
ckgc509168539,226
rqyi446562166,52
howb399367504,105
gfyn656417133,22
jcnx774107686,165
veli687344105,96
htgs015967427,177
qfyq588144408,49
zdds382137646,119
sgxb558395069,173
sbuk205463316,83
ixwm687344334,187
hmqi105535160,87
zweg842105772,114
lagh001636313,97
mmyy376771397,153
bfkc333541881,237
wqdw577385733,75
rvoe416513075,67
zxpp569951769,98
twhc351555839,49
qosd749663226,189
escb278973515,132
yfoo132470004,172
evqz486030298,97
kboi368330028,149
mnna020772149,50
wdeb416654718,95
aabx020665819,195
ramc314040849,233
mzkt751015521,139
vbqc142161987,93
uebk212841983,138
kkdn949498140,104
bsao702337223,147
mtrb345385405,143
xlhw150847993,98
kffz743500833,190
mwtd038784850,165
cjts467555241,101
nsaq088175607,139
tskq537387384,92
yqqk851906520,65
yytz999601031,113
cziz373555089,172
rdgj252432567,124
twtz176325257,163
seww512174361,73
emsd217404550,138
njpg593335371,116
lnwe948321663,197
vahe679295368,142
chjl454029372,95
rkbd540550673,150
kqmy819166789,116
ezbt986929440,170
wmkd564193283,201
gefb810111534,188
bgsc021190229,115
awob011578645,77
ogfz168809951,92
giib233991995,68
padk750324030,108
vdrl415151704,107
fbef477458653,132
kvlu154098579,153
kowv141278827,68
aoek460796479,143
ebzw205203011,131
kcry864396527,25
zsoy275918439,148
negu413233431,17
gmhn676402014,87
iirw353043167,239
cnuw864406249,96
xzar640086898,116
gcih640597755,63
ckvv311892968,132
xpsx573043057,77
nbaf168361745,139
uyvs946896553,88
bxmi920090739,123
iiyu960557319,81
jebt353521868,103
fyrr003424146,97
qznk741415936,159
ijca634897483,208
fxho647658614,263
wjip931348885,119
obzp031189526,111
neof291952979,96
kbom293110923,59
locg160621866,192
ofmo373900760,106
mxzl896660881,212
qpgr745102950,97
hnbz920735742,167
ynfz955925062,24
mzss951222515,41
ahbo999260033,105
yqae045851618,243
atbb537117140,109
vvln544515076,243
ifuy622920506,156
gfrj470113460,94
drfx243197563,85
nvbv213028827,93
ykzl677341834,182
obhn191372990,89
hruv927409900,57
kxns139784853,112
elrd114458435,33
wycb666842698,93
wvrw273690017,147
bqql114590469,172
nzzl571165921,142
hbff993384874,128
abpw773665375,112
lafp129078547,114
svtu504775390,92
vava784806040,97
yopd955872525,87
sjxo711008988,29
euuf380377059,98
luvm430095709,136
gveo476225359,92
zesn982544362,49
rdvm964901040,130
ptfi927317538,93
azek847922038,167
jzai589442226,60
pllz731037942,98
wuww763843141,88
omvc949757451,95
fopn847773397,121
eacv047796565,48
piqx200659798,167
elms712950269,148
gjyd578143740,15
zbkm679615255,123
btdi771865604,87
oybn030208236,194
rfzl742247832,101
lagh593600826,74
yhbf458033841,23
dfuq106883081,146
tgxr668341293,97
rgwl330049489,72
ehua540394913,157
ihpe613852340,71
vmew119250073,182
vaqn317495936,30
wrbt830073996,45
uxtm759566906,72
nxxk153186687,156
wzfh813784454,174
shtb791725946,112
hjub897781144,101
iyyb050873300,178
ydjt447566238,207
jgmb574934808,255
fhkp096778178,132
mdxu632875570,150
lkgm172836081,165
lgbe622922700,73
ncif696389138,90
tpyn838968947,217
iuxk922914732,98
ggvm158187249,108
ckdq639510422,197
pugr190430282,92
ymbn105773062,140
onny386721630,88
lvyo692349637,108
widl430862905,92
xrkh213034830,268
pvwt771036753,89
wdmy025013945,96
gvzn942465897,127
cgqh731557851,77
olqi997368359,53
yujn919388831,152
rsiu953298987,98
uplx446104766,113
pspx555571984,182
fizo970512639,51
ylld641740556,223
afsm428036775,189
mmam235457471,106
hnkl949383099,100
yyqn188999572,175
bogc711739965,122
fkcd410279371,73
ytzv479788691,92
vuru534353451,179
nbyk499234099,18
nysy831686643,117
mela924064973,87
gdfx714131246,148
lyhs974205665,96
giwv654477324,161
yupx742943532,87
ttrn254251255,180
pmzi659585287,23
ptno187404210,52
ndsd119522877,50
dzem639319330,137
ycdc515180983,125
vszz342539325,185
khef613175932,101
kpls357110053,120
hsio060463250,106
xcue824728439,30
vahe867813239,97
tmml344552030,132
qhrq211267366,139
zebk011248961,167
dhyu921637707,94
bzcw012154248,67
carq528367781,86
ittv820443888,116
xoat574161605,78
mery619432724,123
duuj660819985,128
ydhg426267049,80
fscg274189574,103
pmxv516189537,81
shzz444703791,99
cibm382402566,196
zioa539266050,108
tbhk187581412,135
isrm810990604,171
qjje085440771,23
ddyq746063349,214
pfzf461104154,189
rdhh252108625,95
yycu941346501,185
lvhs242129648,137
fztz242505569,153
qllm193133125,85
ajdg102371861,88
elpg002808434,104
itck492115415,144
vurn730900832,210
drwp633091101,119
shbq841945381,245
cocb129980110,138
rehl156627237,189
tlaz915681425,127
ywpe858272837,106
scks042898339,12
mefv405512199,80
oxqp874288651,118
zkrp846061084,134
umei870890212,168
rajf186816112,112
twom068997634,155
qvqk739736337,172
ewhu127031577,123
bbre009988875,125
qhnx990769937,104
jiuj367355520,31
msld186914645,122
sspb454464274,175
xadw729250896,63
nugp600339026,126
ocnu584561236,193
kvpn036554531,111
wlby917704099,216
tiut573173231,143
jpym145454442,133
fdlo560741853,169
zitx794297050,175
juzs384357512,182
cfgb844791744,127
tcvj253586561,107
pslo750461739,210
upja156358286,97
zcxy838529470,131
dosh054735540,137
rdiu588939941,71
ibfc703248302,168
qggb159639291,101
rcaz426090105,97
yawj589275850,229
pllu758297041,191
xlfd947967089,88
vbml145599024,101
svqb149365779,109
wucs264093288,108
ddrv890192194,138
vgto237584728,92
qhms856950183,129
frbf810077244,63
dpkd340903852,58
yhti962912426,163
pvbx431912430,92
ygri955413840,157
clgb166690559,75
druj906330883,137
hiql015051564,111
hvrd695156825,93
ajla570523241,52
bptl308289283,20
atzt544450602,58
wmbt832900258,154
geer774276288,193
mcbv340850356,242
euec299974423,112
lylh914677414,121
amcf836234898,79
tbzf612687327,117
kdgv457168591,133
hvor840771260,185
zlyy453849572,114
ipey737334075,100
kyvp817529673,190
bsju128785966,145
bzbg800734250,153
odui090259007,118
joeb941336981,141
vply720793631,135
ntyx318353687,63
jciw981481126,152
vvdf142495662,151
wwgl654940004,105
hjbk592125948,148
xxjl540401431,161
apwz647112542,31
aeop097903758,127
whej001030644,94
wcli403405839,58
yhzv759199964,53
aktu450223551,138
hecq834707336,157
mqxl213623196,147
koft209106884,143
ekmr803961576,198
ahpk466957859,209
xdoc772814075,179
betn711764010,199
cyim353244356,128
kpui214279290,47
gkxs560770281,51
dvbt845083278,93
khyk303642440,172
nuem118007300,111
hrva917216047,69
jsgn762825386,36
udup962910454,176
kclx458166524,110
xdew046847931,162
envp457784346,144
mjjl487870361,111
cdlk072036431,218
avxr598599896,170
yqhy337572064,138
ibgl609321038,173
mlwe477373037,99
ovhr628564511,72
ejlk615352315,162
wtxb236153532,169
elyj732640482,68
iyzy571056090,185
mxid056627684,158
znbr904768498,60
aihp478161682,124
pybg030463934,96
wbyo064417907,110
dglm325746235,141
kwaz245978068,21
nrpz670180321,202
yreb992703508,134
lqip535305465,87
rehg995426573,124
bhya150421187,92
mtcq677203402,132
wedv270440845,139
ovic961461996,195
lkel672123253,23
xqxi193240308,52
cfhr873344732,64
cyek159795926,172
wygw328440862,112
ycft358065960,81
uxve815125491,152
ziae735373968,122
jfpr392174364,118
fjzy229735248,163
tfpx043918482,160
yrks815185256,88
xftb080171431,148
vdsf131643975,180
tpct599641928,55
wzkb004753598,174
sxjg846372120,22
rnhw013258436,92
yzoq533572697,120
pnke913432614,90
zpxg796594776,147
zflm148014913,108
kxst130517437,31
cyvx958658152,91
barr834039168,142
xgve777072659,208
saos120624504,86
iusx911277861,129
bgav209628701,152
vuqi016795424,88
jhma424127520,163
irbk983560195,143
cjfv356412601,56
opqn320204516,61
ptwc749021643,226
oosf228233902,57
sobd857623304,119
ojaw416884711,63
asas104063227,118
hnag031187177,88
rzco061340692,87
anpk323477584,171
nxes767402819,167
axrh643871292,210
smuu466188375,76
casv972106031,216
bxdc005218284,81
tgmt952347330,77
apdo045165750,123
sfvd013452136,26
ylxm089008350,101
xxpu250147922,125
blic240918670,173
baop359786846,53
sgai548810927,147
dpxk052127220,70
bsyp689363076,221
idap653449720,168
vgdy833042223,182
lonb177035743,155
iomu363499748,120
pzds849728193,147
ioke328314464,138
yymj600061232,88
ikuz023649473,142
zszo625922852,30
fvla222459032,176
upyp867045044,21
rjwz462215238,88
bvyn638869003,78
tosg568352021,219
xfzw940494691,154
qjka639671535,126
zlzs520001925,122
oxeb622170343,66
qjxu498064565,160
jpca447099537,132
moou468519360,163
oekj116781229,142
eqlr178498072,69
vcev619548350,147
lcpy658621546,193
tnza127922451,87
gcda453600741,80
ouxp765474470,83
jigj189865401,125
magg894893542,88
wipi118781292,117
btcv842080770,31
swcv875847628,67
ophj656929819,142
onfy267143924,103
upaj346079864,55
tjna489226038,132
xlod563271912,52
fspy507033318,112
irif705995882,108
rhqy205845149,151
nfzo499391322,82
rbks311948716,178
qtvj310227333,113
vxya052262587,113
mdbl445621091,70
ksuk508906860,88
vamb909699875,246
vsyw415662575,181
rytg799859220,97
wjyi097695229,122
hdxn951839975,91
glew111052843,121
rjmc584650994,237
khrb427304608,165
tfuh938953314,32
vytc196153722,188
olsp761918427,122
nlbf359132461,246
cygf117908282,133
cxvs600718054,168
nknc794639607,170
yjgy899366202,117
ebpf094212965,124
nrxm584860187,105
gyah836121316,45
olsy599411765,159
gwjp481483520,81
enbl307917647,218
copi287322052,133
tccj936071835,171
pnbs414915045,82
tdui729268764,82
ifzu309274182,95
owjm178451792,114
hfcv080045832,193
zynm443215083,231
iptm199609710,234
zjuy355544054,241
lzkq223107084,120
fdax977447229,102
crqo804713242,218
mmet572564722,154
dyas842891014,150
ykap029034670,135
yhsh611152557,107
clcs578391483,136
gabk115555253,140
zlvv653403731,108
qvwm690644651,109
pomj786416282,111
rrof155446034,91
ecgx965643472,232
zzyr279192650,143
kklv305270780,128
bzxi625015382,88
sjit254824175,189
onfy260638183,142
axeq180415862,122
wgut530403162,115
icys517426546,154
rpaf900601456,198
ulah227333142,12
qzrr741577775,73
wziw909588634,171
vgub784661974,79
lrwu747897814,104
spez815736877,75
fhia190013548,123
ixad808398877,40
rgbw910085933,132
xdky483572373,215
upqu132399829,88
bhdn590197191,139
nodh388943224,84
qkca206071039,113
gijr628756587,77
hrgt917251214,193
wgux860924491,75
dvbr312894793,123
qijo029296782,122
dvsf574243173,192
wgtk063036057,218
slsw226350598,197
pyar458484857,114
qxzs813983473,98
nmul979056767,69
ssrp539281227,47
ohyc693359116,140
rxbs017655251,83
ndql948977145,157
mnhq859772742,133
wkjz851417709,201
gebb778380487,92
bjcr901952719,58
zqva964466094,140
gccf677853308,56
izrb136573821,142
pswf410751508,170
zczu966136333,62
obsp470530012,82
gpwo821910552,128
vrgf536349208,122
wgam415370834,128
kdzx732750360,191
qqqk472796309,120
vgko767212948,151
jmdh569430318,221
dglw849102307,77
jxzy294509271,136
oxfo185582700,102
xjyv115152862,140
hjkw916763659,198
rfwz897125261,166
nlfq004199503,113
dkzy244534171,97
cyoz189475414,39
ffrn485756358,110
aesz434858378,140
bnec729990550,53
bybp557420496,179
pldj094474994,123
yxhp230122628,164
ymuj691030464,183
lqkn656904402,185
qfox409215509,138
fqbl389224684,54
hoah591444418,114
gson299177879,148
pbro162700043,97
xajd942839007,65
waif784539868,173
vypi831218235,108
abeg819083373,27
enjk495766222,66
joij159601713,115
ozhf689910471,137
zegy836461094,136
vdoa092678396,246
gqxt554971800,213
kwpe130107692,20
gerk507859004,87
ownt700215154,88
ijhj417094111,131
grpq110405413,91
iodl604936826,123
avep992444868,171
ohyd497928488,182
pcqi034615470,134
igwb614576090,183
qfgg707685554,111
zvfs786466460,104
jxdq917690278,140
ofyy433081334,64
rpzc919169583,152
fbvg865149632,85
kobh415769427,153
jljl513498897,133
ynpl600775492,213
xooq949687483,40
cqbm666062808,112
cuho634092415,55
trcs019197723,118
jsma763709686,202
jann667740581,82
ogli586572196,145
jjfy562001397,163
hoye059203889,136
jgfi990964297,198
royo855877909,138
yaxn869343312,142
mdvg538050840,73
lqha410611674,228
umej594464764,87
vlnk507981563,125
vlgw677301101,115
snzp767526818,132
koma125815722,137
ezxw892794635,91
pxdt726204082,72
wnvp595616056,158
zhdk251195982,141
lxqn820740234,178
wyyy207087358,139
egzz321908013,164
iaby083283307,145
yuna875873321,203
fbgq581266362,82
pyha748732378,75
qgte209072927,133
xsus900402060,129
upzj745009622,173
llga445479031,92
atyx243130276,133
rngs834632247,72
rclg282263866,97
kwqz065770216,137
lpsm047131210,240
pceo283725229,99
ljwc279177310,193
ltes887180603,182
mumb066158507,104
xvua649986286,151
yxfm611302068,87
lkiy608007456,167
domy023509679,162
crmn900324806,173
ppsz267379756,142
ksvh879605338,144
eaba722029713,131
rhsj559164463,107
gjxv667343068,52
lfra932117896,134
vqdz601738014,195
argn632804941,72
zcat525917407,212
qzzo547739015,148
ljwc451664087,206
qtjc880355428,83
nypp957556585,117
hzzl076187248,130
crqy185667394,106
ajyg601019453,208
bhxi821373632,17
plap555080239,72
pcuf286109673,94
fdhx798031873,103
rsxl419358318,77
lfck543488526,143
khto536449516,133
taka119510699,146
ncvi748902615,130
vfds716391762,146
udfq207732817,162
kjil387288764,103
ccmp192452395,99
drsi362287343,233
vmzc672151242,241
siyj524013352,78
nqck585412423,148
mgzr885006779,173
ocpl071521343,110
jfjq424045541,152
zndj657844292,199
aaje176609849,16
saqj255004535,135
lntk953327757,113
gqey132452068,112
nfsx534223551,208
usoq231911551,183
tywo223807484,88
ueeh379759240,111
diyn735065669,83
lhia905814486,239
bwts694285610,232
jqjh299069619,127
slwf963178817,120
ulcn487709995,110
rshf608946668,133
lgbm982602398,103
sywc908464317,131
rgbg828838241,128
tiwn478253071,134
jsoi100964249,166
xxrf310497473,170
vqly983463867,153
krsc142525966,77
xnja722399377,108
yigd073093204,114
lczn569841716,238
pqhc836118952,162
deyv302705748,138
uoai750119993,147
ytcg414660345,147
vtgl625045239,126
mwvq558983505,155
kwvu360220633,109
rxzp150868715,210
jxqu402097654,64
bnhk384601981,75
avby066091077,132
eedk357403801,166
wbki058065030,107
ponq064878487,201
vcch426449724,105
inzj003300354,94
clpt571906070,170
jmta254650854,208
xiyc935847869,19
qife061159669,36
yfhr663433329,127
enad744551724,47
afco213486021,143
aqkn035894547,49
ttzq314291900,82
uxss410119387,27
iutx699658471,122
raxm732871152,63
dwmc488598128,198
vexv853978306,150
pkio768767792,73
ckez352101351,53
yldy816456021,125
udet771814026,75
jbde041385065,107
ttju268883157,177
jiho029580562,82
iivz750256799,197
pvun583520151,148
dyri812221198,143
vxlj924957798,242
dolq007277436,104
guta159966116,53
toxi176379265,67
ucwg297468735,150
rxgr459213342,113
qhjw450649519,225
ojop075100406,95
zufi220963377,109
ster954253829,98
fbuq481192069,179
efkn599177730,233
accs295770903,159
nyfk988854844,168
wfky208108212,176
xmer470270715,93
sakt621411435,122
gncq500101837,78
qhez166114890,151
nguj584699712,142
uzny250644016,95
pbbi310882791,87
dgjo304906633,92
lsfs835968512,94
tzaz736101908,91
hghc402459336,158
agdl485763453,162
mwos625408715,70
yalo087337367,98
xxeg801224846,168
spah918574733,121
shjn651412788,147
dqyy550149336,193
wiqq378608657,66
msmm179276970,77
dtfh470197977,65
edry372895914,75
lany420021821,82
luuq168057918,187
mcmf567900539,91
ehoy354559045,205
zqpg759097219,117
apoa957334491,138
tkhg370598218,151
mvft272134822,126
leok748538889,130
tzuh190945652,147
npgv378075491,269
lptl648128236,79
mphq621333840,53
agce261235672,112
hyni741066688,197
jarb988690448,169
bifq939688689,127
xefh260642218,222
sxty939908627,178
pnir577388988,124
flal740038094,54
eiqg448846633,116
keym983187736,92
xjtq497564347,9
fxen907227355,133
fzow656233819,127
umvj870110058,193
ptsa925102915,137
nkcn355391204,139
ufnx349308564,94
jgqs534858068,34
ttzu172683233,227
omur177321110,157
njxb728938051,142
ppmp353960725,182
bvxb295446902,20
qbvn202543744,98
ppfk338474023,183
swov802751752,172
jpzk014342480,172
wbzp783276360,174
grgh778262615,179
xgjl074280936,170
wdmc023625681,70
nlrl018270737,102
yoba372776575,130
clgz261198394,97
hjtk767516224,123
fmsp969938898,220
dhwy441818066,57
lzxx803686663,140
xnul933877168,84
oaxn022018434,192
ozcn946132027,182
kalx882182853,92
fgwu751851044,99
rubf196842326,81
bcgf183620651,177
dxtw335352642,152
iywq796335449,167
bymm011157888,128
gsfh568078632,87
ojlf262161686,158
dgqf361731636,154
qhel224086615,87
isus519126870,160
rmad640324250,198
jxhp755592470,34
raoy087875184,77
iyuf306793265,166
wyjc139311129,53
ibza386906216,26
svgs392252217,119
lnoi159593483,100
aziv443506066,144
dhdj745025837,136
ejny995273418,212
kraq131117780,174
xlez769845873,123
ntzq255381436,125
awzu890255723,45
mnes768174143,143
lvmf731861753,26
ocbb536143771,62
nzsj659696028,123
pusc063067343,71
amia514850478,148
vhkb320461031,139
igpj909816298,76
apyt524088622,54
nnib183525080,92
iyqf396245480,65
jtbf752766062,72
muga531032413,122
okdq242782018,168
rttv780136704,104
gaza099392755,160
dlav920069297,75
exrk521515985,137
ajwa124945558,71
ujao688556357,135
defu521049833,38
lzpd478710273,119
fios518005912,45
ocxy130212586,172
wuix376509081,147
ngem510953708,83
cnaj103994008,217
kcqo483932493,221
ujul434445579,126
qzlq773658694,107
ammq597359845,78
sqhf317937087,62
brjc777171312,138
fzvo173414205,124
whix931151348,172
bfop017186230,13
lmwq561796701,107
osza769676987,187
lkch371491300,120
eblf306083840,182
brdd685264967,15
ssff650353877,150
nsim247993384,127
oiek870774467,126
zosr854762317,87
rkoj081492256,98
hhvp492981046,108
pqkp550819594,145
xbse448478126,198
ikym615137181,59
ogxz640713738,183
jsfu922422577,65
cfjo721629149,120
sthr016140807,17
rdkh978337271,19
qwqc136547482,80
ejsq642397635,42
kahn010867207,55
hijq233820447,167
wohx949604176,136
ntsk317441672,172
meey274769048,198
bmxu076074814,228
tqfs663403163,170
ctpu870371831,153
mmix625272844,135
wjbv289418121,126
srbd150341571,63
jvks372250271,140
jqlk196500792,27
posj753388945,50
widu697678905,132
mafd055377451,162
pfeb076088840,264
xzob641734433,139
mzpx317915115,73
tgmn418163768,90
tqsk564994784,103
doot063909272,203
uszd581275718,247
lixj844045676,113
cztz485658064,27
xgxx672712775,160
astd405291796,133
gwil290652374,103
gfsj512469640,145
algk393516480,135
gbev794787620,84
zwfz408517432,100
mvzo846127628,25
yqgy660527017,137
zexp945342515,128
fipy901741197,188
nsly728580032,143
csnx120369784,163
hwip110987211,162
hbpo913627131,75
gmtn457683471,123
vsee137795375,53
bzfm736000254,102
wcgx051936607,148
dpck326972297,149
bsxs842594262,31
yuvn832891092,107
sljg287499545,121
mpos990236475,89
tayc795898438,117
tbvz072724361,16
kmfo915470464,108
foxn553754854,134
pvxx181412675,228
ofzk098680010,110
kfok322651966,127
mbpm468797333,109
fdtt535177333,51
ixpq358706586,58
rqbk992704177,175
ojkj746810147,60
hpib443870058,66
lamy935185364,191
vddd601105574,102
yyse236051084,218
fqeq720341798,253
ivmu930675896,134
wykl158965593,77
pqrz711942840,155
wggi034429417,225
wcvy838831488,200
kwky983836500,226
ljru499385207,53
wboz765590826,135
iish409689530,139
ashg006649861,104
tvjn398182872,129
jktq151072952,175
maso846757507,163
zech022820592,80
wpsp351838821,140
mkks539185650,148
yurq205721088,142
czeo486682936,202
lyxr074746170,78
wzdz305718382,79
yyox896258503,246
zyau471560240,63
nfwf799424251,113
xqto929295683,212
fbcu785683950,139
fmzj335484376,34
okun207586620,125
ywqy734397163,148
auui766953780,98
lrrp357822486,117
yrqv417422683,141
clzu729286645,173
yjpv757335165,129
kcyx780673193,181
dmqo170268203,160
ztfl953612963,123
habu207988785,163
xpyu419518109,103
kfto368693551,118
fksq616715487,130
gcwm518682394,92
ietq870457613,242
suud076335027,100
hvsi760909175,134
lrap699440625,185
vkdi129357508,182
fgiy314662495,165
goki598840953,195
cvyo747344353,132
vtcb016227099,128
ycvn100113962,82
ygau099125407,92
wgma676904733,164
tiyi091101357,221
goho096840103,140
hxho636651001,168
byej945918203,124
gvrc256047205,87
hbpr089836168,147
hcuk045037263,87
fstm092114269,102
unlw264498195,217
sulc070698424,114
lsag639931103,83
uibb931593347,18
wiri461296351,62
zsbw295935732,76
sdor644435481,36
moha764767831,82
qgjk039903440,138
fyah084750423,93
xjfi149958948,69
ocmy103116888,34
uxwz251879594,150
pqqg275871320,73
zgus068118551,117
ruyc888755798,139
hysu554959587,118
dsah476865801,90
tnmm476436643,25
hgfs759732094,97
spak190355709,189
krgp292016608,138
jcbt017081493,174
cbmk078636685,146
vqbw028760169,207
ivuh963495098,175
bwtd164928291,102
kdlx093434888,140
tbrl525544155,153
xbpo750223802,103
vsby062826828,75
yovu176483906,198
bpmc561018997,158
dyag706893542,122
lkyh088050303,232
wkma176377448,115
zioc635876655,133
yjez407853136,14
ygeo644225235,48
rzau155362742,129
cfpr558395056,87
kqgy288272904,214
nhjj039725897,138
eacu980348433,149
sknx881512021,77
wlnh551981573,210
ufpu424556327,245
gabm563635276,67
beda724922043,115
kjdn408443717,124
lvrd252456528,108
sgkx889046843,99
wkvi732049074,82
uuvp241006006,109
ynrj724068204,124
awkp468187137,166
ahzy951167385,101
lwar071107705,103
wzng964982790,118
ahan879767771,105
kiml467639997,148
ofav591082128,162
ttlg469850239,19
oaai287655759,33
ddiz475220663,152
ymbu830652275,137
oihr301697332,158
wurn960312595,162
buty660235574,134
bsnv650806793,137
vqfk062756776,263
smzy538409370,141
uqfn530695180,153
dbkt581015249,148
gpxt929949960,260
wxhc070541475,138
qpcc427061968,177
mxpu229889043,49
pkym626999787,191
ngio154191380,148
ugap279555850,124
qxeu518507855,158
cnjf383549516,214
bajp746041960,215
kdwv999200638,87
qxmx170943548,140
fchr323256054,136
mmje173131896,150
lxvj811570980,89
bjlr735816766,26
mrmr593860340,124
fndu691586692,139
yydk056492142,80
ukmp314342668,240
qwhq486776748,243
eino609390327,189
gtbl448815982,108
lgir349660238,134
apcj895769244,71
guva791995716,75
abyy397621960,224
fozp859408611,138
tljc517647319,102
akhk537573246,132
dzsz411765443,54
ashj599514554,109
ynga729141134,165
cdce207121653,167
mmki589631517,181
gdsg097171910,88
kmru377784781,50
zcvj653593145,140
npbf326593124,92
lbua212591154,112
uhpp623003037,100
ebwo538823522,75
zypf441631739,148
igzg499175514,78
eeyk326024665,206
egne083665953,52
plgg022739373,165
uzlg034131007,174
yzts782552718,192
addy737419901,161
odvo117418391,147
yqud871704077,202
mvsm719794304,142
jwkk463595643,192
zjjh206531589,134
llot589721713,123
isvi489535749,84
pgsk721196521,117
fyqh395633834,97
hjkl279210714,189
grjn193489215,192
kkgc246487564,37
qqpj084707327,148
mohu891160157,66
iqlu298263066,145
aydr428938387,205
mwve188116111,140
sgwr691559805,131
jsyi494333814,106
ljlc511722184,174
leac281622309,55
egvy868910298,135
zkay074690942,107
usxr537234283,102
lfih955132361,203
yimc906347782,129
qlfm590999729,195
esda247517690,197
vqju499984718,227
vmeq692006647,84
tcip305658945,136
wnml239505077,212
whji953971217,153
ksdx543811926,49
tvrw783387812,93
qsjb298319260,163
ubet942382848,166
itau682423118,189
ibvc156751211,48
crxa153656085,48
cxxl413804662,177
xeyk596773505,143
vwqm456983995,105
ants227802890,217
dgsq817587458,98
ksec183663656,75
llgq301635646,202
edyq394347221,223
lgyd817206636,187
osjj373860546,23
luzt969374797,48
ehmr224352558,46
hovs699656322,227
ahys002733657,97
kzfv489488724,134
acsh151428158,227
lopa573539909,117
nowc407375052,77
tjuz388759744,133
nkeb130716893,97
jdpd570225653,15
zkah155439840,101
mflm416462423,96
fioa511484565,158
tpcg783210643,128
eazf549686805,115
oupo932702274,65
mqvg922586601,94
kefv228756757,112
jesq915474796,165
qzto824627061,18
cnfd174268857,121
vjjo476197446,91
jvdv282997825,55
fugh829283034,232
bpdj688321387,108
lhhs507348205,126
xlph392154763,118
bwqb735579095,128
obgt783204688,154
bbop226772363,131
bepo677172257,82
ehba123681822,110
egqb277620579,166
pqyt013644171,146
zxgx219662387,139
oxxt647121999,92
uoph692128220,113
ouna571177599,169
tlrh420696969,174
rdgw318827628,132
fbpl717599090,137
flwa552507284,190
fbne437685224,97
naxn512867098,198
njca440670227,167
jjwi730702654,96
uqpz488211324,114
uejy093286976,68
enrc659510474,242
qqio346402389,110
dwol504688554,160
tdbk040161284,92
uvoa056159241,97
eigr339352158,105
zhjz748556008,219
beye953687239,102
whqu395252598,122
rucn894844990,127
ezwr855014857,203
vvkl643813070,137
nklg083365958,42
pnce134103468,171
bcyr707244884,138
fgiv404751115,127
mkrs304020640,212
blzj325346516,195
egic230486594,133
vtci819026288,79
gkzj594226254,58
uvpu941273717,79
ywjh617514816,113
nuzj523528756,86
vcdm564377131,127
bfms312989022,154
pibi599320555,20
ohwd697080929,213
tkvo479203725,25
osbt283271003,102
ctkc966378100,82
mysl922951245,199
sapi536472300,171
ymgm008772691,168
phxj414363768,162
myzo220023613,127
jswt709397249,112
qixx135532184,228
ivsx019567694,213
fhyj339906594,132
dqfh925272341,9
jmue872404357,47
cwzz367486345,45
pxel077834867,95
vnem628669091,75
zbyp344707789,130
iafg030805245,99
dsvt004062593,106
umvr461387534,132
cbrx109147225,162
acym093829836,128
xlbh452210750,19
tbmr880901392,148
egno336998890,160
wnae780687251,160
gnzg571714067,19
ssds674950435,127
qivd034598676,147
ppuu075784654,49
iqem031702353,35
jxqp001822540,118
iwtd313068443,110
ztrq892290217,143
moem595109532,181
xxml048633329,148
mosi990975499,27
keza207791894,212
zeqx503096977,93
ydat512108793,131
ajfi797151427,54
gvqh025548621,245
lzam299469633,186
qlda649268690,204
suwm353556613,211
agbj957134010,117
hllz569104270,188
yabf223758076,192
jtkz659420709,199
qqjj858145703,35
prmy391680771,197
zniw453311516,132
ight746180675,68
xswk776922414,212
qobm338457512,128
bkye730346775,150
emho613704297,97
teog338300046,179
xlzu991317248,120
dmjm940226096,136
cduj800936589,136
dles873343776,16
rqss992770897,102
uimv720835380,162
wbhq920358979,129
cakz844565021,110
mims817557843,86
snws468185562,78
jrll194226921,233
wldi273368077,50
dtve157240141,78
wbru504602271,85
dnhn606890535,182
trjq721408083,104
xrqh275104079,132
pulw987047657,210
hxoe587817028,141
qhok108873410,90
pnok871131556,22
sxib955687812,82
cufy836878647,157
nkku612207344,154
dxbl767689557,223
jvjq950538485,87
rxmb590257218,48
cqnm202235630,135
irbh780535559,108
xzfm833478514,203
stft433411784,106
lhac984798695,96
dfth084186236,182
wpfz856591604,113
rsdh500001303,67
esfz497758360,113
yhsh349628826,136
szsf214399775,30
uuyn615255530,142
yrme228108785,186
oapc311524612,237
ekuz116594446,75
cini446212706,73
zded360746933,150
enmv977323227,115
fpwa703616128,203
fkrr183726622,149
dcbj964480772,108
anob972891620,47
ajux048072985,198
jcms852939074,62
wzel724555797,141
hibo041996003,162
wifr060039393,53
pivg630816605,62
qwem450061687,65
eirt977187864,147
ayqg906966892,233
tczd366118931,102
iavo989791328,136
tamq350400391,132
etzo345794514,120
cjjs792421421,99
qrgf598133081,63
kesf138951767,142
xgtx599368416,123
lacb218582831,27
crvu749080689,78
fwsn116759492,47
tyuz971967910,172
iytm651979650,70
treq686542472,89
ngps753213630,132
gkri028469776,153
rowy598815034,137
liet603819626,172
dxkl936163179,104
xozh646796619,118
xpld963723415,111
srsx217475710,260
zcsv359248147,16
dcub578118883,167
yyrv261604303,98
gbzi784026726,128
wtue993196616,144
liwy366386241,111
pfjb483722965,50
qhgn582305992,62
bjpz332459187,137
vvvt418861096,187
alsf535900564,95
msen694377400,85
jnzh452288600,57
sjvp455266915,106
vcac379179049,144
ilak705079702,108
yumt349681511,71
epay842891662,172
bxgf601648130,129
gagy291118698,130
gtix337622127,212
zmoi013608293,157
jklc740115576,78
pvbi949125817,85
fjan070567897,152
qhlw146251936,127
ezhz550659395,177
jqjk989032103,95
itjp999823137,83
hbja780365850,214
omye670044001,93
selu104741582,206
ivhd581096622,125
bxmo611243389,163
xsko181792158,24
lvkt460590545,198
igwj498759109,101
nckm390139043,137
ppvd985795661,108
guic956606651,41
cmvw852549839,45
kvqg160742970,87
ankd654733153,208
ffou699519629,154
jtnp867077861,76
cfpy021609312,142
sjkv039530484,127
znqa041963765,95
dnth055391597,222
jbvx111233721,126
klqy767413307,124
kkoy091714590,77
xsaq721577011,107
kzpi889610660,106
gkky053610856,40
tnwd497319271,123
gxfa686817392,75
eovi757650648,117
mcdi369646227,137
iegb281713034,123
wchc266029571,126
eqpf336185386,163
qpbm383686461,192
wmmy898730985,130
gwpk022308568,175
ipgm761675566,73
yqxp883136492,84
ttjr462265108,90
sjds993509319,125
erva011876266,239
btnh887364075,157
wrzq480237836,243
lcgd723698042,209
uvqc729057440,108
nspl204903406,105
yayo512759940,125
scdw522660020,221
itsr081187400,29
clwn897939861,119
vbye415604002,188
dbmh313814998,98
pnsw590741238,68
guzv511825550,193
bnyr849415410,77
odvw655324161,188
queu894569367,121
kpxa788917736,110
jetx904919510,133
nele018525101,157
jfcp899121384,181
vwep424799904,19
oyce448980653,84
tsxn385926899,45
ykfy427961311,61
nqjv688094267,35
ntfq265820662,82
hmmq346193030,205
zesc703890046,76
xivd554125925,112
kpzm205774094,146
dsgi490026996,94
dfem172540020,184
rrcm183551419,158
vvsk467303855,189
lshf304068180,80
qegl817402266,53
djbp041560254,78
qyzg050423331,109
womi649583136,132
gbud323352795,52
jmyu785644333,153
xwxs614812900,105
wmlf244754677,193
uydh541993525,110
ldjv062524351,137
fxoo529170397,116
prgg218184008,182
xzgj309416489,113
pxbc264682243,126
eqsm591455328,85
stgs172115575,32
jzmo248411250,212
iqik757856193,68
hkbf299388064,198
robh284757156,105
gsvl572366682,116
jgva206639270,117
awzk147949157,60
yngp900547524,108
amsw366740414,73
mhwa562454173,185
oyxf958785448,73
jcxo990167121,73
exvz447468296,180
mgee673123893,74
acsh001481213,125
ohey866624620,72
wkjw791138578,107
vnsm269076676,222
ybhx721827615,86
dsyo930553212,128
obpe849557325,119
jxbi975808269,82
fauz668057811,127
hwob051817296,128
hwkb848651003,157
beke308599375,108
fdwh205295049,110
sujf440390927,152
dzdm771591870,48
rwnl988626001,100
jzsp792759702,188
ugdy629822491,116
qhwh758565146,88
wgxn334660912,116
kvjf419790057,51
lapj835758735,246
aueq263390420,138
nvaw915667636,126
sawy165034097,109
lgiy645113295,242
ldul953623063,58
nggr263624258,94
sdyt253187348,77
ldzu197155490,91
mbsy823519737,143
lmju895822324,96
qtof161530025,138
hepk450985746,115
ffaq659633423,166
zjym490612968,138
wxpn735329176,128
vwiq495714553,148
npqj207192764,14
pxit588920341,105
rtqz239303488,99
hxbd713103187,100
amsh496604249,163
yanl928090871,170
swsm065069221,120
kzef960122672,97
dzur148217190,140
ohfs124543750,84
rice318919604,85
hcdz126224569,93
oggm790618118,72
safa558208784,105
wilr986706922,133
aogu567704179,213
vojv184601700,138
rdbk019539294,103
rpdr077288536,173
mywt535471133,140
bwpf598691303,188
pxru165020955,136
dlfv564217319,117
agri722766563,134
ynuo846874287,128
jyvr437332804,102
hdik267479162,132
nibo967061743,97
cxul785152475,195
awur030829676,75
qdhl831895627,162
pmpo208611067,120
lgjf648883590,138
gsmy978459093,27
mknb256337723,76
nlcs505824854,232
rjvw819302308,97
rnaf464372946,122
biyr308066342,196
lqod644253827,257
smbf837689000,119
cnnl983851535,146
jljk055801635,193
mytm625795414,168
fmqe463221169,156
eazt187384806,202
vdpi422820888,238
srct267375264,141
pexk865599626,15
dori280426563,141
ipxp594773527,122
xeic037456854,137
ynte153339457,163
cpwi152043612,78
vths683579285,53
qyys930416629,129
cdql390015300,203
dxao252760156,83
dbmz084719822,41
mpvy023154954,149
fdpc596276823,107
ldwb233802361,73
vhgw544413293,16
mkcv127788824,158
qmyp439998858,143
lgcd705592931,1
jpxg498921368,88
hlxo147372892,84
xcae542539305,205
jhes518597509,77
feam081877194,78
vnsh040119408,137
pspr618368815,85
ddvt427147696,108
vhgj213942327,103
bepx142186611,142
jbgp620615261,82
ewxi563521964,195
hqvu636147545,162
vomv193877449,170
irgp001355627,171
jupv928802929,95
zkvo570478584,210
sfyo711452488,21
vknj648183820,111
sjvp519847869,54
epax244642228,53
tatx083009791,55
oaso051687665,124
tmpo228451676,174
fuvv733967119,198
jmtp271643234,133
irif004268858,187
hhmu048378727,153
jwqo271898143,93
vwtb289417023,152
lhfc858518477,167
ypst654083526,53
yybb720680056,220
oieu583505628,57
vicw946790339,140
nxqq060279023,94
oxjg315323884,97
qwsp920748335,192
xaxa322170240,163
wnaj817253458,92
vdtm923180866,160
gtxp528948006,122
pjuh698297512,163
wkdb288806328,153
cfmt707369734,92
gnve069149637,143
pgpt936044459,142
bwbe248284774,136
vnvv806453067,140
eito050627076,113
cqxl682199845,163
utkc584620328,163
zrbw933458798,95
gdxj594432952,107
tltm552442645,92
dexc804628345,167
qyzc615256987,177
cmgp506299116,167
bbnx220897072,95
vtrd674394459,96
hnit814764435,138
cvvn430850529,215
htoz484183706,156
svhm315942145,46
sblb059923216,116
mcie531238763,97
rzmi621293523,229
zfny140367346,238
ctwx925233101,197
jovl543002171,63
guft718286996,147
vvog281311315,68
cxdh596841856,138
kvbu799656390,122
choz624452292,183
txfj952225237,57
qdht063925283,87
iqaj296627815,165
zkmo814993565,117
afky097656578,137
rywa681775459,131
jahs616783019,206
mkkm068810500,142
vurf397197521,150
crpi450966553,217
mxft371987934,125
vsxf762368476,99
fkmm887191527,25
ftpg078962776,186
urzd024060488,221
ynng543931923,173
sspx221668807,267
jzsp824832531,19
qhdy541528496,56
imsu540489820,84
xiub397226335,153
kslw751281135,167
dgtz950382578,99
wxza307801872,186
ocrc604985192,129
ergq244946212,222
yaco168421639,27
lsqb644611561,77
erjh931573483,162
cwah116283367,190
yaxa201033594,170
eqzu328606747,115
ujwp809258638,102
turw161374574,21
onam520346014,103
bxhu554403385,223
epnv472528998,118
umvs514734477,143
gjlj917033946,85
vfkz225913462,216
folw408768459,187
dzmx395697021,124
vmgj151691236,185
ainr279132427,30
ndau690606414,92
eahx542337233,173
vwtz684032778,128
meed333150079,155
srfk293042837,77
vmac995236629,19
pawk686764916,92
ssgn677681725,97
qene403597318,158
ujsy564819240,78
roix773051482,192
qdga321317917,73
czej826863001,202
hjqn267502113,169
ifon239459364,103
mehx151677698,142
hkhu461669498,107
cgva414159481,167
extu929917420,103
djko348013830,151
jgtw937053160,108
qnpb048530445,194
uzpt420942144,223
gxeg077969138,91
uweh131463581,171
qgwu086234981,108
mdvf617144976,120
elcu564966400,133
snrh579568595,168
ejkt395812894,198
khkq128940233,92
vats656004818,187
rahp434465076,113
awdq891462774,26
szib720732586,90
vhgx763081642,204
bnix843980529,183
aicz521232830,147
ybfy324954010,157
rtdc603772047,82
wxds664371252,109
husw585033761,83
voma297328464,158
txwj259247245,115
kjga775387561,145
smok680558561,123
zudp426829089,99
spbi841339699,113
chjv186782978,174
pzsi689295675,72
mhqb281579420,136
cdug436322467,112
zney306568014,167
msoa764132614,98
zhvo744209205,87
izau688297027,40
mysu075894848,238
tboh870850321,117
jrlk808792607,169
aiga067964614,123
kuzw276051706,115
bgwv300143226,53
dvna540713784,121
ylbb531369310,29
gmod646750016,133
kadi724704387,160
xgex547493789,137
rfps251605730,208
btua648380378,212
cqjs493391520,168
glsm640302165,59
eqmr535868637,84
lmmy411101712,112
ueho876602225,148
gywj295326057,103
yoyv755487965,162
xpfo489429348,27
xtpr758939840,91
grjs094080688,127
down488234349,183
qdgr578785129,83
fpdk616020571,57
bnyf315515248,203
bpdl768983879,88
ciqg829737850,115
wgvk881305333,264
ozrl100355685,121
cont201313128,18
ivlk604645715,175
ssqo195079119,112
lqjq893818396,97
xvwy084817685,166
nyau079910704,86
ynvr055495180,120
rjoo529003819,137
jnlt777013958,90
qylt892125484,94
xplk570924153,17
dfrp891460404,123
gfsl115824183,220
occm576838885,143
xbzg380711515,182
vjka353838229,29
wsia896294280,148
fkqe200297441,89
nlxw371748039,152
nffo246269547,53
quxt871984974,96
hmmy364596050,132
iqno508149093,157
yliv887053476,144
yhjc630009052,144
ijjk992404614,218
mtsh535247157,57
nnbe659179433,184
znak083003960,69
plxo551764761,143
xpdz491740709,142
mtfl984595357,62
jxjb520834399,122
ykox186270759,112
uwsl874678335,87
rohy929707152,152
tyvq729264446,162
uins951157877,147
cvph732292682,82
lwrj699043771,128
vknw116350511,51
eovv121821020,148
jwan163566939,124
yitb162658055,165
ebdn588816306,150
piko223481939,76
lfkz175565803,72
maaw025990685,124
ecmn114797971,162
rqky689869723,208
cuji520843262,169
bcqk142944324,48
elvk383950940,88
lgks823144637,90
zckc494508940,196
wywq178918193,191
qkbp556852893,91
vohl370510257,87
dzua539730821,166
akpt981095785,148
vumw456191584,147
idah087879895,188
ewwn816767284,139
uyff533435125,87
dtgs315106822,148
fixb560824764,76
dhoq130854580,146
kbgq220610136,189
alqm056521425,122
gobg779991239,143
tyep580927529,55
kthu075156175,97
dtdz564738573,125
llgu378695911,102
wlnk756482710,142
mhdh536684977,140
fwby814774826,117
juba802181925,72
luum869949054,105
anlb267754012,142
aihu124635447,102
iyws053576574,177
dhgn948597395,73
apuo807931001,222
gnuy126568282,50
gbsg546955041,128
vmxy496418007,30
imwe230730785,91
wggv281798650,139
nypw884267191,210
rgst025521745,168
rjaw571009928,24
gazg572066841,124
ijyg329072506,128
sorp766821998,103
sfis653876799,187
kruz671063080,74
efqp617898589,163
rhsl157584493,58
xbri026946250,91
lmtf811378547,34
navy590637654,168
qjax905389479,21
hdda161990755,154
uzha635367902,16
djxg600030399,78
ggel515386098,117
zrcn557054726,83
grlz286460503,90
zlgt782539036,20
ilta066788506,158
hsbz904434559,213
qmdg957442619,17
zebw920677008,66
rcbj200274805,125
wcib688331720,147
grgz346420199,223
tuke345891459,32
rjte476897136,93
eyjb571385577,76
fokk445793652,205
epwc489047969,155
bekv178270263,203
fpzr889553498,107
ywph499668771,143
sihq268866033,210
evxt913831469,171
dgwx138924618,147
sduv649313798,96
rmmu756753564,103
caoc543921269,157
shkc942295330,115
aqvc749033632,125
awgc631109994,93
koyj287797533,109
wyen260413424,84
iaqv399511563,142
ebvx552256059,142
opro090334976,144
jzbg717570443,131
agxe386495202,72
qrac258303963,79
ycrf861666162,19
ifis502038909,154
zhth086740925,114
fjdk551450676,125
eppy296416460,82
pbpr422249685,98
hzok880782526,155
robh660199896,158
ziko408740137,212
tpwf430059494,134
vkom994768418,123
cdck399835327,207
teei158709145,15
kuwl585068583,77
lcnb233779124,85
wfal635667884,7
uylv583280855,104
pkhz861987950,187
wtyj245513242,153
bgwg866041751,138
cvuz188998256,88
elsb726600414,84
aumk297291973,144
kbzg379970764,78
aowi968817275,91
qwds277050594,114
syzh099398003,80
ejmn539253779,240
fmrj827176067,131
xufo580333634,48
klfh411192994,79
okis861691722,53
spjs128237487,242
qevb520410449,223
qzmf057772605,101
pais802729270,77
fttw994153817,92
jpsh151920153,142
ysgx649583982,102
cqoa409165141,87
qebl142299597,72
dris920243429,120
nlmj999188866,153
kqau649992471,136
ddnf709184656,177
tuxw863643647,234
kdks298083601,123
sxxc871074214,217
kayq852278171,36
rclx836918869,49
jcip618394050,61
hzjo864147863,103
cqfx610016718,29
puyx928724977,217
xgla012806359,207
neud081090094,163
mlvj001695408,143
kwfp797558239,136
pdcc631259402,92
iawk544429810,122
wtcy402747191,178
trie347501921,167
bqjx646951091,74
xkao357598541,122
heto026668733,146
bjhq318695288,203
bbqr550562501,182
embe067323590,146
aget069972196,155
eonb859777116,130
yymm325919701,99
rcys410397191,88
tesy465574679,157
zyyz307792211,113
yzdz179604803,137
hoyv694971084,76
fxdf902800808,124
ihkd199506528,127
fbrx639430536,85
buyk961108037,160
nepj074989312,190
stbm879151856,211
kkdh036717084,87
rchy737689116,103
kxsn515742445,53
jrhb803845168,117
emaz560484395,107
bfet067804448,66
ukwd728760508,143
viix160695886,97
llfv187690197,163
uskc592063829,165
gzcv500559824,37
eroj926756915,207
hicw689120886,137
pwkm062240927,130
hnvw312257882,98
gqcl894967898,162
bwfw559308644,114
kdbr119940459,210
xmgf579465428,130
irpe214904834,85
otqh745386320,106
quwk162919808,138
eqne449769959,128
vxrz001158651,18
ekvp824982170,186
divp652101850,163
deov057857948,104
mick850992202,167
nvfb699462822,223
kdcl618667699,77
ozwp093281933,42
xnts745719477,135
bqgq488167265,102
aefi178743390,206
xjxq129254094,118
hxto383609464,28
sths001288518,102
hmmf908290452,211
rlkc866976320,190
dwml225300281,189
qkac439772365,184
atma060297174,130
pgrn337796531,175
liup097596359,113
nhsh772547737,113
svwl059349861,74
wcst273616260,22
zcoo801577114,108
sqfo997645051,88
qwxm098526729,78
airm657833014,112
vdhu003449122,80
yqnl362260113,126
yxfh950361678,203
utua335333638,136
exvr500239586,96
fsnr654643805,269
khdg758529792,65
vdft687626067,101
sdxq378827988,188
jkrl014262044,103
klin216630115,168
xdpe540323867,124
xhgr010713925,104
xlsq064427757,194
lfwa208293592,99
pncm459789947,132
iwco052130504,157
flgr539570149,127
spca167298106,158
miue782914104,128
ndwy311926856,19
xrey208260649,72
tkzr409423227,163
mytm858105593,136
nlhv040697920,112
xxah965509589,107
vyds552718774,221
zgbl512880814,54
moff879565547,252
pfse996312252,147
byir383768799,95
nezf580378259,123
jffg862353744,78
vexq357574864,115
odhm262237806,196
fkhz130722547,204
eybt014574805,103
jndc221814711,158
ryer245346312,184
gznw932244646,117
wkgh493784575,122
fqsb721920578,98
cyxf129172087,83
vmpm164807348,165
inod356915623,186
nckb010442217,233
htyh618026889,93
munf110842820,124
vhix158789781,79
kecy017014943,193
eddg194042675,158
lfqe622705436,117
rttg217476334,102
ruzl763235628,164
ifhe479569879,138
faer452019077,121
gupa914824539,103
xtnu704561846,192
ldsk330223689,217
ikjj191529908,91
mzof119290488,106
blcm036442539,137
kjxa569075991,153
qecr160742379,85
cmmx012210991,104
iyos392470496,170
sgmp497850988,156
vmfi431908080,84
yvbu050020076,163
wlfv975294015,98
uvjc886511956,145
fxth070316926,73
aazw298560647,85
lfjp967844049,139
ytig732498792,167
stkx081548301,79
wdrk529785966,122
glbf650902762,105
iuzx386438498,211
dvio875033500,169
exkw761147120,152
ljbo856125647,112
ngtb150405233,47
ihwz746086158,102
wiwr294198764,148
gezd044880526,203
coiw357714553,75
rskd032595163,156
lysp537861472,72
ehsk578200618,79
fepw154137822,178
rpxv413953592,102
gabm604138172,72
lihf422889451,147
rsch942264172,142
nuip507175596,72
avue024020507,79
qtvq755061083,247
naer964236654,82
jrja271467897,126
fnxv325569728,122
ygju103508488,157
cjqw758995418,142
kjsh157783683,148
vmhf599884465,243
embj951348920,130
qznr097759799,93
xfor818457902,155
aeze923383368,168
hbji801630618,31
qzyq599731786,242
ygjd063578194,90
kqjn352182588,155
rnjl375856115,125
rkjj887691030,183
pgtd558854298,136
foau939379346,99
swfu562464528,118
kkoy956927559,62
jglg227148014,173
ltto638993939,202
tzfd100524625,77
oalg681225204,241
zitq288878799,52
vwgv993630347,129
fjmw202650507,134
sdjl867064369,75
oiue602590716,79
eeyw755824096,73
tkkl995287104,196
vxxn372076577,203
rkwx910387485,143
zebd220377324,98
ljmd897210156,102
uogy071842168,125
zliu793706331,124
fsht704214347,199
hixf069109828,201
knyu368607031,143
pnqd934300842,68
rjsu762881407,92
qkvd553467687,127
ndze437255365,136
zyum862568675,52
zskm467256659,76
soml703307226,85
grfg795251300,113
shoe123542522,129
aion284311985,212
qrry897099669,122
gocc011836320,98
oeyd120617388,95
fgth279467848,164
pbeq366538635,70
rfvm815325123,25
yyrp428601091,94
zjoj966198472,106
ibln810393364,168
zhrm675233301,77
xpll879266348,151
ldyt776284175,98
zxpp823675736,195
epfi399955467,194
rbml261600618,186
kyui031622345,186
iupl653799560,122
mkxz812041072,105
nvjx225715347,81
kqir235627876,128
qtip583203060,242
qukc900336390,133
gepu266562888,135
ojag104472716,196
bmgj702822336,63
idap166466336,144
kifd024964771,50
wpju167473892,137
yfjr348760738,178
zuxp822705244,198
vuqt770699351,128
tjku735436042,148
dtja004604036,53
mbft992129014,118
xrzd989873314,113
xecc333204849,58
avfr742587087,187
rxxx775968384,81
qllr923366738,162
kfaj454216050,127
fmxy826165671,168
juwz178797730,200
eytp183878019,51
zxdr931999040,122
bjgu419838349,132
exom889833877,223
dbsn059744179,205
hwxo392264939,101
njfo589924516,128
erbo304446648,120
sunq138411180,100
oeqk937723714,188
wnjy732130501,170
odfm809730241,67
qiqs519921117,30
rtbr400881399,126
nadb147470299,173
xghn096587151,78
teli340231878,79
klwj579345922,144
ahuz937706277,34
oonk411726870,238
ulpn237393584,183
vebg389942366,18
txwa998163598,114
lvlm689355015,43
udrj225489126,205
ljgt686057926,85
npdj948637518,87
gxyg150311300,104
jhph352696180,99
kcqt989382761,141
anmw434315961,105
auxc291403778,157
muos642146082,108
buph289491098,133
ayei741351150,162
hnol334834088,108
prtn391405728,122
tjsw774449159,115
ltxp873701711,148
ronr959736966,123
jutt518189277,159
qdma692351402,112
orkv146080415,118
pvcl823720417,189
ihjt577492229,198
lnjg592045598,155
yqkv270863795,98
esdz027409507,153
xtse310376168,185
iwxk827198797,213
dpof024094167,60
rbwa202058142,164
jthk153554650,28
oego799777782,212
xgho704382306,122
mqpe671778421,77
aseg164867914,138
jdfi341257144,57
uktb178509589,109
cumz057375515,138
rcmb568470704,87
zhlm677948541,98
hcsu737106657,188
uzka420962790,166
jkdd158449379,65
wlcf598013081,82
bwfy010997765,157
xszb684816851,121
kfeh620665822,244
jvhw329136302,92
qbxi696425797,170
fkua630998540,87
nihf234590603,157
odmw330091568,112
wfco439310422,180
nggd704902916,172
kihz242499967,125
evhn736765618,120
jexe946791291,35
iorx982319430,77
abpv515426114,143
dezk271338395,116
ppuf351038845,92
ofkc046274989,188
iusy034915021,86
tqjm135006536,89
ibwh689009593,196
uigf239879545,183
hzkr102840172,167
bmqu199870559,178
inus613917902,100
ndhr239749982,124
fqyk076267841,218
ouan623608173,240
twlu607015133,110
cpgx938315744,132
qpem145014970,172
buxz994453260,98
avez333168309,208
idqd303614263,180
uxag702429521,77
zzfk002516042,122
paxr693829167,113
hsrz830446934,172
zgbo198020608,122
kuyb768241354,146
lvfv983288631,180
gbmf940270089,31
yovb063924265,233
dktn201840648,130
pigo451000330,246
ejvo658956076,185
whld383530216,133
paks726508913,113
zsko387327192,88
ofde379756565,129
uagj224949335,102
wmak084039064,132
reax592818356,79
bcfa512476847,120
etlh974502792,145
ucsq069005609,93
towt868243643,90
cqah615363209,79
abcl201704393,72
vitk684295418,93
igyy649926969,56
njix766191206,147
irab460615526,129
vokw167769228,91
qvir701877371,104
pfts841969443,118
pild437817628,58
eyuc284866979,127
niuo285637640,107
aewq039846740,120
txeq098660490,135
bwno090154793,55
ppvu620295603,182
fade081181219,164
kxoo849303800,133
wcbl599631209,65
qqxf805342718,72
ghen012980000,222
vjvq042024204,48
rely836398728,63
tgwm011712779,128
evta909592079,225
pkdd184092307,141
xgsu938231866,43
okan967285342,153
eiuq136361498,98
lpmh465490489,93
ebgz347036674,188
vpwf685435215,76
vmko364619064,87
nhxb668145489,142
rvtl100804696,123
xaaz485396143,51
pjjd035971937,130
skei394145305,103
ierk020138570,68
tveq690092076,75
xytl360501649,24
gdbm310922515,132
cfoj511270214,65
fxwo817203552,93
eazo481073284,20
alnm796913813,88
ytqs087527824,207
aaca221183558,147
kbpc001443158,108
lapc871097272,94
yrjn648590503,107
uxyo099414046,232
wjat615285414,69
fjbi526092721,220
sazq940808086,112
tcwu868964114,105
kfyj185939061,204
jsle484054239,75
haah655022606,168
tuxd125767375,96
moqb953965876,81
wtnv127429726,100
vqtl715617494,112
wkpv457213247,94
mntk004031204,97
miwr627193693,197
bvye253944192,75
gfvd575479910,120
gazx099886805,68
qtlk359107174,23
ulzo372690469,155
paqi308050917,49
rxio184045835,138
arkq050754983,180
kjfm436916036,120
ecdz798572507,135
jnsk797172008,143
xjyq066486096,137
mkol857431500,82
dpvq187548337,147
kacx693428691,45
pzaj452279609,79
qrdz932981599,103
hpfr150448308,217
zach591473832,115
nqmc989887210,188
otst368971308,104
cbfg526571242,162
aqid144505049,42
faws659544476,80
koxi533762782,77
slkx851786132,114
imeb154510284,97
xotz440249094,160
oiiz982401103,113
rsbs433936539,170
rmxx373863920,99
npon924294738,183
bnsp075892300,94
ycyb901146110,222
xigr247637870,153
dnbs223885432,91
ikux831377288,145
lykm655849839,54
jkse657300051,18
qnwp045455211,123
vlum682398359,94
dzqq638153006,109
enfl315597193,137
uait093863850,103
ktef048848027,142
ubeu017051869,180
mmfd828888390,144
fsut123970479,117
ewyg874577571,121
hxhg146284539,141
buuj324257600,204
fnic314408036,19
igkl262389972,187
snnn651650384,92
ojpo899764924,117
omcn206480571,84
fuwt638577036,32
kchc360823902,128
ktkn414763564,135
qqhd242728615,30
pcqj170385822,162
egjd808403191,137
jhog501801615,178
smdu671695754,91
saaf660323436,195
yjdt272615908,194
qkel152610420,81
apjp499087076,113
vbqb812210204,135
bsrf981543471,159
hwhs371377889,98
qdsa637016451,62
yaox153102931,127
pmul979872715,128
ewzb131012201,192
yojs630519928,135
zuav250351528,125
kruf289555717,72
lpzp625769261,123
dbrl794758644,75
rbab845137907,227
gzkk728624795,23
mfzz999068731,85
pinq819064995,127
bwdx003247452,158
gemm941824534,132
qdru812434587,156
gief601407685,161
sxnz271785868,107
whbq959749703,201
lxsd487463989,120
ooue320791978,127
vaww917541877,127
cwsk980536826,141
lhjc376920112,135
cstn214603246,150
sxev024437171,173
rznn638872390,143
zlnr935602392,91
ryfu979827607,148
eysz726755972,75
cufw429264718,155
jstv599704639,131
qjkb665169081,154
yuor592382835,130
dakj589521826,207
vhcn229324014,185
flic906447071,158
aiqw268274390,151
dbcq555807606,244
stxm856815024,122
xjuq487588856,203
qoba696302441,199
oxqp267659878,167
xhri112863836,72
nazd484642405,1
eitz706363901,103
vsgl473235613,88
pbqo191169542,224
ydxa854140267,146
ijae609644223,142
xsct877478732,127
xbdp576327141,122
elgo458491658,77
wjpm083628764,213
wtlo540638445,172
mnqn071696998,93
afrf385431652,182
wgro323208175,87
jtbq122136392,167
jmug083136864,89
ewtj044270975,163
lhkm907584734,103
pjpa149215204,150
jimm600075793,33
tksl929347433,120
mqmy233727261,183
eowo414420265,92
logz682458874,183
ywfs093594757,86
lvpd183641264,139
mrwn331572974,172
oazy964406584,50
btuf226131381,261
kpxd586813795,12
cepl337346747,192
vxsz603924277,16
bork151675301,108
hzoi042574296,135
leov341265973,160
mhmj152022166,131
pilk761340971,88
wykd072063521,237
jasm075350752,81
vcnh283264814,133
kcja578909491,176
aynq971825653,98
srxr193087609,93
uoun871522375,188
rsvf104409796,145
eznf479180956,127
vunp267010499,114
vacm594791702,176
cwlg442092200,141
quze285407896,200
qcyp878144293,211
bzcb831165035,28
vwov652010657,123
dxps183472608,170
wlgz516701376,92
bayh221983687,138
lrin104163160,80
leko833924131,246
mtvy694010157,142
evxp738206164,97
ralo098896835,39
gfgr049064476,92
urtg226394720,167
ghpf265628637,102
xjoo638316438,126
pgbu001813498,144
dccz372005927,103
hbif145811462,204
lqqy420114882,133
aftd694424762,17
lucb536080520,122
qqnv277740336,92
zmjt309266375,136
urla081426079,88
xglt374329740,257
foyq851914810,35
lbzg128471587,134
lseo006154954,159
gkxd358400907,88
oyru708309147,143
krjs311916548,101
uliw751422486,156
yuzy460830560,32
fdcg506196741,20
uikz560576827,49
dykp813727770,78
lrfw461678468,82
qnen478105478,140
dxwj046662185,112
qbec235747356,130
oyax537263939,207
chbi426820387,139
kkjk989629000,146
fnhv210716857,82
khyk195788232,82
oimx642513646,100
gkpx624780474,10
futc510931264,136
jxar529143054,138
fspz431059526,69
jwej013543163,153
cdcl023745052,133
qiop390358837,65
clpg312234156,115
abpo843164870,131
fphi724348988,189
jhcj538217511,194
kbzw554987674,212
qzix664766154,122
nggb736674588,177
hgsa117706567,87
oqgj533837422,186
lqpk563289797,112
geek122470342,80
pbdi385223733,150
mkdq810424900,109
dyqz796054030,158
ynhc151079159,77
adpf100818788,158
gggl079226698,109
ysag677081308,198
xtwf144618933,77
cfqk361508581,153
xylf321299014,153
cprl299093709,74
txze287952212,58
nwjw110944520,173
pjfm752339605,213
ampy615462734,152
mhpx390462714,142
qgza954361540,98
qpkz221631850,202
xoar679142294,129
elzo165519976,72
kfzm366990452,141
jnrn444826827,138
yuwu981939018,208
azrz941597294,135
nyhl069102975,152
uixg146461568,208
hlpp003237350,207
hjam297690290,144
hzvr383329146,114
bkqa931955805,213
iloq221603180,82
yyvq094262907,218
uzhk040709032,171
tvwf443885846,135
rqqd886502880,117
hdwz278379230,24
qbib602763804,102
veja969816954,107
tlms229201511,128
cczi510749314,177
euyb430149614,158
ixla651488311,168
wyqg733629842,108
hpqr643063250,135
ejqb571574540,117
pide660951699,127
myve753592360,143
jghy188164263,74
codw670085263,16
ygwo216730470,233
dnay777274437,108
lzvw474004554,135
vgrj995022236,153
vvdi241163308,80
wdlc361669835,58
bkbk378036203,72
kvfc394647689,144
tmyk338690315,52
wjdv853691474,148
pvjt500460374,61
diwd240677385,171
zkwt999915576,187
rohi819105736,93
myhj475365522,127
ttuj742500790,77
ovcp568807237,152
cabe662279113,68
oqpw592174850,117
gvcr860495384,195
cqwo186205719,136
cgoz344366451,108
qgfg212371012,207
nlka529383617,118
dwim142666794,171
qohe176253582,87
jatd871659944,215
leuu072922910,89
omfc091808388,64
gurq142787318,94
nluf249175366,143
fkmu660734465,87
flvo620909530,78
ixuw594411918,140
mepp655921900,182
cfxo753593139,107
bicm868992669,192
ksda471080189,152
ebhu134869437,268
frup099633602,167
ebmh995948973,72
hxtg457189542,64
heaq742012912,96
uggr286351674,233
awaa521174259,145
ciyj803465250,82
jehl718961149,203
nohq791242021,205
cfbk399974814,92
yioj263970912,143
volx859958347,94
fzpm065895633,69
potq493972483,123
mlhk600007590,170
bpvz957884148,77
qlns417780702,159
oqyx957714114,52
rtif043156742,149
lkkm301699136,241
utjn694352962,24
tnpg110034191,172
sbev341409573,74
dsxo960946687,167
liid416522148,136
pxjr642112323,217
djpd118407214,63
kwla506010029,112
swdd096301253,139
jybo988565389,198
wwbz432983202,207
dzhl833550086,123
ujcn657288720,78
visl882040449,163
anvk308270682,142
cbsz867355496,93
tbkc830446866,92
siqd535700491,125
kxma786439594,197
llge551010349,66
zfcr543658804,134
pdbc572211829,143
ebxj677938590,152
mesy976253969,104
wcwk686586392,149
schv583428592,127
skzf676886226,164
hjjm835238019,71
gjge500745430,127
hlih659462476,25
yipy829396709,173
gtcs089901756,86
fnyz550646686,113
fzjz079140583,101
gttz735920874,133
grbn791788618,196
cjeg690890150,89
ggez936153586,74
xshq693763954,272
kbjl525600134,162
pxmb035006062,125
qmfs453253995,29
fvqm766053422,157
ebtq540927530,80
txsq090925781,103
xdhd633577321,62
qdbf176796719,164
iuwo163044051,197
qsit896825087,214
yqhf597920403,170
ptks487203714,194
vgff205768841,85
xbsd405038428,96
ywns682147170,55
zbfr230347196,199
azhs308680058,93
zwjq370910860,145
msyw573993840,155
rxrw400003303,115
lzhq555877445,123
vsai402782231,63
zsth652127878,105
sloi284436188,81
cibf887459440,22
xbkq799794272,123
wikt284502363,69
khxo360159621,108
zdxf830374739,57
ubia090341110,170
ovwf064326065,136
btdz260836911,192
miiy696831454,127
aoms075242006,187
cjqg226329828,103
pukd975556176,56
dnbl740062070,122
hasa169316091,208
cbyg234413827,53
ckke991991931,153
lqfn978327751,166
qqrc003083579,209
pypi753173499,65
hsou128292317,130
veov012273879,208
gsrx830836341,124
ryhy489181252,123
iygr117090576,127
yrra141915156,195
fyjj605372241,98
wujo132984927,84
hqsm230478448,174
gcxs232704689,100
bpdu166268873,98
lwip162083922,152
dyin428043197,92
segz427264582,32
ijui431995046,127
kqea913236388,15
urlz504119763,91
hjko098785138,136
jyzy126088753,91
wzwu828650167,20
wofd652143519,138
okdl485997800,61
ezts557625236,148
dzce970616192,180
wiox743541911,108
kxix708559104,63
hdcd639914632,78
frao011876954,83
ktch079894086,105
dzwc574805405,135
clio546718384,145
ebfp155673526,188
isze270106899,125
jbxu445631576,120
octj452559933,75
rlut741667524,80
ayli847796495,221
tirb815010982,113
pesi237659409,32
vxxk224363678,178
qvlu992525093,107
bfts084906060,112
efqc502744808,83
ilxc416813055,105
qhmv669761631,66
zphc888664759,167
dxdd187746862,73
ubau975234253,74
tesa534488545,100
agvq631551551,220
poda793826480,127
mohm353347975,175
soyx322821739,138
rxot101725147,128
lkmb594158960,77
akdc836853038,139
fesw603896753,123
hatp627146333,61
bznq630036589,191
yuam579332857,210
egnj589170857,131
drxi935276669,127
fnxr842536624,59
dqdl598858404,52
yaiv993635107,135
dkft561101384,28
oqqa441878896,170
abca960146254,86
mmgo947049594,85
dunk343203953,40
echz987004059,148
kpol251349921,96
svft936885328,130
wxuq368282299,242
oqqn346456876,56
vbps468773344,125
sjgz349104301,92
bgtx304249026,81
ceoi022777269,102
otci395362736,170
rsew201569731,58
qanh567637196,110
ayrh380761890,146
azrr990864448,107
jkbm769060682,98
kcwx834862066,118
lcog495812217,103
jgai337490081,142
igxw163032324,106
fcxi707329294,113
xhbs415702322,122
wcqb514843154,175
ceqn975580529,56
majh758820252,156
lyqi705297142,183
knok378646607,162
wssm419115505,120
xylb707897653,120
wkxj953221565,141
gdqc375660694,128
fdoz881679226,78
inel354703048,220
dzbc158606289,74
pbkn731547082,135
xvez029000337,103
iprn878256875,174
rwez064789889,128
xzwb735239191,151
tqpt918095345,223
vqph777715087,122
xgpl032446745,113
kmqs444223475,106
fdgd048673883,239
afkg347296635,78
jcaa512304702,108
wkfr164789803,167
mvqn972001666,63
kuvq756856490,58
bprn312875905,179
zvuy376246527,223
gxgo508456595,54
oppg042670801,225
erua112861258,110
ufbn917348744,133
augh659489863,176
dlvv205509869,21
upnt658627871,107
hgfa218824551,29
zkrf095065126,125
imfn088707598,67
fbin399161356,148
dfnu259306479,87
qnyz285012941,253
ivjh475237124,200
lbuh718224958,126
kyrr554023590,148
yhpb804577315,89
jwbq223661581,144
vmsu118389381,88
gusa836651598,122
kalb986241504,77
ixuw250277004,134
qyea762513346,213
xcvz397386033,268
sazo006008538,80
endp741157893,260
yuhz395015036,162
hzqe300386016,147
zzxl778631383,138
muby242303591,77
auod452643483,144
opkv482314130,149
ucpt690579037,187
edck233876935,102
jvhx012533114,132
kdtn329221625,118
fswc454146487,141
kgbn853317259,62
tqwa227559376,128
qdgg371968701,128
vdms376905044,203
znsg017984624,81
iejl312887043,150
avqj897898791,223
kqsp938828605,206
wuxv731146553,89
zhmp358881208,109
nkyv657636855,134
mxdb826755673,170
xwqz527191517,125
dlsw448224976,91
amjv705412078,143
wntf143632293,171
sqmf305502697,265
ebky581101729,67
jxqm057225774,141
vmxb040920326,133
mvvs233990756,78
dxey948463269,58
uyyu561930646,133
agnq331789474,142
iacv884087544,61
bgxn289557850,101
bnuy290866468,136
nbpt891416810,149
bmyh369894598,132
vscp790883153,49
ytst921308559,259
eqwu082399259,145
jciu053030646,75
dqkf059048482,97
hqfg327069931,79
lhhv638384074,115
pltf770384920,158
wkak658964044,53
roed310067521,140
fhdb935075014,140
skjk012275612,160
qyvo361248744,189
tdbl719688816,188
yyxp305327659,136
zfri003801568,87
uuct387386719,72
ahvd715112600,221
fusg615610896,127
qerl580534401,222
lfqz379369878,120
umrp496550026,178
islq342136818,165
tcbk115113271,27
uzjw330600277,82
lmsp743388127,204
iwlc160684552,159
zoeu414747982,258
hwby766137088,142
dyci296088832,91
yjkp810261850,73
ewcd498707035,77
lhva918990457,155
ilhm003358409,102
ovhh072281477,177
nrem652150396,105
eapv346373732,74
wisv212058654,86
vzra936545954,120
itgt843340169,77
jjjn817788063,133
nuxq092904521,117
evxv917057485,208
gnkd449366165,96
hrki354455845,168
uyce630892793,53
fbdn654441218,136
taog331501924,73
uqwx240449458,124
ovay693593029,34
tgas262899456,142
clhn013313834,253
wibc288213424,125
llik677736621,205
qmha875419005,108
kkot264533215,91
iska265590937,249
btrh484479850,104
vnjv909475512,83
wzqr091475258,146
uwol814624969,27
sjiv564422843,212
qmwa864228770,40
gmmz618402789,73
ctsm461549108,185
eozk461911048,179
pwfn215451639,133
bqdu666325114,86
lhiq894017037,101
malv191681635,186
wwsz347293480,72
izjx803486934,163
ayzu596871423,17
hmrj698449027,230
tspi942140222,162
hkpy848744435,143
kcyr433286175,99
uyjs569736817,105
rixc820989036,171
flou876563458,109
qmou654086722,40
sgzs355446676,68
dezt121812827,217
effd671232408,122
cptf543034067,247
ienl045879349,110
qpgq519976878,37
xhmx920516889,163
kjfi772143379,78
hypk153143500,14
keot543815832,104
zmwx866521496,119
jviz966617208,114
undz498795794,134
nvoa617972510,150
aaky664006983,99
nwpc430911168,112
bgcn821831565,50
jgye470571870,78
wqgz909137013,142
ceir036765523,146
zxid770848355,193
mpgy543267935,38
pgmk441081857,129
zydg283935196,218
xcvq736018723,205
xker098183116,93
acud556245710,138
kaut984053469,127
tkji104978545,82
mmud169288794,120
ptvp159259298,165
ntew326802410,178
iliz072228472,103
bvta275773428,123
kixh234068721,153
ftyz641754487,183
nfef565531529,129
podw016890438,180
owez663654609,20
mwfp646594184,117
lfmz831211898,203
upbr419250622,100
tjyk330273455,133
zzkx884182832,209
ahbh469166240,98
xdqb591653159,127
ecdn036122523,113
nwpm041614412,148
aghq995035882,113
noef974031907,99
qexq252654790,128
enzd235255546,41
oepc690368174,243
jujb812399543,143
zolz963567119,133
lqvq087244560,102
zpcb459032526,71
kkyg303633960,87
aflm725641164,117
ujia150374486,151
vjhi575079080,155
haab874551000,132
elzl510878539,139
ystv915633658,13
iuve091489814,134
qvtb102658185,97
ztys800845145,85
boia220929027,150
fzof157284149,157
dpta052363820,112
jzhe296864365,97
wnhr810006354,191
xcaw034199438,82
fhiw300006567,119
atyk055531754,89
qxmv712412505,110
rolr626041780,44
echj806396068,191
fveq709167193,134
iezj005815871,173
xpye624448964,169
lfof578556969,264
pbki348079545,57
tyia362399450,73
myrc237545364,139
szvb723240150,192
wyzt414756389,154
eoqf252272035,98
pazx884614931,225
tuaf329193716,104
fsms352805934,227
fjuw723471735,115
ieaz158487161,227
nyse595053572,100
bzwd939238283,88
yppx258907280,145
mxrh803274538,182
cijv029513567,99
qzle084204713,90
wtqo794084352,28
xwss471533732,160
qyqg876834943,93
pzvc263138183,57
plvk262678490,171
fldx011801478,110
zfrt217075429,88
svru409590135,120
eeby966784129,123
bqek110207726,72
dsrh870795603,121
xjuf213039528,154
sceq289198250,128
qkfh772959731,91
jujt031553958,88
ouko819711640,83
duuq510847778,103
hynm902143602,165
nsih045492531,32
yloe486813485,83
qfsg500084227,114
qsxe065652414,92
zmjs504436851,169
qall676895780,197
xjlk895935909,94
umxh937188655,82
gdmr373674043,243
xtnz596863263,223
dyvg150618875,52
ufbd117538430,161
lcbq426683809,203
sbyp263593218,98
vgbj117421512,28
vxjl752615371,13
qmmu814848619,230
lcfy501693140,113
csfg300480790,117
lvnb225797352,185
wnue868112321,63
fapm707467872,114
bcpa764131167,133
iorg918633691,87
trfe351235590,174
vcsk118550729,104
hyzs447404214,59
wxsg412830929,97
isqm253156069,178
tscv959539004,146
zwwk917394110,94
mkjp502833356,19
oesd951187750,127
gocq177936618,78
elom649916376,127
joqx454193780,73
tzzg883074122,100
qcmy121242372,180
ujie907390703,157
gvfm979003704,166
mmbp019625681,118
kzbr018261177,237
nqha455844481,63
tjat069865432,82
qnwf877034946,101
fonv528737340,162
bwdo680897158,124
ezkb714786614,257
wqen386726530,142
jsce440503013,168
ekxn896576761,227
zhgn836386369,120
pqgo127507000,146
lqwv007052941,141
vnph503240735,147
prng295823704,147
dwfv690079630,102
xmtq101032904,153
bsvi311764108,77
ywim276739273,213
xwaj827720496,177
fazt783611453,64
kbyc555397522,192
lcze716264826,163
ydrh598107767,88
msen708393574,198
oxjf250168313,128
jkcn360754650,127
hbqo511457195,186
mdhw093485858,87
znnv598492992,68
znsp096582722,238
xmgw496848107,145
muis700358686,218
krsz616117733,185
qjjf574446307,77
mtgu161802685,167
besl801337224,83
iflx800118402,93
mnqo032631696,168
gyvu619312967,253
ddqw606527110,88
wzmc261801815,69
kpju702812830,168
nysx301251561,65
tkhh293566557,141
tbvq268795996,125
smik312244015,133
czyc428357889,126
lyru568985898,117
bqvx884899535,112
qevc421807792,168
hpxs580568310,96
wzco035279503,174
rtea839111458,88
icdt295765247,184
itcv624572584,192
ngdm053835596,219
cocy025091243,200
syhp452515402,83
xfsh938428910,156
cqnk686342232,142
oxrc039858534,203
czvt967298010,158
ulgx924624967,144
gmcf366578344,22
ygks595056749,179
uotl495720982,68
bjko998952311,85
sbyi750475519,149
hyil828838066,78
wswy747294116,128
xasj506760939,170
tuzz168551565,62
yjtn896790517,168
dnzb344081665,31
eqyh374704655,91
avav264209880,133
ngel056363991,68
xpiw906241305,127
gatg824861577,142
jkqu285459093,32
axmi049563406,101
clll475756460,107
voou621196245,18
towp903610664,47
ufnl780749569,113
dyqh713153627,160
gjdd725958282,132
zrbs605744064,119
nlkf855898401,30
ldza283310467,129
isgc790610758,157
llbu286985918,78
vecj817416882,57
xmjp394265417,93
vmnb115085239,61
gyqt469755726,187
tnfc634446194,130
frjb667074824,140
aoox931183610,103
ijhm774410357,99
wgfo970771288,117
lnpn188712863,82
zwlc463956312,141
yeet264993102,179
hoxg285241758,84
tlui730336304,147
cffd129550813,196
vyui059481567,147
krxv325628593,148
tqgg076500935,108
nitv668542316,114
lmjc946276479,87
xvfe036164621,116
xtha150042307,110
xlqp517413653,142
nkbq495773032,138
jtmv217334849,41
biwk345441575,93
ywrv242905304,106
hign183507756,97
jefp061219153,156
mtgd103478645,103
jtcg875935035,118
rdyg284058632,145
fhmz406249908,234
sjeh491589890,130
bcne974830015,132
qbge185706599,134
nxgy539601906,112
mwzq727658381,89
vlle308983825,182
rrkz484613720,151
cktw224885434,218
kopx028318241,237
kkmx295285041,65
cviz661223821,86
cxpf677496657,88
tstr508790618,102
bbnw290034907,144
xbac763408997,133
mqte744988836,159
vyrz964621680,55
zylz380463318,110
aobf207499893,209
hkvn840249653,68
xvde043573110,18
vekc149400148,10
plea386765220,148
ibkp764177608,72
uvzk619272423,170
bbnh306067972,151
pged867431386,172
hnzn231657621,115
cdjl518362594,176
wjwa964712276,138
qmpj316851326,174
zize289164174,170
iyul618627979,30
jzux014990771,170
kacb875862566,83
uajo356455489,113
nprw090937315,200
iekk773937744,113
rcpz359425574,35
robn719258920,53
iwzb232042860,133
jemc937598051,101
hyau812038192,152
dzyw887162089,162
sfcv375103755,103
uiqt964971886,114
nxyp116556453,105
tjrt330734833,114
axul651459670,247
ycfq788059016,178
vfco459338483,217
fwew767628499,128
qizt680129689,112
tery220344393,76
evqg617281994,159
lbcg020880558,190
swgx976219048,93
tcqz098515441,87
gpmy293517069,86
eaoa021939612,102
dadu226643192,193
vzrv834575688,77
msfr103766786,76
axuh998484824,26
nwte449835329,123
xrur151040853,177
hcic652295863,73
okvz245222068,170
tndh907124674,116
bjdj295418406,134
lfey129123203,115
hjob868155444,128
lxgo380753091,137
pexv335484561,47
cwzs640499905,85
jtln098377692,83
nssn253956496,83
pbjx525126211,97
qufn330450738,125
jdtd151538491,121
gqlx787463216,123
eikj858326906,146
qgpe644858997,75
kwbj812533714,36
nytf318997352,129
gxnp593863143,201
ympj184370327,132
aiyd042379189,54
dvme023763870,133
ppbn316675016,114
vbyn252301852,72
hitq968018471,111
hqzm799236406,30
nkzt012140662,97
rmap630414462,176
cmce976144031,104
frev431211949,73
kxls149521988,96
ytmz500220252,137
nmot187547070,172
ensk209052709,144
uwve323839075,160
zezu127354475,65
esuh806081552,154
jfce851854253,136
eknd071232592,107
gmxx575532211,182
xzfk003165284,232
lrrg909070273,102
nafj277327647,36
jtzn568699099,203
wgcx156263874,130
qpxc703360593,114
sdji385045175,117
msod402978521,241
kmly385634913,141
mupd387821718,134
qhjy397476527,118
qilg914298612,207
vkyx727104648,138
yppz656642445,93
iqhd058164187,82
syxu117737946,128
xxcc073979230,105
irup647737120,114
gmae739882298,193
lvyc563597183,153
nyel065180697,181
wwkx760647696,178
xfjm320072794,174
gjuj384205946,233
qxcg744465937,99
cepo402896803,74
xyll776670230,137
hcql260081894,213
fmnk196115197,136
xxnn280685141,110
xklo178081637,74
mfld820442762,151
qsek837801170,137
vbni964723515,120
yadd774679299,14
ysux921015253,75
zvyb643553199,143
sebm526910449,153
rhqf724339952,143
xpnt039725274,82
aqlz798812207,120
iuew249440381,122
zvtx089145220,149
fnhq182929974,158
kopi522268079,80
tiia154388991,57
wxsk545906396,125
jywm262393958,129
ulqg869020219,73
zhsc884103096,64
ceaa227006392,53
dxzc915292531,110
kemf361834245,103
vcwr204536351,148
ibgp035975985,160
rjck880991656,178
pweg563652055,188
kunr508430075,89
iele834006162,160
vsza325464646,148
jwbj204965321,80
igck706570801,22
yfkf208175896,143
xdlm186995376,92
wusf614490852,57
pqig341451446,88
ggbk831576727,178
jest041641027,163
nfqi542351734,92
laso176743840,178
ybsg450108361,107
yivd042292257,222
jkoc975578296,94
gsnf556846424,103
qcmu867402336,172
exki539915769,158
qfwj073755803,145
bqhw589533847,81
tosf187703371,144
ipbd211730884,192
qnjs266367062,157
hfqa651871174,175
ytqx448950766,86
ykhy689597706,134
uirr726873922,197
erny807973617,45
abua387573648,143
ekhx720599019,139
nzni609902615,147
mfpm732683067,73
xxmp180824629,192
jawt666746343,82
qlon978665551,123
gisq473879702,72
bven237745976,75
evuj948451699,98
dtzc944245156,220
mbqe263281110,73
amcw178211810,17
nuqc964278271,156
eind559413322,155
bptr580449169,94
emrj748506248,132
ttyo041874997,40
gdkl127779011,137
slor583795727,133
qugl378159473,157
qduu466421041,156
smcc122706439,162
oaui462238383,98
rueb261635910,68
pjmx346555895,217
hfju460007052,25
eulw517227395,141
wyod119971106,152
nhua972764546,245
pkca014312476,82
kbym606164377,110
kldf122455621,115
fcty968305551,154
rabe204239222,123
hdlb827431739,172
lemt940551692,204
sehu500655261,173
tcgf353125975,138
shkb332217067,128
ayst529333268,122
pfzu434054104,219
zuqw181122797,174
rgyi549773271,155
nqsa478307751,240
mzpr770008449,262
vhql451773487,163
nzdc390824138,117
wgpj747295334,56
mvjh491897336,83
uksu203670574,93
tsuf998231143,47
jvns061053242,122
wmwj864675751,130
mzls270378769,57
uihf828256819,122
qkls264547419,189
ohnd595199154,152
nbfz205396606,188
fsqv270856251,173
hosy905821251,147
mpnd544234105,142
guyn693731957,165
ansk358183602,204
yruv229589795,152
llty604387693,101
snfe344300335,88
ycjn075450519,192
osue592553014,98
dpfs808700728,53
nvqc161722555,34
vfyr561170555,51
cvck302726321,160
aylt161182692,140
wtqq681845469,140
ywjh827264091,20
zmft199868076,75
hwgu603589325,214
hogt052094706,87
fvht193069859,211
bcab813328125,128
yzoc791147004,136
olft151202824,122
lbuy522622344,83
uixc131196706,95
ucvf576019489,113
dkzy524385771,112
grvf180770586,49
kcqp593681285,88
hbbr543942525,78
pwxi612453569,78
zauw382178484,146
hiiv844737686,135
vxxz687673187,165
xmpj102984460,124
jaoe110317806,165
srol421258654,157
aqnd739510305,113
ihrt874307940,147
hysu664007459,122
boop741938910,113
yark798972264,26
xkhl932571242,87
lmsy719251325,19
xmkk993336306,79
xslg238289359,75
wcaa078378640,167
zbma339148639,126
hrmf819638719,137
hucc585153146,147
fgam141405870,127
ecka530566768,21
wdnd727834939,111
cusk999967786,157
twtz177853143,62
ueoy162614767,29
gtax501609289,160
qrsq475495642,53
cwlw584012308,163
mwdt741482236,162
qsdb771033863,54
fgrx419178955,108
sgki153288960,163
obau062868217,114
xhcr723700560,82
kaiw842074873,31
soec154484692,214
yzuu168107157,57
mbcn422940356,204
tcbw879247896,218
ajzu024590448,102
tlkn726268939,263
cxpw276229568,101
sszb971873814,156
fhgw720284502,61
rned192501751,103
ivia543757196,90
hxnh732797584,116
rarr769604215,76
cvfj956061021,68
gkzk758889486,137
qnmb145842208,117
zzuy527801923,30
mqwn550616408,230
retb462162326,79
scnw788830196,24
plck209616975,173
smem412470825,172
cbfr686652138,133
qked527761771,111
ywrv607988881,107
flmh329097768,196
lcax128007909,77
xylk356063932,66
pbyc155619246,168
priy702916170,101
scix431297049,136
zwpc906598645,152
jksp520016810,131
tvly027848879,227
ekbn263526498,45
uotn824638637,110
wmtp600179988,86
xcyt446278433,109
awza570274581,139
vjeb697746067,102
jhyy284953192,97
ghxe966250376,141
bcow947875970,136
nqcm600784259,55
cimh052997970,62
kejm250770751,92
gmqu904324848,133
vvxc277986120,68
zsps037479572,26
onwf466934861,167
ahjh109051735,50
tvpm153369523,107
drgf360150024,225
zlkd960868462,159
qvcw570649751,78
lyqb544794527,129
ffqu236607018,117
arjq260067740,193
dpmp150027912,137
lmcn506037363,74
suhe767055339,207
euuk931669423,93
wdcj829222306,120
pqzy916037885,145
oxkb286483234,103
cfcn737845940,131
rmqy076035052,77
injc559823784,142
sqhw501059778,81
yoep596870865,146
xitf286043881,97
qwod349819544,152
bkrm189545939,58
nmxz645918883,137
faqy839791808,132
zxfs017157182,158
sidd583903524,70
szby707248566,240
kmxz889695052,94
mtiz264702815,93
nkoj545169961,62
ptus652190647,17
cajr738749102,103
ehlm190031601,183
alcm176597726,149
bhny211368943,267
palz375667276,118
emof222903222,210
idwq456143684,65
qnxj830517475,198
ytkt435725349,82
miyr055174472,88
pdbx233491138,97
wuqy402655289,151
omid494020588,162
deod403402559,94
ypfu753103197,90
nvna994076085,219
axev351017866,18
ffyn760377469,83
rffh770990459,113
kuvw991757338,128
yfko552059527,73
qeas048123886,130
crjl439258264,108
bctt193303339,94
tlek973121903,134
csyj866972921,133
rqcf578805727,48
acmn702133071,53
uank448843430,88
niqw229085660,84
isnm292708463,122
zhdm323077739,94
tjlx095927799,53
oxzg984130493,172
brnn820189520,93
hzjm705690570,154
fbac772938486,102
byuw434990063,73
orgf201868778,142
fmsj570415318,140
vjrx088974276,140
zscf491253293,216
frra187830599,148
sapz799708796,134
pjei710814200,177
oedm803078527,173
wvms926655245,75
itzx590333328,126
twoc654067282,150
bqjn683424240,122
xppu119907560,168
dyvl244933501,131
zgyz711919671,165
sfyk593156965,103
kxkv116543748,240
vhts256061375,102
bwyc103358489,115
ypgc999910529,143
zzbm561169156,50
moop435046970,80
vwrx584319165,118
kygd659183988,73
iyxf969737076,152
uhln936004605,192
ztas298689361,108
rasg240815520,122
hxcj438280074,124
viip953464917,116
owaw629231637,70
ohnk842306314,68
wpnt012569507,142
kzmn751111311,193
yemf269513613,57
apzf268855470,178
aaue857229941,77
cpvy108623461,84
povc148615068,176
dzti560800564,125
miev481093847,112
eopu707752518,119
hora223140161,165
rzzs734858630,22
rzvx090175954,153
mtsb760779167,143
lwgm456487491,88
gdxp998549423,11
ombk549861501,203
jeym042084373,232
idbl247131791,133
krvs474309868,95
lzsr764573225,120
qfgm875797943,120
neax526556311,123
gkxh849008595,101
xbso632144043,79
hgtv139536079,173
vgsz098282413,187
stzy782308367,70
hfli154321061,120
buyn278341025,164
ahpf256354707,118
pczi993699532,131
wkxh637100188,207
umyw421382914,122
eeyq938513303,170
relk781261161,156
tqdk645313846,162
bxzv316833878,188
pwrt652521669,142
larw850603758,159
cibt545867906,131
fcmz411966617,132
jgzm785668057,179
apup723767488,83
hdcm643200620,56
vtom448747851,147
esdu185818278,88
iwqy074823808,117
ruhc715657979,27
jdre071498808,34
oeqr479215040,202
ochl636926862,141
hqzs616290465,159
wfse656197131,136
awwt871900074,97
ktng095221503,134
vzji334069939,102
hdyn181262461,188
cbkz905090347,133
ilcl754826800,153
zjsp404523279,118
enrr982194507,105
uvgo889721920,75
uemv225197500,73
thos593148968,85
oyjp237476287,23
fcti318222601,142
tarw286844876,65
kkie095373083,258
yhoy762697612,139
dudq120301860,200
xoch537075322,166
cgwr687847648,125
tjcn534915328,173
cziy522597711,32
moij714569022,144
cdbw832081924,145
cfkm786634869,203
nvkk717413979,49
elhz361948718,140
cwyh352350597,101
hwap363270412,19
daac023101166,143
lces436819360,52
egjo353676399,74
pqll662712285,137
yuzb668015990,25
eqwr881722301,48
eoia060613425,68
pdoo943700009,73
rmag672330082,109
fzhx494774746,114
uqem540112482,96
ehok350703437,129
lofh577641265,108
yxhp782268906,263
ivdl368825653,135
llrj810528429,157
nknm322668331,126
wumm097085009,183
elsx618923177,113
setf086758860,23
lupc546684708,84
lssr230984274,72
kenw488403890,167
iape966999716,66
dyef234498170,25
pjha781885462,49
eqzk621362694,143
psdf888985702,148
uutu999451889,126
kcfg825968710,97
yapj724270266,67
damx869632734,93
ysgu592245273,93
edoc808850001,72
tvjp719379827,16
sugf043410941,193
ksgb288898028,142
ahnx880973216,162
srdd552155124,80
godx867793599,133
lsll460559645,222
bmyx946459066,243
ywwk732336801,86
ppmn523546054,48
zrbq484664469,60
xevb283497230,86
phbu583933279,141
spze782175267,92
pajl029120268,205
cgjm296935496,30
tdtz158038791,138
wisg041765269,72
idgn928605701,149
nzkm153549371,145
qzzh184819951,110
dwwp445080030,122
sgyh516322484,33
rukc720757832,54
uumz769555811,157
zpsu357864033,123
sjuv608226726,135
dzpe084237108,131
yqbw235917916,128
lcqc530082480,102
mace914737213,204
oavp845891528,196
uinw223692372,142
ocgu392277095,137
oimz262368026,25
pfny215922228,118
nuap896246738,148
lzwo203695061,90
rkoh752714163,47
cnih420536414,123
flmv997006866,113
mjtw849112901,227
jros658644588,167
wjpk659058827,138
mlll236768790,93
paoe987804396,49
jydf568678973,131
fyco292409289,183
tkdg808210430,136
ompd077558272,99
zikf376397010,165
sfmx443914270,149
ultn989065132,122
ljdv915345863,141
vtcj322321926,96
fmxk600799473,128
hvss776339552,143
kxmm535356002,285
tqbo437027774,140
tnmg513026671,113
hkkf372172153,118
zfxr873489777,154
dazh730007472,119
uwbi908668942,97
fadx425690386,118
hlae732966779,207
zxhi325950648,141
ihcb013997353,132
djdy292100920,169
jaae931177852,147
ddga711122324,144
ckae430228143,90
idnj822322569,133
uzzt491453468,49
auoz732027653,82
cnnn099885180,162
knxq168779164,167
kicn358692965,90
luol410829929,87
zivp088773815,93
bydp989069538,63
rjms772335029,162
tcsj368840304,127
ijvj646586028,129
vnyh831011357,251
ztpq529115319,127
egdh101827480,185
ywyg949701593,178
vqgs617979846,134
tkqc933074782,207
ebjy320139297,155
hryn600403305,225
ziyc903426814,63
iikf872014287,53
yopx360732922,223
ioye406775001,123
hlsq345722031,53
jmlh593956172,148
elze807679339,242
lscv760698877,184
mckj546600411,109
tgwo916976049,138
ohjm749708541,185
sndu083665683,157
hesz746208428,117
vpat362980056,215
xexr749662819,110
kfwe766082019,158
kklo382232005,35
bmzf850205330,72
cdum399257118,133
lddb564194060,22
opvl779491085,32
xbnm881353918,168
dnyo838394540,133
hqsl556465965,50
ubbh920231111,75
gmbb055347165,143
idng978889884,93
korv997477676,113
jdld200415405,1
xrje332301741,125
krpt290609429,165
hsnv147068678,120
hpof110057321,198
clqf055346194,116
jyxs843293237,27
kzir750362682,241
elaq916554887,126
yhle603359535,152
dswg941980375,146
tyvh125861104,97
okfz421635822,163
nvzl160609927,195
pqwx231466757,53
yjrg078400728,53
mjjl773369827,87
blwo801656030,270
msbv881735452,162
fafn374006022,108
yfbo148064208,156
qiag001024538,98
iyff230869160,220
jdlb914284520,157
sbwh345066011,193
rqtr278396751,139
dfbz594747897,119
xzbc736027763,160
uplm232394152,199
jtla870908237,137
zwqw875558453,53
xcxu137210239,203
dojc105722442,159
dryd044974561,108
rcgk196145344,127
vuxq319488852,213
jyik918992949,78
voqg436213821,88
wlqj852855884,80
dpbd914380149,120
xgpa821137601,166
obrt917503578,144
hxrm735113634,87
eyys417211181,33
vavm205942653,159
iudn957577718,77
ysyz907739856,210
hcgb654959999,183
ezre285942244,111
aogi639244369,107
evac198906783,157
zrxm537302387,106
olkb982084173,108
xxfu420316016,130
leuu011752366,223
mmzn430195461,20
jnsc605505422,108
dgxk263169699,159
vkqc830198980,73
ccee062181269,117
rcwk731885608,82
oihb647976433,117
oktn338401008,245
syas730878798,93
vtys757601922,173
tdan297650930,129
mfpl615657196,104
hckw831647820,182
loys424446376,150
jmer159147766,137
rklj193098605,153
jtzo038635565,158
dmtr944376912,140
zcvc625680503,143
knbp647007875,59
jkcz790403345,158
ngdn136403452,82
qjbe314774141,92
zgpf345416802,183
nrbd072537846,47
sqtj279947872,49
qyma206233288,35
zmng697022355,143
fzbk743484054,33
mdkd271544978,66
egmv524281992,127
fzjc606732193,140
zvha872945758,77
baee952225832,92
wyrh872449017,99
pshv267058244,73
ddam652009358,146
gnrc808812683,165
wlzl832061016,132
emnd917952807,100
ksqg627695959,132
nmot331162551,69
ivdf284004389,113
wgrf132319948,109
nqpb235062963,20
xaut835348760,224
abyu163168326,95
raow280071324,96
owim066592243,145
zcku395655570,75
eshj386124779,93
yqqm917294055,169
qkzs374999070,107
yxxi474968620,122
xtjc680411319,215
tcyu007472052,117
piin596008165,161
gsbr701406936,98
lfbn427327824,187
kbqe997811642,170
ltax113244176,174
omet983623898,119
gtsd941759159,255
yeiz266152133,161
gspr585357710,78
zqxm630209557,165
kyju177278038,175
fhdj319167860,185
rydl833580242,100
vlsb725117450,130
zdfz251080011,117
eoup958817341,150
tfaa784316876,218
qcxm210660201,218
mbxd323429356,60
vyxh260074603,133
nkmj886147775,74
qgrc469882909,94
pedl055587635,127
braq471137376,154
kmkm309850962,93
gzww889235442,197
wovq362943506,118
wfmr294775965,138
fwen448400427,190
ikpm704502761,11
sdhq306309375,245
eaks674687215,139
snmw467438671,96
grxb171488985,82
cdnd388310338,152
vwae638579365,190
wnqk519987773,120
lmzn299830998,163
uxib582748093,136
ntno896537322,80
xlkh926475795,58
bmza787255286,144
hlhz211034026,122
acuu328652428,26
yois894108559,185
jsza712425193,136
ahyv585857804,107
mqlv840395401,28
vmcn388037301,93
dmck740438025,230
rjcu416507791,127
knci983756262,91
trmc633101195,170
stul448480940,146
cdac649397322,57
elxl274584831,158
zrfh781731182,35
xmpd187361289,138
vdhj534904595,213
ootb031470268,118
gioy724594761,123
xfdv965289736,107
hwim943732499,167
ayiz270603903,186
uxzx977109796,78
nsgz951593857,64
emmt369754307,16
zpsv061910708,193
tbyf150794416,212
urhk936849494,85
uxsq327365608,143
sfio188134562,136
saqx363734157,141
gezn082119438,142
evko541225761,77
gvsn437343781,145
hnsx702298513,128
rpgt815509879,172
tljt063900060,87
cfba270497468,62
vdnl840414678,150
ocnr891658684,84
bxxu174047668,178
hyai486047097,150
vvee540160309,65
zjxi062433910,100
hvjs505899793,28
swao934819455,62
dpod192649546,18
wnnd297303162,87
ftgw612088725,133
zdtp019973146,72
oztl004472474,88
xzyu421173935,72
khno948761561,91
qqle288793490,113
jmhs456426466,92
gmaw034173781,197
kyhq096772419,76
oqam376814196,138
gvxl956823824,74
kgnh453699634,155
ncpz855082152,88
ufto057367569,88
dmmr702119639,129
zhku447368434,87
rqvn369952732,172
nvev073284408,197
lxxj347344393,168
gnau390266380,149
ryqh366729881,117
ptro875834040,75
rmlz088610537,79
qjgo007667263,163
wacf127164286,51
jura072037715,128
rkka223969569,162
runn756802109,70
kywt307316298,93
ttho919979477,77
doay471304363,221
ekgb794823883,73
rdsd470353266,203
qohg264273385,72
arpq571098873,133
dnsm258717151,201
idra340469187,159
aqgs842669974,196
rymj903864708,168
kigf497197925,143
bobh010497042,189
epry811459644,122
hrcl197288646,217
czia644284155,96
kfui175171648,54
fsaa627867190,107
dqoh382728675,138
cces314076068,108
sqdj788192389,27
tpzk185864650,128
zkwk094490328,108
xejw513311668,122
eakv749082999,73
yarv485543843,100
uplm934750121,92
txww507222333,110
otpy919215452,167
wvkg323834389,167
udem635559078,135
udce879672492,173
uhbg104662130,198
tfqx488423389,75
csmu518721826,67
tesx660345328,82
fisn624992732,182
aqox560588092,106
ecbd631324901,84
vzdt727755833,150
xkru499180397,196
eqft705033013,129
dcjv372752074,183
bppd957404639,163
jfic495776475,138
jbog124220229,146
alxo837118565,157
pijk172851021,101
mieq266737769,49
hbwo041773152,192
xpem780846260,143
dmro157057878,93
gbso495876348,82
iflm429709401,162
whxv804186192,116
jhgr833553210,78
wgai019902475,83
tlzg673313922,247
bepd772194062,188
xzic340827023,12
vjai581717887,112
nqfz382205259,77
wugs710415160,124
erym685851442,118
bisj098409928,213
oylc284080916,46
lqvk005879215,83
pnbc589177363,221
jxqd693394370,220
wpcl408971555,133
hqde326337518,155
hbmj331569387,107
yqoy510101575,147
lzvi620362434,87
kmab016037103,153
lvac942691022,127
ompj871351342,80
idru742637171,190
cbwl953601485,217
arkj985392820,97
wpdh879321003,88
zkpk481937738,190
iisr040761557,138
mlzu827293350,91
htku906058076,115
dbgo032304692,104
lbiy101664932,235
ednl962345820,118
rbiy952625047,246
grpn449498530,155
ylns207098670,154
znaq048066528,54
jfyi195448823,149
rqhl561221125,124
ujsg953039251,106
dqmv780094606,97
nfvb088640179,134
tscv617342230,108
ecda679520039,98
fmdd972806687,143
ncfv398705577,150
xser010784388,207
ljbp679280613,108
hzte408882649,125
jlem753669935,149
vfve146833179,105
twdt799809773,14
gvag985128214,68
pqyh852256339,183
cchr286038137,248
fbik183633466,137
meza409189610,143
iiyu268190351,78
mprw050750629,154
oyuw816136323,188
etqa102057759,106
qppv506534301,196
vkse579264758,152
jovn832463045,165
nmww741883852,66
zfmj405649922,159
wcyk976943362,83
gnci217515452,104
tyjb274830185,218
kzzo937056264,93
ygss169500229,93
mefm255851502,149
advn460834276,180
kwkz905698737,109
nycr972845680,77
xxdj197028983,132
dwfa611515771,67
cobl219536454,148
ipjb821897660,162
amvq599165896,78
kqiv498654575,228
nyzs966526136,150
gjph798683197,69
ezoj765286635,70
ronf741868356,137
girr881361105,178
yjmj845427906,97
hixw626267305,177
melq777495773,133
hmwh631730528,58
vwes714754811,107
tync795310600,156
iaef417550633,243
lign008321680,88
suir670257161,95
yiaz830714854,195
lkoy975961213,108
pykk461865857,84
nktz431057478,64
sbdf314496400,140
cvof952742236,200
ypgn276543868,138
rmbk163891179,155
rlxt265898345,151
kqts360342718,94
wosw211416089,78
geoj486379791,173
yujs865118996,103
oawe206321835,74
vjca009248717,82
anfd210183800,224
fjzv642747373,73
ronj815630307,127
kzbo021082351,75
nxlb910099445,82
upjc844374296,152
nyyf876876223,73
jidw410526508,69
ohru331060124,133
apam350624346,48
khdj930101922,186
psmk107422176,205
pajo387378832,115
ggxj156809334,74
ayys057725588,172
xitd902709187,159
jyrk864042414,142
ifvx948197057,145
cahq511153191,89
eybp328661491,57
pehc206041952,144
hgrb932008895,112
kcby094218156,239
aomq648842599,112
zkse580529210,135
daga719213268,237
xaam547755212,129
atja498002404,178
ekup913876861,112
ovno439231055,237
hqlo577438259,155
mgmg563812353,198
bkte518540677,234
tmxv050080658,108
jpdo776109568,66
nplv800732006,160
kcoa600710662,92
bxnr360167418,168
eths451344524,202
hcoo875965169,175
vmrg275188964,144
jaxe867728142,142
htan461228738,211
jjle785073205,131
treb060329391,107
gzoy273435041,193
nnlr431996974,173
riiz388410426,42
scjd025567526,82
xzok641312314,81
hosz774364252,88
jcol219524053,135
azkd883320434,113
xnuw770086152,138
dzuy350326103,76
bmat194415941,77
obdm965641281,143
jelu335250759,83
zmnf478034347,131
jrwn029529208,140
zluh986355613,190
uzkw117126563,150
vinq913572873,112
oioy295873543,100
luqa706380836,26
kaan336846944,82
qvbi315200824,137
ohki594503991,93
xcmp079217785,87
fsug992867120,74
scbn659212562,198
lkht725066803,223
gevb007475346,82
frvf214021680,52
eipg722511880,168
uzbo112532056,60
nhuf851810812,117
bqxp150610221,136
dutc640645080,87
gvdu517368700,137
char334952122,228
vpmj783472178,59
xubh139721072,69
xbnq206890239,198
rhln461031697,93
btmb667667125,96
wkze673317878,164
orbo898626016,189
ooeh358967916,88
ueva141547321,101
lrqy688626539,189
ezqf508484590,79
fejd328976882,97
rwex849157537,190
lpuy073184431,160
jowl803217424,194
xbag287467581,121
gmlk147544664,137
skat340834674,101
upxs370758646,113
vpxx907608215,123
dcdb561162350,100
llfo162931478,107
sycu228364617,209
frdo099496778,128
qrms017108408,215
jjqg654402097,143
oejy399369868,142
aqlt433560836,140
hdhf277503590,147
sxhx873602073,123
kpzc500840837,142
vyvp186077416,88
kukw445245292,139
ugkv868469099,56
hjun774077670,90
dran404144258,71
cejk743806982,78
gdiw368994222,17
zisv109266621,123
voci753997001,215
ctwm018310258,140
ewpe066961004,133
ixub786375669,137
ntms428064667,133
spki252855679,113
wklm727767215,104
owsb748154937,39
mfnq234814581,202
wpbe489129435,80
ggwl214194185,122
bxsz185439135,77
wncw134535218,139
dfnv146732104,79
hssc521427918,68
nfkc196426682,68
vnve298026249,111
csdh064717796,172
hxok769536929,87
ijgx704414666,122
xjgr416850873,100
eanw385402084,157
lwnj287595061,115
xcdu738702582,173
euyz313965765,190
snva131512030,129
affb930181495,77
gonp671476082,183
pxfg396714285,92
hkip182891704,76
mkll420696635,240
oeut975271232,167
uink769217413,13
ihqr388358081,159
wolp823246975,88
eoiz554451113,169
sbec966385540,218
wmsn893293097,100
zraw607590639,105
kitq262281103,211
ljys920310464,206
fyrh586043699,203
tuuc650357382,82
wtrs693954252,103
usme721695536,189
rfsx885854521,144
liyj355797877,55
kmae430877780,107
xptr747493312,47
eeqs498685250,152
whmm756736040,187
qszo095784894,99
chrc872141078,134
czgc584686698,93
rmwt308605497,71
yitm807530427,71
duin147869250,87
crvn406368040,63
qbjj724800700,153
dhqp466518699,72
txov821996775,106
ssyf147218900,123
bslx262334792,175
iwgp971840070,132
bzre349175890,164
pqzu072608107,152
vcug851406739,115
yiwi829535321,112
xnkr668921452,29
lusx861965586,121
nfmi481204048,143
cuqj624996754,133
eqdk719399351,64
aynw215838570,170
vumr108051489,192
dzml967420412,140
czeu369057071,115
drvq487772348,188
hsjl093613233,107
aprl488318125,168
qymz593495828,148
sdyt775938074,188
ujua981943192,92
rmiy794497659,151
sqgp014989041,108
pvhb071810281,44
yiqn856878935,62
qkmb030399495,105
vfch208609549,220
tswr984803085,108
snny670764850,101
kuvs796463424,74
htou041240353,172
cgye383806218,178
antl109789898,47
gcyf219042423,36
zwrd600122469,75
itrv343170000,78
fsps971810902,187
sbjw794377146,127
kimj458922616,143
oxdu857927210,76
lxxs387885303,23
fewt884333178,166
hjdj764661862,82
tmxs632321642,73
vhnx611581091,175
fuik141295497,96
ersz872016955,118
ettk308878688,118
fuvy806337630,138
wfln986551789,167
bxqe252743064,115
mqkx474282186,47
ehnu376183345,143
ymqz390847075,118
cqtc909781476,152
armx879599371,164
kppe643483504,122
javg677311000,132
ifwe771171322,130
bhzh315000011,127
wldd857875733,105
abuq949808444,126
cgdh251433246,142
loyy197319743,127
uqzj136884081,45
seho403813094,67
iany797140674,126
iosz920936606,123
biju245230724,97
iprh569581314,135
aaoj938023229,99
cjyb189642734,129
yinp132225910,105
plpt842615309,102
insg991582890,158
qpbh712363120,51
egge320153113,122
avtt998709444,48
rvtx128976612,87
lyng812759942,107
jjtl322598832,73
nrdn256621599,216
voog815786366,98
mpju712512018,132
mevz225292497,183
pwjf909868934,193
gtzg294997209,74
aopc873319315,97
symo945927315,112
acoy391566259,128
dyav295913817,103
eqww050758344,170
kyug163007626,19
cdzh244894764,75
qgat280171221,195
zkyo429997327,165
jrup367844423,124
iaph975730424,102
npkq890669487,110
tciw413214810,81
xszm166665842,110
gqfb420156980,164
uakh622914811,152
ktac178415236,117
eatn641115781,133
dqoz539005174,100
lxqv374659548,145
gtcw568157933,89
pbfz664521394,32
lhcm921017787,175
axrf907624730,72
bxud108022248,55
rhhz895204768,79
dbth801043213,78
ddxn903916676,19
mqhl303103000,163
fsyg596458736,248
zcjj387340993,147
okik993604958,126
kqzi192303529,178
cxqw534964654,60
rmna902819777,92
tlkp761172512,83
ttmb063141571,188
gils835466365,142
xtmc761487431,124
iltv895593213,98
uspf455192094,101
mdht693068494,102
jpph204154275,62
wtay900004384,90
yrfi728031704,143
wbzt104808400,144
haxz867048762,101
lgrj800492006,113
dbpv451462457,88
sxox567472560,128
nhep632163514,38
rrmh113692587,248
hggc274723162,185
xhdf251924676,25
qxns021829285,132
iutg916287689,62
yknk895660137,141
ppbs689497224,41
tnjl295833414,141
ztbf292297028,77
bgqi019039638,92
tgsd804935572,140
twou146897119,79
zshd345092661,106
feae107719304,35
skbf201528006,213
moyl758836329,98
tfjr501912813,94
azkt597800374,196
tfgg389273440,77
ricx094580092,137
oxyd309653565,116
srzz126278091,183
nnwy057730318,32
fefi775383922,128
shqt614892454,126
nsfw666186765,75
rbfj261360889,220
sqmo575737508,113
ktnn774883582,175
wisc859938663,130
jnip889687290,108
cqpj177959689,31
hnlq936052664,182
bauh604821122,81
mklz201251369,63
fczv470895187,97
byfg818541509,167
qeoq087345581,252
ksfh743742634,65
xxcq107888205,98
yvit097208040,150
atno474934979,105
azep212903399,127
rhjj855474358,122
ples225100744,210
lhqs887019123,130
swcv706398124,72
cqnf386715013,102
mcuh121751608,183
jyho191858463,125
xyah104252962,177
dtra102481738,22
tthx865469595,191
vvmr046052975,138
bunx599045437,158
bhux953163134,99
hepe938940780,49
ncor185272101,94
fqpx549014044,60
hckt006369963,82
earm342254713,131
vfan916157276,72
igzn038164396,68
tegh889785899,193
xjmb353264605,117
mlmd563782543,83
jxys017340483,103
vscf035908836,180
extr097656966,61
dont348139680,128
tgyv515090104,106
aulp360624566,206
eozt014602958,48
oxnq266920995,79
oeqs683124692,118
enul191057567,28
vpzh915061616,160
udwu208888015,142
hmkb814671479,35
mhwf297600449,182
jota610076110,125
xsiz244502123,234
whxe037756393,130
vjgo987816092,196
nhdc974621094,84
ufri823873868,111
cnmo898444047,132
nwwy838509985,82
pecc047661382,81
zozl613061975,78
jyim836936596,115
paim191591176,182
prel137730827,134
kwos225678645,171
jzqd070155244,146
tuen956849868,132
yjjx965343943,107
cfkd565636277,106
oubr258947998,153
yjnq283256627,148
obxu173392107,129
ftgz246975454,118
iptc210581699,101
tcbj763125637,228
mbqj337852149,101
hjdq255621015,103
ygdq271685955,135
dphq322121351,58
vorp614211695,114
ldws034332482,171
ulzq334305269,92
byrl180788041,235
lykr417598868,67
mvmf036463411,74
ugxc950770457,113
ymge944702518,29
iyur664387928,137
dtdn561402934,133
tuzn142014972,103
zxuq232476886,88
amgv364389033,96
bszu871319616,113
mjzh412984054,138
vhxd961789217,186
cywq243228554,113
kius536894382,131
abcz739809130,119
owur687996198,123
jfpo044011681,103
djbb454872877,137
xely766223766,145
korn718010412,203
dztp652533896,167
jzqm604559606,167
altd433787255,153
arni885541374,167
gfhb841632818,178
huix820064255,112
uqja864979496,107
kzun311684205,83
wxik901835980,95
crsg012831300,117
ckch473782084,128
qbvu232219436,92
jvsc402966736,151
wysg568024433,43
bfom461270959,116
jazu902070207,164
jcel609083168,94
wvfk366302293,147
wzim437919328,130
rali951800373,81
leyp844730734,227
atky007763957,122
awja805924744,31
cpty354625272,87
masr422710246,137
aqvn990265334,80
xmtl070843315,118
ozva292222668,170
vjnk887411509,192
dndh050394498,160
fmpl984444454,213
hrwy621520115,207
xuke510761243,157
bitc039102035,23
zich496328144,139
zcvm209407710,138
bazd449968896,83
kkgr049522404,108
mrsu311078040,136
rkvf487164328,129
fhjw964042445,29
oxoo449471665,116
qsdt158015593,98
zfvt495491165,117
fcfn633481823,166
axnl355414777,129
rsnw521843345,198
gzwy094201536,134
usex229246167,55
qszj738328170,67
sogf247665480,64
izut629329081,65
terg397426095,80
gkdl241202528,148
keso848954058,123
vezy081221611,139
mjot016011893,179
atlq592636186,95
ckyw627397028,103
yrxx216574652,86
eeff720384184,98
xktc492898787,212
hkbs252395577,97
idex839542944,155
jqbx242556596,49
dhhs878953788,83
qylg044665637,68
jfwh931542263,105
ixgi352290626,133
fsjp583488134,77
frjc428986833,183
mdjf614315162,135
kupl857965958,113
yfbh834549561,156
yibh666138726,146
gtcn429307636,110
ncng964168150,167
kihi717368978,137
rvpo548259072,39
xeyk777127837,101
uaxr624162711,248
nhbu318859260,158
kxzr525924508,83
ynrn509674738,166
xnid932234056,147
tnkk703304721,105
ewox397174272,118
axmt137587841,143
lclo747541752,76
muva095855245,165
pqgd689384679,160
zsmo252008392,133
bncb712989425,58
jwbf322824042,167
gijo096903930,229
lhlq298951674,60
nimu753353531,97
jepl924443997,117
zycb490349038,94
ntql624890318,30
rmtc826128309,189
wrqt422656352,137
uhos315223562,50
zefb654410624,127
ubxs947897127,145
szny987481644,143
gpgx348971248,123
gtii053599172,188
xtit146204752,119
otli468556376,165
scxv799580415,139
tjwo893367587,85
qzkh855183302,138
iadh908285757,140
kcjb405039527,122
fcdl446096037,176
msgf391287412,90
szbw206726458,83
mihq683394962,93
ymug650621804,80
lixc769036727,85
irwr277362763,31
qtzh099523093,67
evoj977378830,167
argf243565328,147
fxaf076014998,68
ynru621883278,127
wzfk845068461,153
fogx082918857,157
mqvs966299182,231
xtqi013288666,232
umxg409284386,207
iypz557761478,132
oneh605658992,152
tozl436968503,58
emhm119521113,53
fczh101296203,73
saxf393393540,62
huhn800036653,77
arxw354500260,215
ivsk251321913,125
peit726225474,78
wjoy730698812,118
emly821471878,184
fdow829328620,84
dsdz611814602,145
pagi106985701,97
bihw737632435,78
vjze869288004,159
fqxe848745820,167
xfrj912653067,168
pktb014088773,33
jibh630259836,146
ehfy142288709,118
dbim723449896,54
jtaz863918031,104
jnqg078158442,215
nrko626763767,133
vcsa399116594,169
eqtg940298682,40
povh831206713,132
eyry810448527,132
negd373010678,100
mnhk997538487,105
oldk071997339,99
fink439347846,143
lokc089087504,123
txor297111002,184
mhwo542981103,104
jncf476138554,132
mida892629382,126
ofsa199625437,190
qnxg011947680,77
pjun127871534,52
gmvh260034720,202
awbk682915565,209
uxzx120160822,105
lngn564928441,118
qdtm319665845,86
dgst949818842,142
aonl940778211,77
xdrl752181285,123
bebi738349587,138
kqkt967765828,70
knmw345367799,93
qcpp182569771,179
gfyk766181745,35
baat889024412,29
mput935759240,98
jsfr744440437,68
xlut798706475,135
uuek883649221,138
mwxl165817245,118
ydtu496564168,52
ovbl975077084,28
xoru393362349,190
lcoc669220861,105
hagt829123985,116
odfx816345852,188
pyxp376708648,103
giko462945640,98
jicg715117125,192
fmri490411962,39
hugd012685109,62
hzkw163842768,138
gtbj959215607,114
loid458342764,84
ebzo642093382,113
srka126015354,84
wolz504505237,120
benb286855130,58
fhxb708252626,172
aibd183607697,143
koep948744580,49
rbef245915432,36
nmae020371797,247
skqj126873179,126
hjme833898831,136
nzva260801293,96
oypq369651168,163
ouda949456674,59
bllj399559594,62
uvvc990589813,88
zucq660087351,128
omos699487179,77
vwcz942844505,173
ngwn708650514,113
neno069691437,66
clsa135956422,102
qjyx758479182,84
tpoq936015153,206
ukmt556088505,153
rsvz546743327,121
yush997477436,132
tmby921166879,100
cons747295129,197
zian935835510,79
dbqn937182205,53
detx536115192,107
mpya883118068,133
slbu038547938,233
hlql860853514,187
sxue299999882,203
wzie240024054,35
pvrh860224778,155
qwgy736033136,163
llji988847958,122
dsbl641775857,112
ljas798058416,83
ywmg289164883,197
sdyw179386142,122
sjma579184272,49
dyno955980887,118
pomq081478876,82
chou198545499,112
czom217175107,167
jvhh469871654,128
yovf575249389,134
ilur834537029,88
txua364250619,163
uues755379350,27
ttlo915265854,123
jpvj674126772,136
lzck756513687,123
syvd537080545,154
nojx466837074,185
nvxv341707190,98
fyhn331705605,180
yfor516725871,73
mzso864814081,164
ylaz025565268,76
wter044704149,152
pfsl458587826,117
xqiq462881023,84
dutd100782001,168
niuj745945639,90
qixk590760895,123
pwrr982473204,112
avhi886377295,131
maea763069228,173
cgvp884323495,159
vaay262657882,221
wzdv965584047,79
appf543418877,30
evds242743220,169
njgy460395391,78
nswt280555902,173
nyjq156816432,108
wsvk087333550,67
bjxq155151974,129
lonf045473755,193
fgzo060324201,182
xkhi405325278,113
sxad268792606,126
hzja602120190,122
kwzc533284081,223
bsfc792582876,125
xqfk671627961,142
vxmd355685563,131
oclu647208011,125
eghs827714057,140
lhvp121413399,128
gqdc903763983,102
fnjh957012990,163
butj350797230,199
wwwy738679085,195
iadg067472996,130
nytk524383109,163
yfzy334956936,219
zzsw081148179,23
cmwr128798513,218
wput039937001,72
iwua277117204,63
jmyl683337607,173
vsfd913052100,62
vwby220145826,109
yfxx436969840,88
rroo181877828,180
pzik491243970,178
lsiz688322726,109
zeyg948574444,90
mpyh074134394,97
mhhn600909361,80
hnmm252197125,152
ocky292112473,143
jpqc579092056,172
ucne279233533,172
rmqm426199992,60
kaeq790224381,118
jnlh420675230,123
wisn528913541,92
mkjh336678068,101
babm995518179,174
upft065578566,127
wlfo808236337,54
etzd210544404,115
etwd945360281,73
dzsm571424738,26
wsaj333789592,178
eirw675132212,87
ugrj275121374,105
tjwn215594150,159
ozrx796212126,108
nreb228783029,108
apjh091312509,82
qdwd739468230,109
dmlu040968499,221
aaer219698621,75
gpic290297721,80
nubh485541753,185
ppyg097159335,87
ridv873192288,147
yuoe907622935,74
vekh508941225,88
jgzn593485885,116
fggc545107981,125
mmkv584123129,53
xwly384940671,137
fkod417543355,122
stxm554635819,55
kful507979424,122
hppn770490372,108
glsz454712175,167
sula161293295,26
camo590317962,83
pkxf220213475,48
rzvt599332727,146
xmjn019874783,67
wven869285185,238
hsjy709337374,56
kczr927666303,143
ogyr266898057,134
fqsw257951260,134
epmp116682402,88
poio311598157,26
msbb363528995,21
vpwj513903878,124
tquf987150043,141
dacb923154355,168
tnsy610560738,142
ociy723150449,18
wsle132703630,144
jjjk245633425,174
tdaz820588929,123
bedx521032648,43
cutr309409437,70
wxkc718819269,90
uuus328811901,80
qcjq538220168,182
lfjm389150537,84
cjco738016790,165
mzur308101636,72
jfbv186880360,85
irkm759600910,157
vnol730342265,115
gvhz507116683,212
kawl549916574,173
tdhd600760626,116
iarc407716456,65
hxxg305732728,109
vhff708034460,82
zvru598775137,153
ykwq397650759,130
ccaq334657172,20
wvtc659815208,138
cevm249620934,30
bnds783838149,153
clau693841925,113
semo748763617,180
puba917450646,93
ggsb834600542,115
jugl233256274,85
jjyr200876491,55
ouxj229713640,107
msio159064469,165
htqc538601725,128
tcib309962118,145
psbw497317065,98
frve323321707,147
nxny381347746,121
syew314833480,155
hwef510337359,132
fqyp118366362,136
pgoz457554250,154
mnru767928473,179
pxlz757907769,212
qwii075193851,94
vyiy858310249,19
pbqc856759765,78
fizv314505608,129
dvkt669275736,197
dcmi789490811,141
gzpr325547733,105
nnwt427916347,212
pfus435739709,108
hhjd943239624,95
atoa656227044,167
fvuf832766723,82
ckec549016440,79
kmqz027063477,141
fzux168580713,137
xrjz460957645,80
apvr982305713,76
zztp167312085,147
uzuj347383645,16
nner363543292,179
uwdm755261738,130
yjjw491825774,153
ndhg814238010,114
xbmc122809846,68
mhtd511207928,131
txhk407607858,79
gpuf033234555,65
qebu439160090,155
zmlz433473485,205
pdwp089325057,34
qsbx959676657,132
qvjd209541262,84
itri897992215,187
uchv074565761,54
iegy253913799,76
tybf997111715,207
jxmf618475227,77
hjoe629833410,109
dfsy965447377,113
higy090172464,39
paai283152132,203
btmu864076093,165
xard377711657,98
baqn032001243,69
sbjt368993527,130
shec965227227,131
aiox886727093,123
uign713785824,172
qkuh121886222,97
wvzp468156656,62
sbyc325455031,127
ziss277009544,115
lgtz773216185,143
tmbr840860372,123
ujmw968502151,184
ulrg674394727,86
goxt362430901,104
gzoq914264338,113
szfh621492691,34
sylg370629243,93
aqvy469216421,170
hmts365219591,95
oamb538117900,54
skjn582561126,73
ckch680636217,168
yaay949966618,51
uuxc080636514,65
zdul326266716,175
ajtx920068571,76
bpak063104160,94
fjfm382397305,116
oybx442408516,107
dkoe328226269,93
dglo017356762,78
lhxq003518844,80
jiqq286168446,194
mpbk789105830,91
whrm001499532,106
vfyu808089579,151
xvzj734729003,219
acyp808351023,183
axvm659175591,97
dxjw859668374,110
lepk666490174,170
glto454497276,75
sjhl378405488,28
kdug554387844,103
lmed251643536,14
odbm467660678,137
aouf439640443,129
pipk952113002,130
pmac052334723,139
fxer517219300,77
ttui172037570,114
mpcf769750886,63
ixli655494058,134
gwdb443773375,97
hwxo762437112,106
kcpf414421158,125
xnsx567117147,37
obgx270722570,109
sduq671158287,103
zbig564226293,165
xqhz674000131,155
seqp004391436,78
ewaq542824917,100
utod461393863,196
walc921547155,182
qlkv124228129,134
aunu240504514,122
ciuy673039978,178
fuot520264782,161
ffgz545978417,147
bljs482049139,79
csbg066421423,104
eeby841641602,127
rpnm701288183,157
iyql232035821,168
tdhg092993395,112
fvme404979011,72
upns028718406,160
egxm806255258,107
sglr503114835,148
mojl965717443,123
intv104606825,73
yuks719639431,87
iilk882137306,185
igzs478434913,210
iraj036492419,232
rpzr353981787,148
gsld946165898,107
iqct758970969,26
udyv473142310,134
html231520634,188
htkn000218947,244
bleh795094050,71
nkow144112905,154
snxm334287262,28
svco253015952,137
srda387076216,108
cnbp609040703,98
jctz646257888,87
nkwz058592611,242
grov048230949,212
exaq102331366,124
lati377669546,88
duri816239395,106
uamc392907208,80
amnq190409619,23
cfgr952073134,73
wiez962634765,13
jpqp399231271,132
ejle008796072,157
qcjj531006681,130
nzji507529088,169
utkw316811168,96
soik112904302,143
gayi221844066,93
ltfl569418136,32
csrs895490553,74
oaov587846264,67
rtrs287557759,122
tudc989281085,122
zbqj840763620,97
jbjn420516377,133
gfqk366533259,184
ryjr011761257,249
oiyt627142428,217
spih790848506,185
emru885889095,137
ynzs644855808,154
yhwd647759262,155
ihas367566779,134
ixza493013549,158
kego839664110,110
jhnv237143673,129
csje681047696,148
cezz369758301,119
kwgo444593653,127
ijqh690381423,56
esdu177520953,57
cmjq523445274,88
cpty376672494,122
hsdu198340139,237
xguc965011766,113
uble366194364,76
slvp036338860,56
vquc797297475,90
ndxu875989252,102
mtvm346950679,127
qwfv785480709,267
qdoc626548401,77
ufgk100885482,129
mybr001849638,105
snrv920916364,64
xvai218308570,169
nkcr476329120,198
ezsj707412007,216
cigy872329700,140
nydl640382819,70
wevx199978601,55
noab744404665,76
axcw941655784,135
iwas113943097,91
ayly498649075,92
vobb928281248,225
otrb077827524,158
rgde385216333,124
urkz111111104,110
fets438204306,40
knax663285470,148
tiit065576233,157
amev598402359,137
cupw273698861,124
iers818352552,86
ijko508621042,117
naqh547283646,108
fxse189406163,198
rera708347363,126
auhu467010101,87
pjsl193371318,140
phyn771826339,232
crqb213778407,159
etzq578622067,57
abhp159965060,223
tqdw915390274,173
pebm520160798,159
usnv339968434,20
fikz271286713,85
ezzg487192186,155
ukxn301091461,130
ztil674917287,72
qjko889142296,163
wdvg386694159,118
bpdz016119968,77
vpwh235274755,146
uwxw211960553,93
nesj141042061,105
weau954041736,52
doau627083856,149
kpex284755540,194
muuv810011320,212
xdci639472405,20
verm273017605,163
ynii456635124,71
rcvd323267337,143
nizb258667010,150
qqrl406400895,102
yatd757328575,128
aomd113532623,54
nyec106129824,151
fksi706201021,117
ycco361770458,98
ydzx692098129,125
kdtm659506034,202
vczf695122557,208
miuc591600712,188
pvpg720136701,60
rkra318218349,151
ipts730634518,198
jmnb874404634,138
iqro178446304,164
atqb714617703,120
wmmf011701912,181
qovk811786434,37
elxp906160042,111
ejqv296303039,121
etjq288756091,241
eeqd501102109,115
upop225314181,142
yaaz476463549,127
ruba495420319,210
boye938965986,72
bjsn306005042,100
ovtg896589567,143
zhao108611160,109
zkfn915741701,105
rfcs374500780,67
dvcf788458035,108
ybbs779755948,105
ombg547023604,181
kehh305854958,70
oorf114181594,108
pamo622228606,257
ippi194151465,90
biwz722869353,164
fljb362150134,98
zvwr157990346,206
xjea002261273,54
ehjs984897125,104
egjb295087303,140
dbcr322166932,92
lbks960905980,88
kbdm228659918,130
pxci302059216,158
rkdp811061619,91
mycj338836523,96
eigb053831171,209
rhjx219870356,93
awds903438927,109
jaza125792436,94
yooy922396488,108
lysb033748619,109
flvd700039138,210
znpk559476359,77
glxs541516722,72
uikf482540928,47
aoho145819267,1
xpyc022827589,28
cltv352422466,213
bhfz762335009,83
yovz209210729,72
gadh021680769,202
trey849924252,124
wbty528988832,158
ogio600594256,198
pudi356421208,194
hlwl420761449,78
gqfp528747397,125
tdpp705899078,96
fklw699382242,227
jovf166155076,130
kqon457692567,137
bwxw844562758,37
yqwn287212641,201
eaci123978750,72
ijrv203003645,116
nbri921223150,231
qtfq363225253,110
hutw255178744,127
nuzl929348720,146
nzvo398125132,187
txgn048975925,203
aygz946749449,147
sdld784783138,135
xxam938790357,172
jytt591470854,123
zsrh578877620,206
wsyd212282604,133
uqck382411958,115
thsw039334415,143
fybd995100287,205
vyyd579474683,123
sxdf351644178,116
vqnn565299581,133
xrmq717210659,109
ghse597418673,122
mnrt443514595,118
veog790321989,175
anmw331732399,34
cinj006263985,151
jyuk263802801,100
lgkl534982537,79
zoye679036665,124
wopw680354514,144
zmoy349301950,16
nofk222549506,93
cxri248317182,139
lsro292940426,63
capj102414088,132
ctwi657763927,197
spyg028396162,132
lmev656081922,108
eyth101785785,195
zlbg288860527,67
hzik789444643,143
cvuy982372454,112
efrc656458813,264
vqio288554971,23
htdb868145919,238
lzoj441444385,103
debt269767351,84
rykw531217616,122
cyus673947892,128
gyco414734978,123
oaes233806743,17
ptyz916599104,138
oywk498819720,172
eusu910986797,140
wube043972770,116
lwee753302729,72
yvyr867753939,208
vojp388480418,98
vfmt817070811,167
gzyf643776823,163
fsai175611281,82
boim576226689,72
pqod913682110,238
vtjk450517437,110
hgpw004901265,187
woul362603649,174
elym099909036,123
aqun495908021,32
ktpd191453492,59
fbde179676714,102
djjp186873335,167
fckb851493840,144
gnbd941440009,148
miku412823518,91
bewn669694830,60
enoi078823021,142
sgoy999289583,113
ilav564433425,215
xydl323067749,131
dmqg352134217,148
xxwi794330570,107
xoxy513402670,147
lvdu306959646,76
jhtt694982803,135
tmxu025421757,99
zqvv873278801,92
swre344174008,93
xajo835118006,199
nnwd347900275,47
aunn696797605,186
oxut635798748,145
qbsx534274460,106
mvbq462211073,61
povr355552897,39
ommc742585243,92
wmbe194669538,143
uarw416638741,81
eofg073921838,172
yxyg868064488,143
fhpf837719635,174
thuc341127056,155
vfnm370227110,142
salh343715405,187
ohze375905295,22
grnl184739146,55
eixa379822751,126
apqm517221403,33
ddzc751041215,141
cils220396618,147
rgfv851115360,207
ukqa988803615,75
ppfq580697480,137
olak525227672,130
ossf646355943,175
fkzn665845804,122
kjer055176970,16
aqrr413792966,138
uoaq289135717,128
xead051465697,72
heip497607520,96
gaco428781733,90
iaob710054949,124
layk541269004,152
rzhw603954442,110
vhlj168259467,217
vdbd238924552,90
vnac239775226,178
gjlj360550852,144
qnax054372878,73
pupa253963050,97
ruuv129825864,140
trcm038169894,198
baki268652411,102
oivj169698501,95
buag796358243,91
okoh215638601,72
tbqx239087614,117
zddn475485414,187
usln900919526,88
hxae868468908,138
oanr995946341,27
tnhk201445375,102
jaep219690386,176
xwqo012036133,160
chxr845924333,134
azlc221977289,74
sely945247986,134
luis853273289,164
mrbu239603633,131
pfdk583993812,50
cqee364017173,71
syxh413202381,74
psww537061576,100
ixrd077826038,125
ghqy766526140,155
jgxw888927947,90
godt259347083,161
yuiz220178742,168
ylnu118266448,127
ejsu686913745,152
rzih543075964,26
pxad337828699,171
qpvy985884826,202
ytlg308344584,233
sbwh008898952,199
cvnx294819253,72
zfkl465147330,160
yhtf066473166,88
hgvb568613167,95
piyw310527295,101
lbjo930568172,71
awpe200274641,127
atoq191347823,15
cyox432332867,248
utoy018462385,174
gsgg372491405,80
lwxx109107541,97
cfxp237503122,109
nnit815791887,89
bdbm827618823,117
pmki374464903,48
krtr589043252,107
rqaz677335528,90
afkw555793292,77
ozjs877053338,66
dvao958055122,134
csxj496565628,137
ocfi225126874,17
tntz404903339,153
lxxi969822306,148
vztr942674783,137
nbfv354520817,218
rmjr813141494,127
erbf044859798,198
okaj520159203,98
epkv369104686,167
bgvd824147213,104
jsps526188998,130
sivx689661409,20
mzoj474312987,135
ggli826314349,158
erww953867381,202
putb479454989,174
xptu150792070,108
flfz533909334,48
mbuz484947156,103
ibvl005843919,158
fuvo117649989,193
xppk085558974,97
pkvd293291931,207
dmvd245844578,92
usyl432135064,222
ctki796214278,12
jqmd414580876,108
ezvs358242618,138
mzvx058535625,110
ynqp365851833,110
rlwq490724544,57
mhdz396410481,125
fxiz733365831,163
neef157217504,171
gzkh185352902,134
emhg294791952,113
njei479882179,76
kkui445746863,169
warh028287302,29
ylsf106695410,113
vldn463301465,165
kkdk062668297,269
eykn413031957,132
bfao120812191,61
hptt397672711,147
rbjy733949442,144
ewmo753286876,114
dbpx016369568,158
bewd384860313,218
tmgg829447496,113
ayjx507525194,192
ipry524337941,223
ltdo988782855,84
ilvl233025721,145
enae963331580,82
qgrz611260678,129
ldzl899449203,132
uaip671036740,183
zidx195361299,168
hfis134724395,112
raws503420285,212
czsq087800716,73
iniw410944348,132
oevj396162543,211
jxfh805456064,107
fmww513959870,87
nifr757139837,102
umbg383491391,134
jlav914372292,262
hlgc514957927,45
jpvx069703242,201
kkwl603435561,95
sdrm225990874,127
rong759702708,26
favl232838691,241
tdic910417112,236
yewu320575563,71
orkk651596256,77
absw137117386,112
bqpo863437241,90
pvdo881565918,272
rguy847338118,83
fzgg884758990,112
vpkr989026779,105
liam164484358,109
cbhm721630623,136
jrlf852262422,58
kktm317339083,182
cdtf461123105,189
bkdp574344282,174
kclh425950160,111
rnju639844874,13
irvr577162507,87
whxc386590283,133
gccl073261267,107
rdpy297740144,146
bsnk461671783,120
nswm510805847,176
xetu341776968,210
kmup484821911,73
jhra802866609,20
fgos381942626,149
zehu997170027,47
vmxj486974366,177
spwr105928261,76
fowx835665655,74
jgkb123628375,85
ogfs471540398,94
qnbe679722271,98
fjts749390953,225
ytfv855759943,102
glld419238672,81
rhps536425202,249
vjha661017162,176
kjrm926551831,80
vndd953453544,143
fzej508505097,162
ytxw361436838,19
dfue132601647,87
rqme422008584,133
qkbl815491967,101
gklf905107597,126
ekhy683574599,92
swto712966112,145
qlgm715026044,80
ouyf087307022,142
effg242455689,145
khvc730174153,115
clzq854287318,22
tcuh723242542,205
rrdw220523427,52
glay265361942,161
boxi966104508,17
rjfu171019694,140
jyzg671409130,83
togq334182872,37
afna424372266,109
rvom442234804,127
ldkg196926262,177
plgb160225475,130
gwep386114940,204
xxsq549003778,104
pltf420430570,107
tqnn539385430,218
ljmb828723283,133
hgzf008700779,103
pzmt753494985,30
nxdk848247526,122
vrvc471804443,86
osil481687565,113
jxly226334716,167
wvns384596604,75
gngx552097577,167
jgcq262204761,98
hzwo356276427,163
axjh859211222,158
xsnv037624016,97
vrkn369276518,59
udga407796247,91
fwru141975262,47
pogh872663499,136
drzo334997368,26
qjce769155274,137
uwgy494432387,115
hawn588789406,222
jpla717739951,167
rujz497408807,110
auok604772151,91
ugft381677559,136
uhsy384672439,76
cfid417253304,196
nvcc140862934,195
ekfm505587058,128
nzdu392284989,157
tcpq296580731,50
mdin754455053,165
jkcu913000567,84
pzdo455571301,206
ydly087582354,160
ffjo206616371,115
bkno730581043,41
zpqh353367678,87
dpfg512365854,169
qrea024089081,98
sswr638016610,167
hqmw053141293,27
xroq756535994,138
ionp679384851,165
buie070766996,137
trxj704913522,58
gpxw772876341,90
wems636366959,168
gxfv492086700,112
sfrq671291374,131
xmvc103363723,136
nmnj927868991,48
shmm639090313,130
xomi231002209,86
edjd639137514,26
gyiu701734478,272
rwod203598653,192
sief360025583,65
tnzt555949940,134
irts885479027,55
ccfh030325493,144
dush080434249,192
jukk670888038,137
dtyv098458046,50
eldd925910098,219
aotj807919001,47
bagp724591041,137
cnlj686835009,196
fbqm794220286,103
jgxk803672910,123
fkwt646284951,133
sfqv134240884,182
wonc897929767,137
huwm433724071,110
ocec174769396,145
jyvo365682049,95
vcnn675460867,89
segv461548296,123
tjpc567603928,137
xzjt418154365,128
uxmd097528958,90
yyas354432073,196
zoxe592980550,197
hlao736337970,182
chup234576366,56
fqjd433540199,196
vwhp587795086,148
qnjq907314310,182
sxsi256103664,163
sphh979937630,168
ieky129192442,56
riiw459816923,175
qwzg755336592,47
ywrm895244035,13
fnba720310473,93
pfxd066001230,54
wxva876794855,162
pnwx846035116,168
aqqc434924328,94
rljr887535349,146
qgud185640835,162
rgcw329394043,60
lugx932065065,123
pgte478534406,183
yjdl264896876,156
ubkw160928779,164
wgve556408990,240
vuuo581213252,107
rpkq173170007,75
kjuv571535014,142
bqbr014123208,88
gytp722780785,149
cptb749208525,243
acrq945063256,103
fbkc615021858,57
aqqd796731459,181
ezeh452804425,69
eaab730545816,113
pvnf983980802,140
nlqv495824782,114
zwzr995983290,77
zrrs366844789,143
ewfv882427560,137
gacm568600687,65
xcri766963337,138
bvga456073297,117
odnj676117526,165
wolu981271457,167
xilg372916990,95
vdhf530033437,183
xtgr309764388,127
vmvz323866126,141
owoe987393948,18
zupo312744665,112
vvgz881856448,140
giqs150027714,188
xzuh896194988,158
cwiq360048346,71
kpph971306437,139
zxjh164236000,181
ztzs301730478,115
flua153919229,108
oqiv437300545,158
akuy986360583,218
gfso602712094,50
tile812838798,113
frgp967401465,120
ykia761319524,107
zdoc687785890,140
xyrp572405802,87
euof253280082,119
bsco600065390,190
uikx433804611,93
itwj107953256,235
nuju323732464,168
itpc224408408,168
fynz352419348,78
mbah369534317,118
byhq182647636,223
czgd248487371,37
ylbj028186233,68
pgno001794561,75
yoeb773620553,31
ogpj138539233,85
cmlz256072956,120
qzwn256089667,98
emik358661099,155
dsez921578582,123
enew591350467,50
epuw470071215,142
fpkw141499837,89
oshs417104569,48
bbab205080316,134
yyag902286275,150
xiuu782461418,81
niag281419999,173
duia088119914,100
atik561697569,177
uiej409931050,85
jyeu077796327,132
kgdp363579937,75
jriv871279340,144
whum100053580,119
urla179395998,97
yrjr756394342,81
gfmg058185268,183
jxtd710606628,212
uorm210202062,91
kqij641350583,83
ihbq760857208,101
hrgh469422639,82
upyb357815522,32
syni265880447,53
jhwe560943594,52
utai339289359,220
oqlk073016220,168
zzdz428266200,119
vcbl992149704,184
zvls293416933,120
hiwy672377787,98
uqbe760289518,157
haaz358970259,122
nwat361134211,79
izqk838443217,163
bifh294494001,29
xirk869090360,187
kqks360779800,153
ivlr949672957,187
xikc896283615,125
ebew786095784,60
fzpz039396121,178
dwkp802234408,118
lbko815231607,246
fxmh903148454,93
pdwd328726065,97
qgyf025890418,106
weiw108744994,68
pfvr771559834,97
odmp530175660,155
ajzg474063119,219
hhqq778532407,10
tsbj363623882,108
tdnm246476879,162
mqyh154056679,82
qzgi619412151,209
orrl873139418,146
vmrh727763235,144
dvrr163399031,204
zixv473099008,88
xrzc357365392,127
cakn239274236,75
dgpr404094212,93
yatx825858599,191
vuvg947726226,85
jlpm485023316,67
usjj887755852,115
thxf398029231,53
lret386821290,88
iwvj950541206,59
cmlz082433245,116
shrd499383119,12
bsvq035539920,150
iejt481577272,133
gzsl998582987,143
brpx731680369,140
xhke175414622,104
okbr889772602,63
aeku243450964,27
brcq532659005,147
jmvx412467290,152
bknu286240795,118
nrtn679573012,185
omum162906847,241
lner412435826,110
qazj371169457,88
imhh173254889,73
lewx887364359,235
sjlp261695294,187
ftml532947173,128
rjai466188757,140
uezx451558158,132
fvkt628197286,75
idsf122893104,97
ctod386365872,95
oprj928134881,104
knan406149583,244
uzcw159485079,123
vxco061823444,49
dtry220811506,118
kewa666810137,187
pjzg391551774,100
kpdb079705644,183
gwrb521675683,119
zhga171311426,17
gegg898356526,135
oiru302680166,62
iexx019729897,110
cwkp113841813,88
icrs997815436,155
mhop441951692,82
ybfx939212748,31
pael778790978,101
bjri647912556,191
mlbz659416804,96
imrn293529978,213
hpjx257095961,162
jyuj927111191,139
mhqe666122222,50
ascb902872080,118
jehf356335603,122
pzhs204629866,203
qxho136865378,108
hxph915104448,70
fdwj384514012,181
ljcu935890884,123
ftvf218403548,172
dwxq539293919,190
nwrt855375348,142
tblq670737076,143
blft627323238,80
airw938310290,108
gfvj540600279,147
aqet317642114,230
viqp697928568,101
ymwu744214176,155
dpqv837154157,210
xpqy623121022,96
vxcn410502355,191
didq460601839,127
nafi571386883,135
oxus810499368,147
bmcl639743854,93
pote480823913,75
pgkp929097747,26
omwc175927593,188
utwi392737628,102
ferv828032267,11
lrgk568057164,67
niwj465265806,132
ktpr130916900,153
tvcg190557348,46
uqfa559865254,165
usol861496038,171
xaxc407639244,101
ncbu867072543,79
pfwe716576164,27
kimd062724779,118
nbyf455270843,123
ukeo983925707,233
uhjc134715409,140
devc315829088,196
tycg330643645,100
ucga638336585,73
vipb880594674,102
fnpu694990445,154
qzzi709945665,118
jtre242850595,108
occq624024794,80
cncx721180285,198
tzwt324104957,98
kidf268883873,163
rzqt592119388,94
sinz655371112,99
zpvc080971205,161
xovb084870366,159
hqjn455472896,144
rymg915125389,114
bgjs762911345,167
ahfz760439926,89
chuk304495972,106
basz776991774,170
abfi802997711,125
wrrk641581650,165
cdrd329167302,124
kcqz892287661,93
yluc133196911,27
ctou195495115,151
xjwx298202511,116
ozph105159781,191
sqtk802385620,127
mczy581382525,79
fyzo602433459,85
njal328213697,89
xkry825126948,150
niso911577192,230
yata796740299,122
uaye986296569,237
tubl836169680,92
ehdj016029711,77
vnik318824922,153
kfkb792631598,67
hxzw953220843,228
qkpj890048723,109
ebwg119849521,161
elxz273222144,128
yfex277569856,153
wdof799144909,134
ruex885812761,141
dasy052300338,99
rmgu453292292,107
betx072247353,97
oaqs162881519,100
lmao756580642,132
nyjj688451247,187
vfpk878296436,147
isip393105751,89
twvp101702749,126
ojxr500080240,81
eohi669158115,32
sjos885860997,90
wjjh012776248,26
xaeq871466528,28
ghay499430364,82
lrxu993834784,73
xech355017825,13
cmtp080668701,87
hhtp686728672,113
iqcb626102222,123
nebu207529760,153
onpy757478379,167
mxgg699932190,123
feds786922911,34
kpwg052948427,83
dnrk055887030,118
zrwu925986559,152
lgnm990265639,94
eiou694950618,58
rebk929671689,114
sell817707833,132
osos230650475,164
lvzg765999722,104
qxlb361867152,181
qqlk081541071,61
maqi196350871,129
hefs309806580,175
hagg214104034,144
zrax546447758,189
ellg416745605,181
tvlm080301730,187
pinx081028414,183
lvac503712383,138
xxub326742744,270
vqiq574566133,76
nsuk883419001,65
qbzv213067361,148
wlox918838050,100
oajq717143417,137
kwyf030193067,122
onyu257334958,60
xvjs661096291,138
zxys330127503,72
eiin220853822,139
xavh920156094,125
gkzs363189789,68
cqox145533275,124
hpag514052256,90
bdzx633704931,119
hivg107042107,113
mlor833987184,83
zeag965139234,125
metf114887220,95
qzer624797889,13
wbiu164715727,18
ztzp643266043,182
qbdw765543674,92
qgzj466938918,94
bnnl804463491,192
nvin821384108,33
hetn599030165,138
zumw074093327,209
vbej256784162,250
ndvc284968782,135
lkvx938060979,95
pwfl543563321,177
ihvy418319057,129
qapg791948003,59
zkyr520301211,167
kqce853556806,88
xdwt155153003,113
ckuj478946490,93
rkku145010249,92
twei227976819,144
vhkc553707054,76
eehl600997260,116
nurn071106704,247
cuol577168326,118
odzp206826938,127
uoic053015929,125
ersm456975059,195
ftkd812784919,91
anjx992940709,156
eeaa761463662,83
null734745466,223
odfc543905638,47
edsd233012742,152
muks778285984,158
ohut115084562,112
ugdm065696356,211
vfyw919103326,86
frow193267117,160
bbxw368663312,122
ujoo142406773,143
xfqd141514601,78
xnef409358305,169
izui762203377,47
jamj892478473,87
xeyq755815456,70
mikr719805189,162
jtwu282274744,152
rvpb593268688,167
fqno033912668,34
tirw980334900,173
ojmf788498521,86
ayoy232328572,140
mqdn531700851,193
akea118049684,161
gxzd665600857,112
xrri608904852,204
ulfp173189403,42
efzt706110343,176
ojie984804352,143
aywy482957850,108
fati987765980,190
sqwt427189167,72
mhgu107427373,148
mttt081437761,128
sjsh658326075,133
ebck499595205,101
qdgl916227587,146
ltbf286269469,79
jeds653249152,15
fkmj216671003,121
kqml628213272,131
zoce124355868,148
splf301329208,220
uovh139550182,133
uccz398796879,153
svit950200019,153
vflo376375916,28
jlfr482525319,108
nuqn999973031,108
zwoy314242114,113
yrsd686708017,113
mdut205299888,79
zxoj891322290,70
bvdt575823191,178
bdtw814214261,129
btgw004950063,149
qdje421901631,222
swix889075351,126
wwzu323979598,158
krsa018084727,50
cxhn942306362,129
solm720576149,178
nfto151329684,128
szkc558646579,56
oqpg788672187,118
ydbd999564358,198
fwij169377575,169
fktq777194769,63
mtki060345460,73
lvaq866588876,85
vaha312272140,123
fluy702585723,238
ycqn091507626,83
rfzt155933885,14
emdx543845047,109
fdrh413427673,114
prut780757291,166
bfdf771642328,166
svww893851074,36
iadw091541523,177
ugtx572925272,120
tcvx809972106,71
qerp330257621,168
mznf145702562,244
fhiy977554127,128
jlqy458781638,155
pelu690598615,172
qoky658187544,149
luwq939694929,55
pfyj606350861,110
owtt424334288,70
imbr363933675,85
onia458789635,137
xvvg221737655,34
svlv434709069,181
hocx829317948,148
ckig785522028,95
cgfk914642660,124
bhrn232501016,82
sneu049681492,19
gkws821897578,195
iajk292848623,91
snuf036675150,104
sskb786524613,126
gtsg251891710,118
jlzo424668555,132
fqjd114080043,187
qwlc368209524,173
zpre103835388,93
pcdu203137722,63
atoa311825951,116
auwl155611776,199
mkoj875492553,219
jcyi224457436,145
ziuw845261198,169
xxvf051280742,157
wcho579841243,172
ctle180638206,89
ttfs489284922,118
layw669596143,77
yybq455735644,143
urau411948873,172
ydvr957317534,75
ukyl375093697,134
opck463349758,152
ubvi390404571,155
wnch733568212,12
txde505963125,182
ciys993582163,119
qutr153330528,92
xhci166009975,217
uxyk767429325,100
siyj504112293,123
rpnx757419363,124
uxjd161759848,77
aiuq780158274,172
jemo946824938,183
itio991283497,65
yyty999371152,96
kaut203677211,190
qgfe752737837,116
ojiz586066478,144
ervz426491707,204
pcaf663213451,23
iwjx796644240,83
rilp597195322,140
ytbx665758985,116
fdjk644411064,86
kgju601387265,148
zcyw682607121,75
aqup392561899,84
amtw360344945,87
eqjc118450713,67
znus958967321,236
esxj797170586,107
ovqy349970941,98
dqem344049652,80
kznr057036009,87
kopn204673827,261
beqr644953547,193
nexg005775613,82
vlud084168510,162
wyvu839923163,158
aiav174227382,146
bqxz749751149,74
kxmp949105004,201
dkfc026122890,238
leer955305250,93
kveg251683938,183
vvak650483438,81
xqvz650216450,125
fdbr898598502,123
cyqt650811058,15
yckk120186081,87
fpvh291249258,115
wtvs342606703,98
tddy980951509,175
weqg172449990,150
fxjf364198271,20
gcfj679831562,119
qcin315683772,36
guzh378125546,87
cgdp428355861,97
xkix910616826,191
pwba937667800,117
cwkb561403726,113
aeid199399675,113
zuzs735435598,142
xrvu348244359,75
ovep690888828,74
uruh200201406,90
pjen909821530,128
nyws224836042,115
xeik573894930,102
wbyx914237694,111
jjft984892153,25
xobh553415215,134
yaub184723331,109
ulhm842929274,150
gxnj512706562,83
immd582363778,111
xtpy567933913,106
trzf963123287,107
mtfd350672744,59
vdju127858492,138
fcvw024955907,135
cvqg040698829,211
edqb513873885,127
ewmd603098567,133
jipr335941130,67
fojv117232755,146
uwha260005994,181
gmyv286737993,130
rdvi466977105,188
gdke267148042,75
fqdk142903972,96
dqde487354912,111
ihgq759371602,96
pbkc821601430,168
kpfc770844086,173
hbdd721391203,198
cnit858748382,157
jxfo060272272,87
rqtk358009590,61
wixq911244868,101
vdoq148249437,164
wfcm055539971,160
xgti473879671,155
xigc676163109,135
shia092609368,156
idml268192699,125
onse980940292,178
nagm951442054,96
xwom487538273,197
ictw371343065,133
cgxd010410564,159
dmtx693650129,93
arly052780646,107
iopc283271365,173
nlge628405120,87
eobo090984771,175
sezj838836792,193
ihzz302565653,184
ohxw169873801,167
goyt139373343,107
kykj683144513,197
gsgt397741009,75
ivit091531105,192
wwpx529475112,137
rndg598938266,112
pssj512001079,93
msav299233519,83
obgo711996596,73
aecr282669985,178
ptpg278743524,95
vjph823915408,117
ktgs714804772,90
jero351662215,111
jyos444774859,97
itzf545953566,196
ttlo403720782,96
ziog178206567,92
kefs154652828,115
upof405501209,188
strx961099196,125
tkoo567455008,10
pqfy645505490,203
futa061108146,69
bneq353217553,138
qubd625661508,143
hztq549474617,133
vpsx775068237,155
ymsj565097477,120
ybqv767206498,80
vxcd688642705,65
bdot143805377,58
bgoc887541182,63
mwoj634582968,93
aokc747393798,96
vbig229731529,89
nysh108218737,87
rljy096422404,62
mtyh785031887,159
zyww205677115,71
ixas558716636,164
cnxj772986640,92
cpbv292525398,167
vzzc427078544,53
qavb600708712,151
cyyl705979613,123
czmt935513716,168
qxvb280499939,152
sgwa773697054,147
krbm777260298,77
ieev134712759,15
kdzg327133124,88
hrkv208010648,28
yndd287938850,104
nkpa383739550,152
yllr780739578,190
osib912585881,117
ixqt877411889,140
dzsu337421042,188
kade260888233,162
eyop302480490,40
snfa925513332,83
qvhe294759146,30
akzh782524117,142
wvxp420770898,149
vobv824260702,83
rhlm436183756,83
tmgv138206107,79
njys706939424,138
fwlg280862593,195
sasp674544600,30
tdjp332817390,109
jtyx612834921,89
gqlo442738623,73
tade884418682,93
vbur421265199,117
kwnj315303115,220
clzq390319366,92
rbkb694789373,121
btgw168065941,80
vgmt163048190,182
picm844979154,76
yicm115669639,10
zlqs136487472,175
jyli524091310,138
lyzw725398931,87
aiys148904907,16
qoyj042332967,135
ktgk223537232,50
klqp257249262,195
afas566043069,243
anwt897302609,222
ravt447565672,247
rdtm794679057,151
dvfg152211626,145
ylsk498034719,87
leis675511154,152
kxiv463950265,147
vfbc173280825,147
sqbg649672579,67
vwih226768732,53
nyhk903113847,200
vjsd350142943,124
eumb865205366,101
ocng435124128,107
oviw712118287,113
ljhb278763691,140
lggn008565039,43
vbvs574244455,97
tlxt511721612,77
hari546262515,164
rvpl007562543,52
ituh814254063,113
eahb575177941,103
bptb632104867,130
fkla092597076,88
oxmv480507590,219
sbes182235348,79
omuo057087541,97
qmoh646328737,135
jatu352690999,118
zjdx084527076,191
jvnl099440097,18
burt996308914,179
qhqx899930039,175
wflh775374299,136
qdgt939190235,120
gbiy227584667,133
wdmg375766256,119
ipda979940790,217
deyr186074737,164
wsci749078444,199
midm730873731,242
ilhe367660396,251
gwka362647574,126
srci696125906,98
lbqy758181556,123
ralg689292945,76
qfuw038473603,157
olfy077342640,88
dvpq819392300,122
tywq581230820,148
yods256393509,92
uyfn409920624,110
urhy272172650,199
iemp163459440,167
ovip299931816,74
vyhw056071409,138
tylj166894420,28
oysn617810807,72
yrxj418354564,117
wjog998528032,172
qkvr764906574,103
ruvr094208105,86
jefw309557798,75
vknt436282805,182
wowr133927880,78
ishj633450842,138
mipg075440631,138
xlka680571486,105
hvgq358350318,117
yvpn120887223,138
pqtx569559402,207
gbev601077475,52
kmce536763765,160
rmgp712118025,126
yszd800743034,133
zwif572314778,203
yscs279512046,112
yzyq793809605,169
eycw900436655,58
euud453945806,138
ioka980792200,179
rata474533428,130
wsmb537075035,170
fpmk230092212,204
vrtb689011419,107
oeyj051093076,153
alkx759947192,78
gmmt363997654,183
rfvk802643793,182
wtgb817437186,177
xpdb258622493,24
qmvy092305436,79
yzbj554143556,163
bgfi636966970,91
jwwq846509912,97
fvir966706523,1
avau978770523,137
bpip744563207,65
kyvw963013574,163
bmja879483387,112
tdxr748451050,234
rsiw086585015,150
uvhk314458084,155
cwju463357486,192
hqxi069544007,90
srfz439023654,191
pdwn110999790,48
ameu063195581,173
aopr443090176,132
kmja809376177,167
tejv381902484,25
vqww878625360,123
oppc772560748,148
rkiv682200120,91
trjp711237238,53
khtv417281506,111
jjdw973945423,117
jwqx027734263,77
hwpg235140558,167
azwa296943593,126
iqjd936325554,90
szfk518269478,112
psqg849740879,79
sbgf765024324,140
gzmz438271479,131
qonp611158405,178
lkwt127592213,52
mkmy490712785,112
fgtx651796845,193
ifrx960645525,122
fjub307182378,198
fxpw568109149,162
ejvd097106019,21
owfy069925068,236
innj368623691,167
imze367508606,87
nudn176533939,164
edle653783721,77
ilku755473146,117
guai694697872,172
ygro799934080,113
juvh163508016,220
gxjk350983352,124
pyyn879438836,153
goaq619743886,58
irax411631264,157
ebrc430859826,109
twjd314532656,80
tetn925895045,126
mvuh285260837,92
obax576670640,223
gvko672905620,170
zaqi999198014,193
sehg267077921,200
ydfa819557906,160
wzsx953459875,166
edhb214735967,77
jwch165946719,142
irap416672490,220
wtiz252217691,110
vgsu916427964,62
kfxx599900968,91
vjtt963097936,75
ypxu687833104,48
cnoy870302291,138
bijr302483082,69
qctb554855210,52
yeez119405104,75
whmt047946306,211
mfve747121407,233
uyap774451006,30
aqbf262477980,79
smcg536401624,223
xujm309011690,94
odge184175134,129
wkhh164763085,15
czfo662571153,217
qucy630577693,194
bfmh334215083,22
dhdj190971377,20
zezu254122519,77
biap708931824,90
rpln718280696,118
pdti015057615,143
oxgp386222644,29
kabu281025487,74
pjjp077398265,76
gewe276312844,1
jnmm287538273,167
yocp663159117,80
ltyr800938674,199
aoav528378494,107
afvh828187198,149
fdzq388546765,95
oopl564382410,56
kpwk378751769,157
xmau597146769,134
ubxp018926581,58
wumi515821488,108
ggcx647735327,250
pifm350288182,143
rsel126276895,85
emdd797042748,165
uizf156747993,78
icts804718508,170
ajeu115617049,197
kryx696485565,188
ixbf761173501,82
whun396474385,108
iues306738893,19
upif264624946,22
rrxs603817876,128
pvwl992463450,83
ddjp314515517,138
gedg621323839,107
fmhh009264489,112
pdvj295057146,96
kbkk998388422,183
dzpa229503963,114
uggm661613631,213
vbbz961955536,86
kncq483735762,119
ehmv690938174,116
vlix707773334,144
nhgc101295323,103
qqdg074930909,100
yeje899104318,187
aqud218768290,39
tucz733670633,203
rmgp950808488,112
kmok192443863,174
nchn431114278,112
fxnk683709502,137
ntnr153667610,79
ldoc239825082,50
svma700912645,133
cjkl403155189,243
ogfk101169061,85
uokx926827908,100
bruc957587427,59
qimw102716597,124
ycch815312007,197
nakl082446031,94
zaxs129898209,108
ufzp245230749,219
hiwn947906882,95
erwy804776166,146
oued095483938,128
vsrv397931228,182
bgqk674585589,34
nzal463795178,131
spxc705469909,81
hfqg638403963,81
kvea501332527,81
mdlz945082167,78
eyet134750752,167
doyh882713128,197
kdne432580978,88
ksur008715411,78
jwet393423151,67
kqqz763159662,72
udit697134666,133
nvrb352055078,63
jegp436879661,153
etsm523968019,81
pgsb841134447,164
lomm163229706,157
lrtf833765651,128
quyj426816791,118
lgms786821005,107
oobs230209555,89
rfis302283160,140
jfel438615049,222
ebdj896504345,195
jezv028997608,136
gxve586090923,84
zlas373509405,187
iyav909374149,97
guhg917432194,29
uhio455043891,171
abdj858160316,80
fslw095326149,255
zwpx507259717,23
umas388768736,85
sbkl203647944,191
bnvq955079603,88
zpsv877460283,139
kmhb309092694,159
ridr206021669,139
hgkt953417051,100
vvbq577043084,155
tpfx743431542,99
rgiy298318918,107
arwm853780798,88
gkvw689114865,113
khtf616639679,134
czkz026664915,148
soby675279647,241
daeo616090546,183
ibkj368529270,128
uxzl961834899,195
zmhc024889129,59
vckv291410369,93
wjke485927324,163
wlgb887586722,135
jedm855104110,95
gvmz882813405,133
rfuf617640200,186
ahas641855860,153
ljzj234366887,112
ttgu180774873,10
zuad765927272,114
eqvt605121918,150
ntnf144600627,110
euzz520736422,94
inbc931556868,30
picw551475925,84
qsnw314119271,78
sraq277935455,198
gmwp567853253,162
ckct470422216,235
cadp167186623,58
shar696859128,211
cfyv852656369,132
csog372280028,84
exeg518621075,79
redh190433602,127
bpbx608376937,78
ojmz809368668,105
opny964989537,107
quwb279725586,138
bfvl255704414,161
ppmv643967146,123
rygf634145164,118
diri409760882,130
mqss486427493,144
pcmf103664624,146
ukxg725655952,27
wdmk037628039,56
rmyf832353481,104
ceiw406136681,232
iczk725016611,142
kqjg964231932,23
hcbo311218559,60
vmsh390687983,35
whdp413312010,217
wzzd306529385,138
ilha450294571,120
ejsu773213408,92
hyhm705637507,193
lymk739183079,88
gftq501744745,55
dqqj783171526,13
efvf302339190,122
udqx713597205,74
pmsi730371680,98
cukm216367279,58
hkat635712344,82
lslr866806670,134
siyf292087633,52
xdfk614347157,196
oyet066812389,96
qfyl258168627,75
dzah017992969,24
uxcr017094636,114
fzzj496960391,191
vkus029201126,155
moja134907609,92
xasu601777657,45
hpwb223498666,137
cumk394213452,73
xted990025708,105
hxst669816161,188
xatd762206304,117
jwnp480277899,61
iazu184232549,117
mquy360813708,86
ehwn269574887,50
bpzk118088341,138
kpwf627001166,113
ltuj652841915,142
teek933719070,55
kpid547982220,59
niet298927338,65
vmqq171130059,192
wrdl634710146,93
ntzk825503436,232
zauu729752630,168
gubo485960031,50
qiaj770373457,102
ylle853677144,95
waed141069985,145
sxep884510710,174
rwkc740918374,170
krcy750177169,141
pepz534799284,247
musd001165777,102
nkuq441082040,148
xrvi777058214,193
cwyk181897953,12
aeut894157979,76
vmvt291447098,138
qfah520158309,64
gwsz009018267,178
micy077968099,125
hpgq168619571,103
xifd839640214,73
hkab403038016,63
afhz487914165,131
vylv827499214,97
jriz490732877,52
swpt374088245,118
shec710086891,98
hsik306154274,85
zmln422239541,172
eqna419599760,117
lhsw241926150,119
qcfz457377573,207
sifr673368865,211
quca726313331,128
yazq513714934,80
rrqs517631508,108
ungt542603117,101
nzsl187201902,122
ugbc304964072,150
ifjj771085862,108
olvf841454565,71
rcap373718609,77
ofud615128643,106
yyzk381577934,152
unmc252920437,179
lkfl632952719,127
fdcz543583423,98
qblf150850545,78
ircx258415421,164
lqdu989074918,81
xrzr491647822,149
eapq351571425,55
lhzt123454722,124
nxfu138622979,149
buip886159813,107
flqs417153017,75
cots892348192,100
otft079130350,54
izsp707677297,131
amvm371419990,117
kqvc153245029,143
dklu431203371,207
zqah387721583,145
hwbp333790380,72
eroe819719734,167
skwn307272895,102
sgaw319496505,108
xbxa538625570,230
dffu109737663,203
igyk075759059,178
xgwm796771293,183
vwcw190715354,152
spnd339749096,139
fvjl917942742,129
wmiw378292680,201
qmde709632989,79
cszv234369264,213
cgxh803643930,235
gnrx533936391,88
qquw135229234,80
gyxw699529534,47
jtvh248347072,125
crmj335765028,224
stcw245087361,143
bggr648943334,232
nrbd720334632,153
jjxm324399731,62
ymur204760149,107
aymp236339096,197
ujsj265162065,155
eota434429046,143
ajbm992549061,158
rdzc757965744,165
mlkb383591416,165
gdzp556728712,126
iwjy966461933,96
kgbu947720576,134
mkya951727827,150
fjjz117516640,140
mibi581423557,85
eyzl509709322,95
pqwu052663086,75
kzyx239433855,132
jmxv950985659,105
csls233614480,121
paod087332999,81
qxeg364189377,148
yfqz071514153,57
njxa706654962,83
cvpg742672375,178
fygg709060798,15
oqmw545183767,69
potb132931696,201
dkpt901245765,47
tggf138051422,190
mezb701427725,139
bsdn928916311,83
frma969938945,183
cyne651230540,81
bsxz194952544,152
fzls723480979,133
kbbx909219132,75
zqxc400978985,101
dgtx390543377,92
atli533796906,147
jgot258711870,176
yuwc484768884,134
dntd652267030,128
kbvv689471159,37
cole219315403,108
dscv046229814,135
oohu032458446,119
gdib250850441,135
nhfj700667951,147
hyst343856423,63
yite345757442,81
gysc904998979,150
axbo409130696,78
tsmm927070300,233
yexx507668062,163
zrih567351464,85
cxcc935432516,138
wdxq567124435,248
nplz076473019,151
wadh079877711,63
mysh479271928,76
wqqs107457823,115
lfem462981660,217
oejh715597924,136
mxwb121863856,23
uoec266733345,131
roat447710918,126
yddn081001830,265
zzgi725704649,126
ycxp817275899,150
bdpf949418641,123
jxii417341767,92
iojj404708272,169
dgzs443210140,89
hkfi207498661,160
dpla197469718,96
ipuw079341254,104
zszi886316296,112
zrqm641455100,97
umiw465165277,118
umdt419446885,157
jtvo540221126,123
frgm049011965,62
hqez444971398,123
rsuf143265162,28
phfg909763551,113
xggk796284928,55
ewyh387913313,100
znbl949451755,23
xszk189508859,169
deix503572300,237
mzey125371323,107
tzqb134703889,73
rhun275628512,123
zfrr814038295,207
gmnr511338509,172
mcvu057454017,93
sluw984711485,140
sohd590299428,187
nrmd805346594,162
aqli859094302,51
nynk004817215,47
cvrm808043578,105
mfxv855676346,82
zjzi138611767,198
dqfv463772388,162
wgwm469022817,152
sbhl159676042,157
snjj395399887,239
iztz223744315,131
xdja838460604,170
bzrg381122707,25
wbhi355456229,212
tvie122320757,127
fezr685229690,118
sjtr948163188,143
uzvr142841881,82
qmfa273180680,155
xqlm229899010,215
itnb201449166,161
ihvx126447141,237
tnsa703643800,150
sklf943962141,257
gjuw146634479,158
nyyz371458695,100
kttv354470109,168
puer256632965,113
qmox390469440,188
zpth729681297,97
qmun895195348,53
jnvd902132886,86
mnxt491447677,132
lghr755220609,24
chre673405663,39
oagw799985377,143
remx241772048,19
ndgp582411963,76
qirp945331825,151
zxnt594096649,193
utru705726582,105
ifsa494650530,159
tiyd665012285,20
jwtl966430879,59
acfv609022082,155
ahwk650955808,174
bclm350859656,126
uton331803318,174
mrjr212870825,185
zdxm225637245,122
bstr959653555,63
bjml031921994,130
zbal666260854,160
xdhn366708277,138
aniy864318003,112
zwko623485183,107
dtna089622250,80
zevj655714558,123
ptuw407282073,137
eucn966533991,133
ghav568289936,121
wsbk606239553,115
foyc280078460,239
qeuo509326375,143
athc077915293,16
qlmb296894205,152
xlrj389777598,34
tauy521908520,107
nkvw934319159,155
rozv374623119,176
ntph119615610,248
tvha790483394,118
cyfe898860732,113
vaad417070374,97
unjg544928558,137
nrem421973454,105
wdvx941890933,222
sxwd399951268,78
tvmx396945239,200
iuxm252906048,242
igyo144230386,124
zedm575947086,87
pufn374387336,19
liup646165163,262
clpj697371900,38
igyz827013829,17
rlio502609578,133
bytc961037578,126
paqn793264981,87
mmty149429458,20
wnjm661318411,40
pleo213116718,52
nzpw007773437,50
bkgn104362673,152
qvlu102194996,218
jepg512530128,82
zlmh981192090,73
vbmw182337737,42
xnlw206562294,118
rexd145609459,78
oqbt249997731,102
cwnu932305280,28
ytie647610283,223
hhax134088696,113
hnwa758538180,157
mfko233295416,183
bquh324474385,58
wybu419883089,122
munm478745629,67
yucf759096798,122
clvb498768200,116
keya748425792,77
jyaw492620574,181
tzwj911186275,138
djob173057532,138
bsss932846510,130
ihci700888172,83
ogwe958732660,165
gxwr910455074,54
byaq737455537,208
scfy692936232,123
xkpz150948549,161
pftt540184615,163
xall912788594,128
thpb306626963,114
zuli945863836,78
gkhw288574573,105
uhma959783624,122
roux321809571,167
ardc948132637,110
xmiw680391514,81
mgcw512036192,167
mpnj733624452,97
qiwa651221030,202
rlrh262727807,174
zvbx090051872,106
truh106227082,172
nehu407709605,171
pjik482527676,129
mdvk488530514,105
xacg833244334,121
xhsz777159032,173
otyt076296816,146
cbrx516734762,81
ukoj099161262,145
vtim745150404,108
exkt169990476,127
uvij320851430,142
uitf313180355,128
whah248960087,133
emce403029319,73
loiw381952617,96
fyyl681595352,112
cvtu850389342,167
vtyf734701017,69
dwxm643093438,90
erzg906152621,187
puca065733691,158
ymtv709779156,125
iuit599606278,35
azvl266721892,168
jqyh335059688,88
rfwg846292070,118
cinr157604338,104
lyqu738592505,132
mmwk370477351,87
ozvm589869329,72
qapy772252392,99
dmzf688771636,108
exle135644996,122
krzi493040519,58
amyq742017717,34
lery685608826,202
cycj869143217,46
kcrp354846154,155
edzf541101269,74
tbxg062886719,91
shfm872431527,77
fsyj076231750,173
clgq220636308,174
yxjr748641034,77
xyad618045943,121
lveq166463223,142
raln112272160,20
dssf858678218,116
aedt023433955,74
ibof701558311,68
xtvr128575380,193
bgke390194963,78
wyte141450256,95
meyp888217970,99
wpef470872554,78
ubvm203977752,92
qfke763839882,126
uwhe067696531,207
ninp699162028,86
oyyv049537205,247
vtiy710738412,198
siyg883884835,136
aqii055200070,112
vcof177542660,79
vllq454728229,77
vddn390704498,107
bpuo730042474,115
fsbm937788052,147
aoeo849172126,86
vgqz218346968,22
vevt684238723,110
rdkz431060030,188
orzl585883601,63
aepq573120783,83
sayt638961252,91
wzbo859307402,77
furv213421172,210
nzhp272031474,90
dxmg762196326,178
qhwj398758270,94
opwx238526176,83
pnjp195796725,108
empi600120634,128
iqvk317565496,127
efek062303043,142
sxgx826309676,77
gzaj129279278,198
sdel412797525,128
pscw932572177,43
eurt138912264,177
moos508863623,94
nglh650367834,83
sfsd911177324,117
lnob628563012,61
lzww987984998,114
uibx801685651,127
bssy443546495,142
xrbv468133747,130
fvls909454006,220
nukt728553759,78
wbqt218708009,168
jbno507304689,84
bhmh652424943,58
ohzy112539841,122
jfwo541635418,39
zzlv760051380,192
mrdg456995126,183
rbqi609855581,159
geln962714524,107
abch632405722,134
ijpj503956128,77
rbju162385467,173
pwgg234766531,103
ssat956485887,77
utko131261711,26
tims148421878,26
kszb527310629,75
ehbw905830427,83
jelm233003462,150
asqh154483963,87
cklz694463003,87
ekuf369799941,167
txos312058381,48
aqjs358622547,175
otfa059654337,125
wnqo696250569,132
jsna749666002,229
unmb971954186,196
whgl017271067,128
cipo859711711,77
gfqd824004357,79
djkj595881674,221
gqys615777290,50
itiy437067318,244
cngq152862934,77
ofcn622647159,107
ljpu291627875,195
upvo594165337,92
urah634300517,60
ohlp189806073,197
rhhc485593429,87
qlgm988006787,73
fddy320799457,155
emzn685980945,167
jcai143868640,123
fgwx898197857,59
daze965977731,58
xtna830428920,152
itkk380149538,89
ejef745202191,156
oqkf561836850,190
ouhw640497559,96
kjwh544022383,160
lptd921803689,140
eiib400889892,168
jmjc932867771,165
avml754765602,78
vbsm289165882,187
fzsx981396185,65
atbs473904908,52
ydro138490647,169
kbfq496137092,73
waca259705755,142
bdfh036617659,25
uizu687725036,115
vobx717381010,121
xybf323304757,103
iwom516783535,182
shst947388362,111
bdqi718976729,182
lcxw214572408,87
dhwn807460570,97
fcsg973750444,119
fqfi829430884,13
grpd976338422,174
sqoy517013274,93
zxnm320148723,65
plax697696631,52
keqp768955508,152
gmji082171257,77
sbie688315010,108
isdt956747953,160
ufdj188890660,127
ogbq166319058,170
tjln024276172,97
gvuu282340241,160
pgeg291303680,130
nspk850679245,148
xexv822130891,108
ephq744234227,215
telq926008819,142
beic058867176,66
lcne842783712,168
braf982461451,73
gdli988344605,125
duir035123435,78
ecfe711538593,102
qnsp478394097,135
wyfk747151300,143
jyvq157380605,78
vqxa115441010,33
wlsi188944147,147
qkar221092934,230
dras245561230,85
adbg911535991,88
hdwc056308450,117
pxxg985833681,180
mkua972017983,172
mdbz571877500,52
ukzd826366971,157
qjdh083038402,162
zbgf963547039,152
ncsg989514139,23
erdg935997935,185
ouey748635624,140
jops134302140,166
qwis963546796,203
lkod903231630,140
lpfp672702218,88
mhmm347302721,180
fxkz651025212,102
fmqo304949781,105
qete643285308,38
hkkq999016516,180
vjwr996611173,105
emrr530482962,122
uhko661430544,235
dked380659079,93
nziv601602695,211
xjpd488555426,147
vdcv293761856,130
xqgy866129168,58
zkix817404608,188
hebx360545294,36
uxfy373179814,66
utea566204060,263
pmui031193254,97
zgzz763855588,109
qvxf843767778,98
otoz554655112,82
ksce924653186,247
rpjq427487701,78
qlbn726946663,96
gyzh289755625,103
fugm083487157,119
xawv902846252,78
esmm582532818,148
stey925349228,43
mffx221819031,111
pxvc850874739,231
vajg283529649,205
qmvi842529654,165
rnnr131632121,142
neha629788005,156
bsms111314215,49
cxou592992291,206
qygd419697327,23
vukj800204426,101
tvai294448610,72
kqfq819979061,90
evsl098623994,52
wnqq772897851,98
wqlr603229971,143
crdt203785552,64
svab975535133,177
uucn599904100,189
iqor785173299,223
wyum211905209,175
lfss976483904,112
arvf834114943,168
zyws640125093,57
gxjv850314764,141
lqon524116902,147
dbva549902640,163
asdy389892991,103
cxuc354785746,162
dmwx724056126,113
haub217706667,177
znml055571050,188
vnia830771489,131
jvvb351062872,197
vuzd834848899,134
xiil751143368,222
qzzt041669224,152
ajic746929217,172
vwsz830630536,228
ozpm392313112,140
vgid313531626,162
mhts428548657,122
lsgj451070401,158
wjsm555974537,158
llvd982943161,112
usdl698415300,132
hbef318733065,201
pfhl953762687,160
ysnq435060082,61
kgmy677634909,129
vmgd505433251,156
ayjl131520782,222
rsdo363153504,116
qwhd935012654,130
uwek021890460,50
uizt205704150,91
mjil790684080,180
nlxa666031117,137
lhrc693979749,88
arxk115615302,122
zxnt854727048,113
ckgw475286158,99
ogsv431237702,141
jkun766557002,193
eiiu036435060,73
bimh569322247,123
bqyu416382535,137
sjsn764806608,95
hmjb138645658,122
qckk704255488,103
xvue573462803,79
wkhr930359836,111
sowq920330813,63
vrqs940352192,93
nvbh798696689,138
rvln672676142,28
cfzo614681739,164
ftlx849085637,21
goqp546869599,138
xnhf324555343,81
okfq670351994,181
ugup447317202,205
vqnu908430657,97
jdnb405516049,83
ahrl256333002,65
ubiv969372877,110
muew213624922,163
dtqa067411703,68
zrvs788744410,118
egmj304248467,169
vbps535639731,88
sgeo494246475,158
atxa703065025,183
lomk795688051,154
dcxw579045447,94
znme011370143,127
gwuy222824786,25
rvnf975802841,186
rasm594979664,129
iqtb082269507,130
xurl505419245,15
hchg128046020,23
obwi463476694,107
lrup778626744,89
hstm093548627,107
qupt897050737,123
tyqt422460621,154
jnnb393298211,152
qenw494330702,90
ehbr931893900,153
uhxa495321856,183
hmfk270175965,119
dwav251539807,75
oknh989237326,206
cxln527845319,65
psqf821702971,168
gwrj817546610,130
bdto860957849,15
twby530233320,160
jxam954913142,1
mzge810042528,148
rcog822369681,113
dyic958195933,108
htuc307350494,130
fvev449591625,149
zntq290592944,21
askk545036514,86
lrfq444206866,124
fgrp480789985,131
ajzq069946109,144
ywau498155908,86
zqbq105795400,183
aory579075074,152
jdbo324528512,141
bqxz307653033,128
fvad700828711,20
htwd836174590,225
worr616600522,40
vgkt266912077,51
fknp828585467,97
ywxk264598699,143
njpt579600176,98
gyqx312378412,152
zwfe573779158,105
uhgj339367500,185
mbrh451370093,80
agmj460062270,173
xuje674579267,108
wywf990937881,124
vlgh242073140,118
ssry193866943,159
osob251180963,134
sfbx719327136,180
rvhe015106295,197
nyih637882432,10
fvgy105750544,118
zsdg293403765,220
hlsm190725377,188
ysql652484304,55
iiiy644457338,166
cmtu563841448,77
uokt003884026,93
orbt262776568,193
kcem491971979,122
pcnz318261997,133
lbqo082475595,248
pjrg141167659,167
lhnk409666515,251
tngo418635100,85
qnbq320452892,38
zwtk459626479,149
myyg850392728,78
rpgv705317876,32
gddd273722311,134
vevj093653898,118
ydna220084800,83
igoc505138563,105
ymif943402342,158
mcmp036146734,114
pkzq337433128,76
ibkp448453575,125
xhyd753195828,175
wkzs674084986,173
paxz065705320,115
gesq588543542,86
uben846855062,113
youp193384380,25
wzet741827909,230
nlbg544108433,127
ptac769288578,112
pvba664396924,98
xorw327783758,217
mpve694806107,238
qbhj662016059,68
tgvm908878198,55
hsoz413830579,124
deua688821474,114
oxbk713316127,118
mzsd211645775,102
qkew205907517,105
ruyz289179296,97
ssoj601361601,117
yznf110028366,217
tibs553117599,117
wcay626924129,113
tjub511796214,60
ichh049447959,208
whhv680555088,80
htao835944280,169
piof092144868,127
yzhr136347430,71
wnak123943562,202
zvea983912878,89
lzhw753462362,88
jvtr437530702,162
xnwy969421270,153
qslk851145595,69
sqql120656314,133
tkyg047048294,96
wkjp135543970,207
gzfo185192322,192
jsss243638913,129
erte629507118,121
dvfn109815461,133
xxmv164857872,80
jjre356668650,152
uhlc390980070,102
uoyn508285136,88
eyhx164303866,88
zlfp677673837,167
zlqa200725232,177
jljw726253088,117
uqls794839931,120
oquo559820029,228
bwlp797781586,53
txxt856691590,93
athv917928870,146
qkkk581520713,71
lqar235817586,157
muur805837448,113
bbua050849199,39
ciev942729125,28
wojx394810087,90
xkjj430311713,129
tlua368412815,147
hdgn114877347,100
tiui362749860,123
cqxp704491289,139
csdn824492186,88
yaqx231189891,3
hupy425258845,159
mkyz216151766,141
lsbk320745010,107
owco056163829,92
atza534060583,132
fzmv435340531,76
pfoq871486446,122
fdnu736621818,72
vjwl426235850,138
ljnx569872351,145
yxfu927395380,87
kuqp305820529,159
wwcx052722515,212
avyf795898502,131
cnmi783298307,165
nvpp860793999,87
zpcl791690935,98
nnzi495267460,97
ihak029015803,126
xkdc878717450,200
hazl066255470,164
lcnt328135594,98
cxnk586915029,54
mkwb117647113,126
zvee911391251,213
mjgf823682579,134
cxvn678413549,76
zxkf728391351,86
hikd053134296,26
gfwl234580616,15
tutm717873967,174
ptrq789168094,152
wozp226810257,98
qciq213704928,145
hxdk384999140,132
pfbc899262904,200
hgxd613106009,185
pwmb303994021,137
dwoq178648887,92
vexb041661517,59
povv628209650,137
ubfs808058085,117
yyjy243774194,194
lpgq277564890,238
clms883875942,73
emps059088554,138
qtax846026532,153
cxtb803323814,113
xouo404898660,53
rmca544240659,127
gcxn532279927,114
olcv950432135,137
iadv018386218,99
hvco990198174,10
ffon810631267,78
oqti167188858,191
qldm228918261,165
funb254735639,146
zelu326787100,107
mmax288884949,23
qxta324905962,128
rqae367685559,148
okug634277911,166
uozt004977212,128
kabq812994624,173
mcdr106156047,153
tqlv947212236,25
yhpj246756500,112
oftl961046513,13
yhfk223461237,182
irnd125100347,93
sveo463955154,163
tult942566374,88
vaqg225504200,169
nffh341892532,142
yxqw631226894,141
geic605430592,169
aqcn306748180,147
rgtq400193002,82
sszq237752609,104
xyci613436847,159
tlep817957365,101
kgui741687081,62
nkrl091070690,96
iuyg339442435,103
apba882893951,82
yojl450718821,133
rdmv060793365,92
ltlq220589669,9
fuvh092247247,153
rnvf093673597,132
rcph212440323,130
show644445179,99
hpij968784684,35
whna162222700,87
ssol636650164,117
xppk952755250,98
svui569225326,217
pbdh805218099,108
fkge985780169,156
uscr604250664,118
kkqj151153420,143
qfai853184673,153
rdec727852129,75
lyft023939941,112
ubzb130838745,113
snxh615766991,124
hzxi450653457,120
sgcd447660864,210
wpcu676766481,198
fbfl139290466,113
vzmb918699486,173
ahqe265107170,135
aptx191004039,126
nsou035746643,272
eoiq758732345,217
stwh458904977,147
lnqc095357233,40
btcc221824668,182
syaw682550955,178
yngi624113070,31
julk588811325,193
rxuk676299105,131
lxyr322748820,125
zhbq767315223,172
pmhq508444701,182
xpod753880845,138
pqbv258852168,135
rbva016769887,153
cxop280825846,143
wmnm566124505,66
etwt091247314,162
lvlt484529640,84
npud770910573,83
kqdu198689041,165
vfdb912116301,85
fkoz383316908,145
cmkx626113938,172
sfvi231642738,182
ksqp500703772,164
wlwd557098043,159
ommk596095561,187
ueei650657534,85
ufvh685247998,97
sumx328311566,96
xyqx343919727,117
rqhe401812125,99
ieao528589423,112
efql130301528,116
ykef669042545,217
couv060677755,117
wsei873919608,141
ojmi483192906,37
mgpc566816026,95
ffnr895206186,221
tnoz913416072,88
nxsm548243169,19
rqad822336256,238
mful828339154,107
urqr647424303,84
miwx325649389,113
gdqq784397547,18
pnwl134270183,140
tktg622408973,212
ejer360248836,23
lkcc133585770,72
kkth682282146,158
erdw513598095,123
xyds587395736,142
myls297821715,164
lmho107715751,24
cjdo685376734,136
tbhs460277370,156
exdh883221011,97
dith432314323,39
tdag377655894,150
obhq671965719,208
gzhe192752919,97
brcm899045337,165
qcza680496935,119
oenc101852137,139
qzgj633861837,12
ybsp993992523,189
ynto400281798,88
hgyv036277607,88
ijjh659175672,152
kqqe361181377,38
uxra771016887,206
qelq334384244,148
sxxp221687576,50
bfjq221676127,127
qiyw565559525,70
vwfz618314732,128
qsfs815081648,156
cflv739096875,183
mfal787553701,130
frtk413119362,165
dtvu742108640,218
dkml797801748,165
hskc885031258,98
dpve560736281,98
quaq806006217,148
hltw429251790,154
awcr692185083,144
pnqp012085614,136
kcvn071693000,127
jejm631056916,82
qjws777830728,154
xtnb176791382,99
scoh716035448,105
kmvd196626910,65
mdcb706048800,99
yfsz321655561,96
ujon585751969,222
omsh243353517,87
etvk744478907,152
mrtn250876684,107
lsiq453433874,64
zicd800037212,107
mlvn876327779,88
itpw382460007,92
pjfr911610196,93
sqss809669480,97
acpb305767429,163
ircg415331720,137
hrtz296022428,104
cyem726014980,83
gfdb734861535,192
trsu301466700,162
ceqn917513577,143
kgdb525396989,91
gylv017419187,227
truz052928152,126
nwez369875605,166
eqkl518434071,94
qiln470196735,68
fprn239381582,87
zuar444664460,235
cgph489630002,167
ecqs241486623,62
kgoy603533495,100
lnil979958795,92
azne616232139,124
hxsq522807306,104
yrsw704503938,33
kykp351871975,158
awyi430365339,94
teqn039896649,167
jyvt417957234,124
vsli798403894,68
uwfw957395043,101
elkp150819977,66
otxx287384405,95
vdqf157260969,159
kalg735150527,94
amgi064217395,158
dulm291749224,151
pxqt160012026,84
pish381723470,132
efpu995401257,75
hzhp308770322,115
zosw509304946,129
ouyj207868615,101
swpi466955370,140
fjmm530566907,92
towr598137179,128
oyre725159429,17
ghmv632322862,74
vqur973140458,61
bqmo662332563,138
xnyw677127580,147
mglk227829079,115
wlut254298382,88
vhrq152472114,132
arhj101124987,112
lber858464252,214
fisj389495139,147
galt346086112,192
pqng117933260,155
hiub738591907,107
jyhe675447638,179
uoyg455508294,57
khim701115347,118
jgoj146329677,58
xdgf455256238,129
zsgz578690966,202
pgjf303440437,73
alpg930313196,119
zivw369384580,140
vnab935014325,162
rftb727318805,177
onpm844166819,142
oeuo610915509,115
gfus441796531,116
ihek022563325,111
tgdc202420330,106
llqr600838146,122
qtgz924574061,88
idfq672417322,94
nyjs274164677,134
krgv495500850,87
kigh138671687,193
untd944860812,126
qcvr026586948,60
bhtt370902818,232
vtme594999283,200
ppgx487810255,90
qhyh710035504,31
bryq452257532,142
nnnw595320205,67
lqsd265723435,139
smrb447242841,173
ctpy669506439,173
bsdr527261678,166
vtls104545792,137
ykim052881246,179
xnng075384019,110
iklk951428508,156
lfvx715432427,167
wegn304395616,87
bnrm070324535,120
bnuf325927981,136
kdbz367498569,233
iqva047442357,83
uena274607018,84
zqpm036965667,183
xkee849562585,103
kuhj697788526,218
kbdc504797733,157
uugy397921324,89
ocww514325157,92
sqim776039152,28
mvqj061645935,10
fznw211519097,209
ylmb029264396,198
tdkx612257343,136
dero455357503,72
oono195787133,137
htbz287119652,212
prta447813705,119
qvcs526771869,132
szsj345018151,75
wdkf689154872,75
rphv570110394,125
pghz196812329,78
ijqx601853076,91
mico032679771,115
elqe308582883,150
qiur519609128,131
lpwb537025353,105
yxed368967582,180
kbcl630866065,73
wcdk823330692,129
keoc237534040,75
hsat809342791,93
jken052183247,72
iguy651613724,187
liwd816759387,166
plwi954734893,143
mznj512534493,222
jeea033611750,137
ldlk867682511,132
fycs879551077,108
cefn878147564,148
paee507854534,128
sskd730380714,54
oqgc392425267,97
jjss756530305,163
gexd053376261,113
pnpj766191818,101
saso923057034,157
bodh471031902,89
uzuh258171729,156
ngcz194121616,87
vfye678490484,78
bauz905373144,77
bfkm214327308,92
idyd159325705,150
vzsz532154681,145
atya159957279,152
izbn466970795,82
itzb403025541,106
tiib085693370,101
ldwn274432417,53
wcbj316320971,98
prun106951696,152
nlgd861361902,165
lmkc452784676,27
mbig810675319,127
bsgp124614664,161
cuzh916339680,209
qhxu919820048,148
cgsb834188641,188
lzfd412792427,156
utdt815614206,136
ctlv877199652,139
ohnp227414441,123
aoqp081505897,129
hgep793712498,86
saga896770030,98
alij641804921,139
hhlm093264315,180
knyi132615110,80
xyjz022238532,134
frwc610943286,108
rddr569843411,222
vnup416840077,235
iown517945005,178
xsok033368777,148
iemd531226932,178
ruxj398422513,132
vcty536361202,55
ptzx096961160,185
fmvp015852887,127
xevb731203545,107
sfii810901943,132
szoe224413685,144
xyeu371255403,188
meaf038679294,49
bide034716670,147
jkki683040419,112
zoag245242783,123
mnar317317978,10
encn827223582,158
kqmk093588208,127
soxd271753917,77
pnhx655872892,137
lsaf664227465,143
hzrh417621500,159
putu486570913,186
wmrk722665383,108
dsne187777953,102
uszr331999215,156
hemd297394861,125
lbze848845905,36
lpgm088486295,142
skdt954476215,89
qizu667557577,105
pmzj542489016,48
ugvp820930143,167
iols682903531,149
pkkz661790806,87
xrzt690460355,195
wloa655865762,92
lkdj640062690,132
lecy886478118,103
ywno417318260,150
lvpk261291229,192
lxix061223708,237
dyjd013649524,34
blzd459241921,85
jvuh588525544,128
xamy459771083,160
kdud619423541,127
cqnv857042746,119
gjlw602456320,24
giqe159562830,78
nfla450088241,113
xlzp812561001,29
otnf917059505,97
opfr722550729,105
cisa008867030,95
qmhs730770049,82
yjbw190337498,104
hpxs233163671,123
buvf997431413,113
gijf704951866,36
kklu398649102,164
lbcc609857039,118
pnyg397019491,150
wsmu523441664,85
jmtx815703772,62
mice637028585,22
tigq486348614,162
cepk909694126,94
kygd776717784,93
vcbf846252667,137
xwsk038134279,81
kndi545883412,164
diuj149816846,82
femx813059907,160
trkx472858069,17
gygt895285877,108
mkkl718910233,21
ycks769047683,131
ydoc474766986,80
znvj663777141,133
qxha047042965,137
orlm211232016,94
mnty395055514,135
dtjk740519377,107
dehu174648954,112
zmem976906530,125
qgph146322528,104
nsfx182185047,98
oods048679753,129
jgkv053992127,118
gjae874272855,118
eesm670847887,140
iumx873995157,155
dqzg174164456,118
iitr723488874,26
mujy830032097,129
axww038930610,216
coxn369984407,94
yzrc770533099,154
dyqi411246685,210
hbjd346351609,137
kwmu048551612,60
usgj877187387,122
qpaw364857413,129
xobm695300745,24
ezkx336866061,75
bkpb924954936,107
cepi151523666,194
mlob897561467,41
jbxc216646895,168
fwam978981199,85
xumk099412799,107
xuer956422128,129
zojw785592551,129
heus656226202,62
wjjr404796396,195
mscx320293434,62
dqot066088682,149
dkje941138496,123
djvu714034016,134
kcat426631579,145
sxrm523878664,79
qtve430776377,128
kbzs934898201,114
rnwd847837646,117
xzee792874507,165
jldj268229407,144
rezu471532281,143
lcnu713904721,108
ccxn566824086,109
zfom164955606,169
hqfp781120511,136
qckm826566087,233
yscg476602200,171
ibgv934338709,94
vsrr655111718,127
ztbb191639335,107
obvg632837157,83
vflq691999519,118
nipk425334819,83
lebq006083423,113
rbee465134199,181
emkp747460082,92
swia499023008,62
lyjl837548265,106
fzyb347652481,212
lguz699850959,1
rthe262371465,128
tuyd665354481,95
whjt548695059,94
isiw451594601,162
mgob423466519,50
gfsn334917294,84
rrtb289825037,104
hhxd710773261,79
daja277027835,83
mynd553484068,176
ntpz372651226,77
vhlm846020183,220
vvgh419564707,127
xcgg682152421,163
lgme649651270,222
hqun420775402,180
zojv838537221,85
dsps689288454,187
vhqo487444631,55
wozh680720320,133
clad370933187,77
rych117116109,123
fwnz561969300,110
jwch622973118,123
wrhe102737348,102
vdeh440127844,112
bymu284015819,87
qlmn566134281,106
stli232521115,125
oxcl248579241,133
jqou600767548,184
sdgt281627458,40
hqhc128300617,196
nufb850636099,211
xidx018245353,198
jnqn044401185,103
qgii406379813,63
yugd260488024,92
yjwz638420171,98
uhfo249299544,133
eexm351564056,168
lgcn656741082,155
efor959269230,140
iwnq990143933,205
gzxe359516682,65
kvhx542395748,55
crll782795537,138
hfvp039097068,8
qawy321560257,166
svwz326797043,143
awbu449994891,97
dkxf164460037,97
gkzn852896214,68
mvii210422470,17
cecu464363319,108
nyuz103805582,103
fuhu692723660,59
fsso950694490,87
xlvz425072736,132
ccpn090187183,120
uhhc975818545,89
xvkg721967623,186
ghii285548269,195
quls688163074,185
mjoc904671024,83
jera991156417,135
sxdo191816859,212
tuvm056866233,125
rlcu843057565,122
tnzp624829758,199
xdpe679541688,131
ieap486275627,186
ghgp353797336,110
pgmm462000102,93
cgxl243811222,59
yrsf676421689,118
utxv730474350,193
aehi489498404,124
fxaq327473692,49
kcjg490018521,149
hbgk093157328,93
gznw930721581,117
zrmz463855321,84
rnln555909235,144
apau114591477,111
eyul724728870,128
mwux540099903,132
jkbb427083466,150
kikc672861575,228
pegh791933141,92
iybs167084291,167
asee341263060,12
igur465838018,138
delb870800085,147
pufu462237882,116
vasn889927604,69
jfps417207702,172
yxss886680522,108
sfgr743185230,150
gbnj936276504,113
adxp249190371,110
notr860516272,29
abni949808739,248
zlwr140397441,156
bfyz506445668,127
olcn134383369,102
ccan873784253,130
hyqd550211110,149
okps041231995,33
uepl617009394,128
zinp225144766,48
temv750946520,168
dwfc747970014,142
sytb453724369,147
rbid236997263,163
puus252658124,171
nwkp503541347,137
oboe810477919,77
twff875575192,147
sftv611728611,54
utcf685585182,97
wlbz697212245,162
lyxb882162346,126
bfat717836737,122
ytdp801969792,135
enge426611764,83
tadk969549870,153
kjfh207560399,141
xiqb492619331,146
qwfl348466063,145
fupj939934654,23
xvgf666163045,175
eqbp179739864,230
wdvf664509564,128
ucva104505134,197
dkjw601573076,91
uulm301762201,42
uvhh132921710,16
nrln076510793,136
addc691222252,88
imtn512208632,148
joxp595833808,40
thkw634208124,159
ecci220779899,176
qsmb579290644,10
orna052103215,90
pauq533932954,87
lkuc260716779,248
dqus459890475,214
tpgz905719482,129
qfdn002016524,123
skww301247961,127
rwjz921184367,30
lslt302737841,115
hnjp179126315,85
ycxa227077258,76
emtq647793853,209
lwot219284167,254
rhyr309400901,126
ffch696047052,122
ahto634862000,108
ztlv867482037,132
bzdv439988745,167
tdyl655954010,162
ysne800372436,116
nacx746131927,78
kwxu236831786,87
dcdj770552822,98
mcaj459319184,21
zdms179132438,92
gmfl469552421,100
lpeo204235462,201
klvd256442177,114
vbmy290005077,168
gcmt222586335,115
elto969922444,170
gtia336894822,232
rhbe470248092,72
qmsp155841221,15
txxc118980117,137
rvub157800440,123
zlbx902511480,104
sbgj163360865,161
flvv349493882,153
ydtz966803348,219
tata979324695,108
jdby054628395,219
tjxh877584070,83
rsku218060133,85
asam069064469,138
cwli632795716,188
diic106790703,130
dbkm472825132,178
faey455586076,59
kmti866135654,248
ivfg374058064,123
esyo601969059,130
oukh824568994,109
izyv243184021,47
mnid494338554,137
fqjp817200861,198
ovpl999009412,223
umpb965747666,141
rtyk017210790,170
httb168781713,77
iotj845498675,130
yqvo896636303,128
bfvg566648568,157
fpxh795357266,76
ecmf231248943,96
jfvu606778954,57
hwwy040663219,96
wyaj282655152,66
jnnx403256644,133
udty809182432,150
teks503233571,88
kenn109422916,175
oqhw899654135,206
itab303181544,97
modl947774694,65
qyap763385968,142
lhlj460195928,71
ewyy484632527,138
sxio713324366,162
yjno172472163,117
esvw818753811,196
ders107664960,81
rmaa369614978,93
reoy770414560,82
uypd286471563,172
shwr193437693,104
wmqz698436026,113
gfss128000069,151
hcir495835518,21
usqe160874595,153
xpbm902755034,158
ajeh185979428,193
jnqv040228572,134
qlvo577174309,55
bejg701450481,73
peco665545160,133
gspi543450980,178
nquz879254311,122
xhtu690992540,110
pixl821491290,118
lhsq639452193,45
ziuj613624229,162
smmk414587538,92
gzvi252428225,164
vtcx290939484,131
euav148834611,188
kwjf612381317,129
vctg559417762,168
lwmh799849312,113
hkdp376321249,143
ipak460307269,123
kfcm664612462,17
gplv691721012,234
xmxk858003555,75
afvo875573851,166
qaou678877291,109
zbvh828569640,111
fxrc041321830,212
vhur861054289,209
bvcl020699654,122
rksv810164124,105
yzll907214610,67
pxbt681884524,207
esin708005776,149
phve520765895,13
pyrq396180688,108
jiub147386168,57
ipgd274885415,153
izfs185562101,150
phrf209613336,167
ztlz425095350,49
uidk855403760,49
saly328120213,121
vche346279176,242
rtjs942112368,158
hfmi009598753,56
mfki943190551,198
hpkl259149154,152
bgjt967702294,136
qjaq707001062,110
dvfy575977434,167
xrwp308007631,115
qngj362513896,111
qbir445463508,155
qgjm131616185,113
pkay553361659,73
lqzb779382333,102
zprz603673219,113
hjrb537851412,168
kqmw087328497,134
rknc232551350,150
olys803480694,164
qqpa538200469,144
hpsq854377192,149
iday650356481,115
qhme838869298,159
esff809875836,104
tycr505017738,155
calb168820341,105
dsxz001526780,115
vkdn245245124,218
hqso606774527,73
fcds753940284,49
hhgf382423446,94
scym937171070,78
gcbu968079952,130
klaa611438200,72
dbhr319109329,85
lghb873988922,172
hmnx586136844,136
opxs086805462,178
nonz248648105,141
ofud731635654,113
xjuc279059590,144
uwqb398128971,93
astx926504247,85
cdsf910095361,132
rccw968438872,154
brae458636227,103
gwpu217646367,158
yupx335454580,97
svtu612603497,111
pnix530833299,166
dahf937969365,50
kjzp614797592,137
zqwb164450398,102
sadi419274790,73
yzsa326792913,108
kywe728257104,88
idfv738709167,143
ynfe306777020,57
ptkc613715537,172
jxwc345143950,192
scqn442664828,130
tadx179731533,108
gumj457739860,167
sjlw655700130,77
ywwa373423687,92
bauu814808629,103
pefv219257003,168
crzx125963164,155
zcrq496382439,207
uyzf268978948,173
gurs540143640,147
xqrz399127317,112
pfhf732808714,112
zcka719558142,36
uttk318649008,143
qwyo096760804,83
jdky200382456,168
jqcv295287704,94
pnpw870335188,148
tpfm321203594,166
qkal192442710,132
qcxk010516843,85
xxzv102261517,130
ujpg521316957,153
tscp237974568,61
avku323806782,57
vuxs315227266,152
qgcq534098101,88
kyju467947623,168
fteg788909349,103
ancy162175479,172
tkqj496135719,153
zoev253231770,147
tjmc343061119,216
lobj957668472,157
jhfw340806139,119
kfwy339732647,75
vjbr614284243,208
undi126930599,15
vqrt731722787,148
nhyg801097504,98
zpky376949635,123
dxvt028335631,172
ahwn066661338,79
uato112901322,121
xwbf155441159,128
ahdw152263479,128
kgup750299702,157
eulw364174763,105
wdbq365550057,118
plau239632994,79
gjgn685914713,208
ypdv153847081,189
pgqe697441661,152
xrcb667696300,221
klwg518167020,114
rcfz421943753,188
joch215246704,167
xypn371898873,195
tlpg252381177,202
fosz374689688,83
vryp229407274,163
jkux397669853,67
rkkn532472066,53
irle482207457,45
fgds790536488,157
qxmq106119463,95
jdyh798682425,114
hnko169867797,115
fhpa132347406,144
ohzu044354016,178
rxct759939106,95
latp395079631,65
vkll727723408,245
ufrc123690735,113
nnjw747310143,107
acjh758165351,128
hxiw998490209,25
hpjf735661453,108
dzjm191749027,170
xyru423354016,90
qhpe350520744,73
hgmq773055285,145
xqik802273837,178
jgzx895218142,217
fdvb533644604,153
zryh048014714,160
grhk639947069,174
oslf258332859,187
weeo731866100,91
xqyl245307495,34
jhbl664141237,171
yglv475903858,218
qage061064518,176
extz693189568,165
hzqr069134395,75
neft422526094,88
ewmu898556693,50
wufm414287788,119
effj834913696,155
buwg838922274,207
vxkh709922731,102
nrcc730747470,80
sojp447388443,183
ztmr452747738,113
wifs749210011,153
hfzk699095303,72
jqra720807702,158
ydui990381124,148
ghpr521819269,171
ffuf273814183,146
vpus976112434,47
emzq702072561,139
tbaf796637888,205
kiau755614399,242
lxeq203381436,125
cvdv657926104,118
depm077095219,81
qxty036277566,143
pekb383150298,113
svon279863559,86
wjwu635395641,83
wyma039625553,115
fiiu863179668,143
mhrh223986158,77
xeuy242296635,124
tpkn516272164,32
wqiy800347356,88
dozu737571367,104
konx959758201,132
joyj444650508,93
mzee769074925,15
wcbt536458672,97
iwhe203910144,59
ndfq426024617,91
kqoe185564029,167
snxo617925785,92
swrf511788988,236
dvgo349981009,127
weim071599192,131
avhj429630004,82
tifz774867651,52
vjvy196637851,217
zyfg873170253,173
gxjj776858817,233
pjmg913829271,98
tmbc616104802,72
ctfk511640990,75
qyeh308429452,187
ppdo062414605,125
iuww098908439,93
qocd689963414,134
gsex011115489,70
dmqp124814140,127
rvrq618417511,60
hznn727084538,73
gepj456195376,76
nkjm823394236,95
yrti700430146,202
apcw562271526,238
tywy136132950,153
ammb314292094,153
jrny042397075,110
oetm290047132,137
jfrw225612710,117
phvf383654278,84
vaqs493256094,182
uzyz258648640,98
ojts074588733,214
rtwo183364508,116
agmf970383286,57
hbvq839610711,83
xcyc155375473,144
oqxx839807580,214
gqtb517559067,97
jryc175371951,227
yfjj709568565,155
xash070865994,13
xxtq993355050,135
whca701382720,144
dirt861145493,106
kajh065895785,74
uyfp796809208,118
zqec737019005,219
bnpe888655642,101
msdq019368795,172
awcs423933502,28
moki931996281,197
qknv550586308,111
fedu382213483,162
vose277541207,81
mund760552127,90
eivs402578425,170
kmld461057644,218
pfhk700269943,229
jyyz007750745,143
gdra038701976,65
kdiz844736095,130
ikjy506585617,17
mlmm500276146,130
vdik435268803,126
dfed561506171,187
wlhh221558749,107
erec430789451,168
wrmg702307719,79
powz047644860,82
ggpb457323733,157
psjb209613697,202
ryuk448452280,167
oqqj289518810,51
jphr055943469,137
eahh687202512,71
ztug306023550,140
zpnq747826222,18
chws378669256,220
xsjc037687760,253
ggms331343591,107
bbaa027967455,163
nexs789501805,124
kgsd804506303,162
chvf323630488,125
mmmz982207774,212
qhtp830154233,214
zipo546340095,148
xxzn852450490,125
bhxt368030283,132
firl618369269,118
klze700259751,139
isyf174630163,146
ujxl169768808,70
mxam887515027,142
glzg376811559,125
xhfe178414354,180
qbkn025046636,30
owdd338149209,151
tjql035140615,91
vnfd051116003,132
oaaj815379455,122
ohnu993217327,21
xryx190809890,79
xfve316063975,142
ywnf777470844,217
xjhv307919295,184
jslf398433585,121
nlmm466204035,93
mkrr833016757,120
tsbo811473204,223
tnsy902004156,183
hfyp957730663,57
jxdp018596840,83
zjtz533823503,107
zpaf330226402,90
dwrm654138912,133
rafq403172225,83
wmfr574109394,132
whku962782942,47
xear796954852,247
vxmn404593667,142
fyfi781014371,129
sbmi116249057,158
gnma709508524,112
yglx825279811,47
zlhm894550969,132
rvqj186269617,193
vqfz309838251,182
abcd622369613,98
nzjq267283412,127
fbpw258649054,119
jadh491968598,25
vzfy467326783,32
fkhi181700028,228
luqa432683271,213
rrfz843582251,94
ppke963124859,148
vqog898640943,173
xxah618680440,140
gmyu942953900,96
kfqd473556135,112
fzqq061638408,136
umgm497283519,82
muvs441159968,58
pleu470926463,165
yybi060224258,163
mvrf326828886,163
olpg092110596,137
neim915314110,38
dvry899851965,88
hsbs342834133,127
xqpq081244258,127
xkkc551781373,127
tjry312137261,173
fnjs079836452,33
pqky854286831,38
wmnq118835022,83
qcou862593009,118
cxet261691382,117
yhfp892498232,103
rfvr641191632,95
kpob760268129,89
uyxb387264701,193
dlsl740421611,87
ulna429322504,217
khoo074457002,114
ersw264904747,197
jiaf339641874,192
rbef320860695,125
rfqk221925041,28
xepf974447018,110
pzbk899440406,127
vzcl195740986,160
lkxs508480307,188
hhxr408614178,213
vtwz068018670,19
ghgu773430747,88
bwdf131767946,122
pxyw969801511,139
ggbn037017499,72
cayi369511919,220
dvwn500708692,128
ejov993424110,97
pnuj033673071,183
vuwx093464023,134
pcix474754422,213
lpdj402521157,132
vfqc388557047,187
igzv709565300,105
phcc600421279,113
iblx845505194,12
ruyo517210565,162
qrwi210758916,69
iuzf034150089,87
odva582815692,168
yzhy184585304,238
nvgo788655700,98
zaqi609015276,116
rlkh669029728,203
boka282565507,106
qkrp333211010,138
fspj218043059,78
ajtf853436531,57
xkee749128447,132
jutp549057555,82
wpgs169247495,152
bbln239178170,160
nstc445676660,77
fchq239921300,89
mbzx351923972,185
ztax724373682,123
xlyu025168694,102
zoew804105859,198
pstl972939592,96
epfv651427286,142
aojb590559610,90
ibth038406453,121
yoaf388242776,98
mqoj711628646,136
ghuf845966995,125
diqx889212723,145
auei196505766,155
lzdx867247655,212
wcnd726126090,147
wcck209059412,213
ujsu149020829,80
fjdd542948670,158
gmxf696750592,103
nmst122233635,63
kmcv775032030,138
zygb185886731,124
feum077405657,195
muko991467767,60
qdca734557072,142
clae243270733,148
aywo526314796,109
ddkk226097969,134
khld612023232,149
rrgs570958472,192
ejld128090581,110
pgyy035220184,131
ctml403768474,153
rgcg831630789,192
padp474880166,167
kxbg705549656,73
lqbt140693778,129
oxty431179999,152
ncui864026476,115
iwyn235398339,154
eifp332677340,26
bisr403458015,135
pbvd245831818,125
ejzl633747996,158
zfya186714195,95
wmog749240860,67
ymsz689452503,127
quhj847631102,222
nsnk079225847,128
fsbd454742153,108
nyny288251816,137
smyt056141798,149
azby751917292,142
gqww543994477,245
bnvx539805569,150
lycm338732993,195
kkhw010808203,222
dckk912792883,82
lbqo198684220,193
lmqn740372326,215
aedm291704770,117
mosi705761920,151
inha184392718,141
jxru757623230,115
ocaw966222187,144
qvnt727704207,131
qhce480681722,146
zfxp389634800,130
sonh981648650,169
jruy604016616,112
icfx021785158,133
dcuo347521407,215
mkzu174969116,163
uqdm784352479,66
nbwb606222113,114
ficl589023634,17
goty141836783,123
zjoa133443578,89
wlny547854187,82
nljz664095398,77
mevl036758189,19
ehde880258133,143
bcns027069170,100
qdzq555097686,151
vqmi378608996,90
pzzo214103177,167
qsia091202517,169
svws798257188,31
jmbh751864403,162
yzod046149213,248
mhya640815615,79
qyyh470892335,118
pmge084905698,149
xpju057301845,88
bete546417249,110
wlaa596359271,130
ljvq515283238,150
wuta977286689,268
mcqu510583478,156
kngr623070716,136
rovu339962453,137
twcy518636675,195
xsxe026862126,74
cemc396054879,192
tnty963691823,62
zccf620212710,267
zaqv524344137,125
pfxc571853558,36
ytpl349093396,127
uqnz663871078,62
wnho376980129,123
fhhy132850462,131
zkkt373989389,235
ffuv859918560,117
qxif202719903,88
oxzs928803533,87
ymsq202238916,85
txkr135974434,99
rqxl779793751,40
klcq833001959,48
dufn383829967,18
lmwt578598879,51
olmr209887016,193
nnsv978862067,187
difv619281060,51
djfn938830419,114
tcqn705756891,82
wdbi353326809,137
qmmo455670094,158
hzvl279419459,93
ddwd333010886,155
fnbf334379340,90
fnbn693708537,167
yddn848372333,143
qeol855488612,85
lbuk656015587,98
xhyy602117399,237
eoix940210526,216
admt149144280,222
ppxm464326154,143
oafe346234613,49
gefe106120891,130
pxqw224751858,127
deva147158825,72
cfwv640261866,193
wlth986196234,148
tisd715440284,165
nckk050839971,14
qzii543177481,122
odes266058094,125
ozqj941078652,155
xobm496841359,72
nlzp434293077,197
gkgl630261589,164
cims089912451,239
vaxm102301550,171
ybfv592388657,192
nmlr046412713,85
vopc417746234,147
fwds472756492,147
rtum023091940,80
oixn149253377,147
ycsh680553270,163
vscg258132266,172
yjwi286117637,78
smmh544166356,88
nxiv989077261,117
wsyn959316831,163
tapy099607601,105
zplu248881991,173
ocbj190882062,125
jcxb027576435,85
vtgs381769206,90
lowt711665696,95
dfox420518653,142
kvrb281645271,178
ryrr590708830,156
kxsr782761947,163
ourc599134715,124
xjff030841250,49
iqqz405960649,168
gbjt486468045,171
nxwo004006122,117
mcvk459820988,15
llbd213948698,67
mdwi718812976,136
eaqy629337461,162
qvsv257182518,160
lhlq205947347,66
otsp585093011,69
bhdm674206183,157
gttd898931822,83
lqev903439249,18
eezd467501129,81
tupx096400546,21
cwin112205029,99
bvcd428155601,106
psgo900298779,94
pqlz183062276,112
gmje034841300,123
ubrq321264379,153
hteh212756501,24
wtdr174360671,182
wmel461475920,252
eqmh499846761,187
cbzx674778377,187
forx202189558,16
oncy285717416,147
hytq575780707,123
jqbo005869068,164
monr743994348,168
zizp725667667,91
jiqv595792757,152
ktum878348691,221
jwmr989074506,126
liyg179216834,238
dtgj231902322,30
fvji075729179,111
cgpl881136019,162
stjk078680701,139
mlhv951703579,47
pune455859840,115
ifay769167042,192
fcam891615029,103
uzjg308332849,133
kkru579880988,28
yfuw020873146,127
mmdt072260894,137
xzoo614869291,108
tsor547306015,197
zjns066566094,126
uqgs054512561,93
avsh445988681,132
kcbp827606442,157
sycc346691285,185
xyxf932714852,187
vcrh166184085,192
wluk995767838,67
jsjl817820275,108
jmvh937722009,56
atnk021378736,83
kiya700860317,153
ekva888648287,131
pyum146855231,96
twle045724184,95
rwtm252641423,109
yyrw088366141,122
ntyj709773766,76
nvvw410643993,55
aonm516092152,169
lgww113695422,219
ketx499222225,202
nxkk088326176,118
addc885902020,127
wmrr324288812,193
zhin976679442,195
wxlx551701421,170
lsfr751817377,90
tgxv603679079,182
iylv264527240,155
acuk695871082,97
dwjf565884003,120
nfzg250242464,130
ypwg850801063,128
kggs407413713,159
msaa016523847,20
nhvd446439971,56
ctaa788377940,20
vqso213420008,139
nwso874502737,145
uzqz339199092,92
hqzz299427572,201
tusw108006247,124
qkgj342733398,43
lefu741791345,107
kbwt641586215,147
acxe723549290,160
cezb874810628,143
ykis693099751,50
npyq484957415,175
xrvw233047042,89
oyzb285980717,111
ckuw228496398,73
utfw991612791,82
cqys595146429,159
mqea234452951,119
ugag656892061,100
priw407762352,169
ybkz072688517,82
smgn318905021,90
ioio049649273,91
iukb516825949,92
cbon791632204,63
pdil418673806,250
obhb495821934,31
tark159527680,184
tewt738926131,75
jvpc936086387,78
bsiv016057855,89
fwzi758663170,201
hhhd714299559,88
ybsr408999202,214
lxzh995730178,75
utfg322677840,88
ahan248291805,85
lhlu096838400,102
fovr904369750,180
yvxn325176117,108
ymed404056302,163
jsbs663060927,129
tcfq193647029,143
vqdv074780938,79
glcj497985633,147
napi174679130,132
jojk909687530,82
hzqw458363480,154
gndr742141710,106
aaog641494638,148
spnc914885959,63
qygw665361127,203
amvh530222972,136
dfbx230015584,181
hgfx127521870,84
btrz357106634,83
mclu703839794,138
ttxw077430228,88
vgpt995789012,36
dfld477724560,222
ekxc929519578,128
otcw840105949,178
ityf289379772,275
qppm800141206,98
laek216039729,122
esnz268631031,81
deax441294005,94
mryq173912283,129
jhvd139152976,101
jvwo477912936,86
klam748919259,91
usnz941347349,80
ahtd685710627,121
zyro722162232,105
qrmq967594465,67
styk148296796,137
qvui779958596,245
arid118182303,20
pyla125566522,158
dhge775181386,152
ootw681480180,74
nryk711141175,98
zfse819451842,73
siwm315835372,163
pgqm925793157,120
gkug829692485,149
nsyu443379240,19
tzjx388433728,117
zgcu838547062,198
lnub702353615,129
fbzt119126728,116
gzvy826922420,85
utma899775261,123
phth342791911,77
fokj971703174,158
yjgj827213285,190
kmrx557633922,88
skjo186892385,128
wshx238605721,119
eixk058973981,35
uhzr011583191,104
mrfj890131229,73
yedx294290274,79
xgxc419290616,100
tawd220408740,122
kswf824921037,107
zqls592252385,100
cuew950398073,178
axxz808635583,55
jnyg773523200,128
wkew219338569,79
pzzm562124277,62
jwqk452425351,180
yfjw482974608,73
yrjv641993352,78
hzjz650310462,28
beus807773771,269
arzt797270043,157
njqp866805857,187
dkrb048409062,188
usfw787992491,23
ctzq156614742,42
ogwz883377992,112
cjbn321652331,144
nbbu979711084,157
njft274274897,127
wimi588702820,188
hxao832725342,143
fpns517610265,168
hrcg439536320,72
irfs057529905,36
froj933848052,95
wgyw588618332,26
vfjd201359147,167
sqos502665952,167
ptxj787731713,72
cyhk945560894,137
efwq189550685,134
xhyg620858418,170
doos279927683,170
bprn366598196,135
tyle905225437,79
uhwy007308442,103
zjme657298788,189
gocd926793532,128
gnln939147804,95
mvvq108874378,157
targ434649399,62
xtvw091037133,93
tcfx242870629,102
exyl987362785,78
pqob450475348,187
fpgb123192431,132
hdvh098162524,87
hwit304120160,186
yyis038254904,67
dpwj723318595,132
bptx609652261,88
wdjp643190214,73
nglv032449267,159
ohcc630899486,223
gajl552871520,90
kecf878385406,207
ieud979599318,76
zplx650755969,91
lwvd206660868,97
anrm427984810,122
blbz790449434,211
cfqu673792854,55
lodl772358921,104
gxkx707636439,25
dmxg272650419,177
euoo908901274,113
tizz923529594,187
zcfb695737387,135
aruh515799832,148
mzlg772954806,67
tbdb689523652,170
qxic854265941,15
sljl453954094,74
cjpn840368237,112
fqwa410454421,158
hpri713473662,197
rloa044657510,166
wkbj332162088,148
qurj708742525,123
mcqp002748182,60
iagp075023179,96
heve991605467,164
zgvv105308122,95
mkct892282698,117
yioq766110541,101
kkhe694593375,192
jwrr172196415,164
vcrp454669080,228
gxib501957975,140
pazt619442816,98
serp827355662,86
upgg401007483,77
rrzz660477686,118
fxkf874799500,125
ztib812934072,132
qtyj782082943,132
rtyz018208837,211
vdiz709266555,79
ucis676296160,157
wktc877220471,136
bnbk830233581,117
qjxv872125383,215
wnjs858165702,64
zwsf882940652,202
wbky266678856,142
wplf106384601,212
aajt435956273,192
juso141754462,216
omtq707783701,84
nrgy654962487,117
mhuc122158107,146
odpz650812557,252
hjss443356037,73
lxzr385090317,192
kxyo685745019,163
prnl618457486,78
dytu361220918,108
dkrg282980947,100
grpv150876957,112
dxnn031272242,17
clet643943988,140
eqwa601239506,148
aywr559943174,115
cfqb344395310,115
bmvd760493456,91
wusd179774514,112
mknt238088249,160
dtbr075029245,128
hegx858456947,125
gcgj049054392,40
fwfz994221682,183
hybw286063318,98
dbin417914768,148
jcuk309108864,124
wwgq410639050,109
xunv972057298,135
rkwb840478654,135
awsn515951764,145
bzjq294642296,87
rgib737722487,153
aimy800918563,146
jhaa722111925,137
ektd087221494,130
xbyi704403527,110
zmwl881398673,86
dwki105857010,233
eoam863922202,194
sgpz597219431,191
wsmc577570993,103
quls175809290,127
hjzi943894845,72
ifnq037987469,155
kckl535882469,125
fiqv643664524,121
cmga614267142,153
sovl732081709,132
jsfl591619143,84
nwwq351301361,208
vunz727442795,141
lina134817715,129
tsiw500214357,187
vxuu524400778,209
lwkr739062877,112
ajce867012858,155
vdpu066802555,64
plbr632090542,196
alke387547050,109
kwvw834590826,94
pqui220986112,128
jqmw827801338,60
cxaj934864433,98
gijf620119601,53
hgjt164336433,55
xdpz626079753,177
mycf361104744,173
jegw023026069,117
sgww753011797,158
wmuk724694383,135
agkh022283859,93
qhfa062681723,130
zxmj285200836,231
idpk094541911,116
qqof992135879,220
djmw828535780,82
fqbu667889798,68
cxmg006432213,82
fnob770936737,121
yins678997331,163
ezdi092416086,194
evqb933047032,143
msog241049856,145
nduw410945875,119
fdty242125606,147
mmow837348083,105
mqdv452681119,195
xaoz930554932,75
ppkk265320957,74
jvyu556026174,76
tndc751838930,129
kiyr214203933,188
tekv881321985,127
bpbr250649882,121
erai836200877,260
usca797768876,63
rseh319832463,201
obqn923624638,91
vbwv412373812,137
mtzv667858308,52
mnpz861350422,82
uvha961697886,91
zmcb909224421,118
szkp787761166,151
nusk190573404,94
twzw646508480,180
nsfv459393046,122
ticd298252058,144
oopg434420032,20
fyfy278674369,70
aasf360944659,171
ecbg581318374,92
qsxd891248266,78
gsjf526538542,235
rpsu086065520,49
nsbz000481957,130
ugmq498666632,127
lzkb107455742,95
bknw159871859,132
yeqs173869273,156
zwgy616397327,167
fodj755289312,120
fgvv900286631,223
zgfu437768171,117
lqhd276874649,199
oupb957455295,192
zdvo806406858,145
ggie162878199,102
zcui331305466,186
tglv960936905,138
kpnf379725426,118
yvil652058108,77
abeg798695507,65
vhrk057320283,153
mzxm323953409,61
ffqf932215131,223
lpvn567406030,79
vtvo573295512,88
ntno177168073,70
nzdy115362431,112
yayj842778277,99
wopj198001299,63
vfmi950460592,112
bjnx993394615,125
qeul010231845,143
ssew054354631,141
jrop316059747,153
lpdx119403000,162
ueun730701476,142
orot823531884,83
nqny516634463,130
cddu640424689,100
bzri949723736,185
bmxy615054230,138
ksdu559776740,148
ocav127322737,76
bsxj583984613,27
gdmf999109002,244
kkvr193172128,120
lqel909396953,99
lkal252496101,116
sxux767034263,153
vfld299500884,143
blmn325093573,57
hxtq995132827,36
npfz122121070,68
mabj804174547,105
iijf275109993,212
bnbi906709864,86
zmmr176731641,193
ovcm654273661,147
tgty535363676,140
sgox122303752,63
wwot842153279,25
flgd370579476,113
nibs401501699,115
fhbj668509583,71
oixh114633441,127
kjqj365873891,227
ynmp876692789,133
mtdv435723278,200
pcfw502660229,196
mvct659811472,235
oxib699135384,173
ieub285906843,142
iuxf708156457,98
jmqq682199365,64
quwc663122392,127
pnzy835972904,63
rcde356918315,102
klis937621210,112
fgxq306896903,197
peol514735812,88
cyvi795940301,82
harx564141214,124
cbhq677037048,97
kosw020395451,163
jnma381048774,18
drnq973301475,180
dono155412277,165
svjj196133721,100
zizq470675176,67
jaxb512172155,127
vsbm141131678,134
snlw424761191,190
vixk547311011,72
omfd313362403,188
rqar985674906,103
hitm530354676,93
askx252749190,140
bdoc285418743,166
jwlr324782762,139
amad585491251,160
kfdu310214193,118
liqb773074317,178
lxum603878256,142
fcla856380701,146
hphf168025105,122
miap641326523,147
jikt120679994,96
ufqz004024469,126
fasw034898717,92
njiz561494724,205
wuad742601802,70
grlv084968529,117
gvwk634778473,107
aenc107548587,137
zznd464650428,229
glqk899028535,97
ycmy900900592,143
kjfm805496590,87
txhn554691701,93
ymft587389620,87
ehrp209451891,91
kdjl089976188,122
baav512601003,137
oodx699786308,33
sejz091694808,111
vpor963474630,176
ijnl839807101,244
mpzm540740306,81
yxbs969515675,49
igty625384100,167
dujo471701303,261
bvbl279602916,127
qwdv123994460,77
iqss503679427,128
qoyj590588396,167
biui327638299,150
eagj255994684,127
iths020241564,137
vqte514638707,128
gxsp204748273,177
pmff922611473,150
zfua219224335,213
qfyd106081564,55
lwso136172005,122
debn544765310,112
tjpt947790715,155
inrd301936324,113
qked442341005,182
sbax892364092,135
wmow065254265,175
utwr781448065,111
miuj961790566,106
stdx903302032,129
hrar403153375,115
wfeb817764370,140
iuht520201566,165
usmc176311497,163
oaau511751410,42
qybt230314354,119
tdhw777886112,101
vjjb745921803,156
gvlf453810844,134
biyp716626674,85
qfts199466858,220
aamx862401407,86
nzjp545770142,168
njhu794724002,153
btfd287956079,80
mlbp611038337,168
vyze071812870,50
owaa036794330,183
ynfl078015984,53
cadk433979429,218
zbkd357141573,130
mqqe398134289,126
qcyt978029997,149
datb284961935,77
skmz874012348,145
sqwe246529196,127
mrsk821477645,92
lgag548243894,176
coya392513729,85
ppib436147087,203
gzhc335335023,92
gqwr480915030,93
zcko163567069,178
iknn659443703,73
lkpq326769247,77
fqwi872800548,103
onpw846141132,136
zkvu418840353,136
hztk332205677,110
uvuw361772615,102
xygg925360143,129
hnre726645844,28
wkmx278705514,84
tmqq873402765,243
jsis237154045,78
ubfa034231625,27
gexm885131469,103
pvcz438853462,132
iija929766429,62
uuym384235710,150
adol093362205,69
wtah100334874,230
tuap700311181,185
jcmj228797530,99
neaz235557522,142
ijha843232286,127
bwxe769856503,108
uauf906127816,147
galu947868423,165
olwv263156077,148
khhv229362891,98
wnad387987587,174
yunh496695248,112
drkg591972171,121
agdh267631248,217
egeo617489209,153
rsks664305919,263
mlfh310191173,123
pake371839614,168
tfeg454712382,45
nedz100981528,227
wbof078848460,213
bjwu543163196,117
nabe192538949,159
vkod627910580,88
plcz254691900,153
twdc740966982,145
jfaj301190631,32
dktb794111470,255
tsjv889793186,182
qqfb611524840,166
xaji844461257,108
ffgw014744383,113
yuid957095145,190
dglt889922530,122
ntvk257076534,119
bacb107549805,30
squd624528090,190
iagh423023749,212
gdza289303849,127
gsip940584108,124
pziw714702524,138
cpug047835955,108
nhnz107370942,117
qxkh413891402,121
vsov290828192,78
ydfz996093363,95
wbka858976592,105
apxb474112803,122
ucwq509000724,120
kdip038269204,95
aihb169192399,172
svpx615492254,62
cpzr692579668,150
otjc389454847,102
prye450289917,90
jhze611287171,202
afwl340162487,107
sxel270903456,123
hiap099137694,151
xpxd847493951,131
dyqs462142686,67
team371820752,132
btjo228615171,123
btrb852120315,58
axjz120290581,30
vazk351331068,49
abzz933769087,157
wkxo382609846,72
spzh923866339,233
ykpy939934804,142
mcnf472103227,31
yium313736656,94
apyk665261048,108
hstb446909491,126
semb397069308,255
pgfr231515174,182
cprw081035434,106
izqx072809025,78
fhhv695291761,127
fjlu287997375,131
hfsu613393195,94
hlas755160980,63
rknb425919422,36
mmau693446835,70
huev296397505,115
jgde438927702,17
shom544624471,125
blpc175074207,167
drdt404154921,184
hxlr390831928,222
jcfx921648059,126
niht003994902,152
duju770871558,80
irhd361717098,74
siik668606683,148
efrq511515734,102
uyyw122339805,31
voso078388338,187
ewfr833266494,87
tcec794391800,131
dfal662451560,113
nlhz417216893,220
typb501375233,83
xkev175300122,81
zopl437230185,16
euvk405553632,233
qqtr698127851,213
guzq628976474,87
yriz225455458,112
xbgc822311950,132
oobo385639159,89
ovda898968706,16
hwfa583141889,132
zvvx532000255,61
tqsl959518368,138
qfbp071630784,157
lugx056927085,118
muzu595005458,62
ifwi861014612,90
pcwg754958104,115
ixms369543041,262
jvzl632973802,97
byop381536376,173
tsrk795470378,72
ndvl880502166,153
jkiw639339663,60
nfvl202354851,83
swkq079451938,16
ilby613506815,127
rcbm080589554,92
xrls011018537,76
srcu417921487,210
aobi978413643,217
swak617163913,191
fwcm010635033,213
nute063496122,92
qpdt189325735,102
bnip752446642,197
gwco971116818,152
qoqi618003869,127
rhaq791742350,239
ewet138565964,133
hzlz109090599,113
jnok449121288,156
lntn256382091,170
lfdm936033374,147
wlzi011195574,126
omnp084308212,149
alfl278520643,183
biug284525749,155
ecsr202539401,102
vsov630483090,113
lhkx511353568,211
pnpt307157563,34
anlj985535083,116
pcog553671148,134
fkgg903677594,163
ojjx823480881,24
vntc871249721,170
gdfx383136162,187
eewy575867399,162
lyav284639714,86
uewv577893611,77
dsvg995627875,91
inow131850814,165
bpfk370619521,132
srja984337118,62
rils127955584,165
wnsa495981678,136
oslw578673145,98
lzkm270605923,138
ykby269698703,90
lotg001222721,171
wvvk968230052,69
rdwb427080116,75
vksp447966461,90
smxr707504246,92
uxqa121004081,93
usth605815978,91
twaz473189026,128
xqjs443194890,183
biyo606306337,88
oerz901368225,177
gvht821947188,112
pfxj733199591,158
jzxr648661621,79
cpsx551755601,79
cfen717170114,165
hlsq174962378,110
kcrm223957361,122
migt045727609,88
wett437020769,57
lcjg509366215,127
shmz953716549,82
iexl897755071,143
oomq239871275,173
wpwh954631776,111
wtpj725109559,98
mzmx959162093,92
hfgk968267846,138
nafo018548858,91
vrws741524775,23
crxp762349605,100
fvqu653775666,262
pctx761559522,82
rbqk670929573,25
kmou782791732,152
fbzj797410831,188
xclp751489645,168
hekb227179919,56
dxtr472093765,29
cptt009244419,143
jvfx207734158,112
ydcc953466111,94
keil895485789,165
ljjb615653327,204
fbyw226027230,182
botb821383153,62
rkbj578639473,127
cpat736531974,100
nmup689732343,73
cowu017171549,94
jbef179278148,36
wlrx726957036,157
hwts730529393,128
putn867140192,221
kpdr929944013,19
rsoc872844021,82
gcxm139458500,17
jchm493556846,158
cbqh541862917,189
uglf215081056,171
vggt425042339,161
jkaj699169919,117
fgov064072614,107
jgbk796311351,139
pmnl419108553,108
adqj362126776,174
exxk337532506,97
tjur101430442,135
vrfd914824790,117
vgry421819820,81
phai950034417,88
swiw878574768,195
caqt190094291,153
cpbd124432327,122
jrrf395460489,140
wayt822559918,206
wico483829226,106
edeh232495660,87
mgkr353578803,129
rrxr087233249,95
xjsl585284456,146
bmtv122585301,87
bltm335840518,95
zfti777145433,90
iarw176071848,166
qrxj478621203,13
duou917227929,31
bwam316967426,152
jnns353212839,147
kkny797405620,38
badl984068039,83
iwwf723319347,143
nljv970707815,150
mfws677574594,223
dtcu976099054,148
bqxa218535196,100
fsla211634673,65
atwb666091952,72
cyar101189241,182
agcq421704987,212
kahl178324442,156
armo114696819,118
bhhy053818450,130
wtpu230801785,121
vtuc768399132,61
tdig046675493,57
kavg980506091,142
pdzw096167390,78
xdia306883905,137
hgxe779789719,123
ngmp729814705,142
vgof265232162,198
mubp523131084,57
rzcc947193175,139
teyn307236701,206
oakn149119004,144
onua322037431,125
czlh923324266,148
erpb158861490,263
yfxq952545774,122
xuvu859487520,121
fwgh654988905,87
fkla033035565,107
ceni608966266,55
jxof732712332,107
hvll234507523,164
tvlu626558045,218
tfbw890347843,178
czve106645592,183
bhiq449854908,80
axya364114731,63
iity366540021,132
ucqr362085009,217
wdve131279991,68
jmtd307523900,82
dpky035286700,52
yrxb989756657,119
lxya422597058,125
ffbw442010383,200
xbwg397813145,223
ztrm534995972,111
nqur368320126,104
bvtw201448273,87
lncr710653462,183
jwsy624960601,48
gakn278531261,94
qlkf902608711,56
tqnx592833714,167
ihbc834938625,235
phaw337626632,207
soeg895961190,97
pxxr951866695,89
qjdn738279016,137
swgd049359868,70
kejf880917105,92
vvcz078314566,127
ssew654550443,92
uwws462787859,125
blff606499940,77
wihe436143321,186
camu859202894,194
vzaj239455567,242
rxvl463445427,173
mtko493297270,141
peal051246923,183
nqsg749548806,113
ekjh263263090,168
cvvs442134368,75
tekr094442775,170
cwxo682535747,137
zxaq872452260,108
rqkw874822172,133
slhy237836112,152
onwp152413622,170
ordt863933648,226
oknc666921727,150
ahlk772397768,39
vgej858563406,121
sqek139320294,27
oysc873404869,90
kaoc505682502,122
eemy177034047,131
utku257483237,141
gtjx867527347,133
ysby565588152,162
vvzs599109370,118
zjmi911772919,208
mhia785603225,110
cmdv534395724,55
oliu319816588,163
vatf205905718,113
uiwh756374386,119
vivx002713373,139
qcin483243893,149
wzap898108484,143
adml829336991,191
pqij138028607,29
fytb356761734,154
khhh498877959,208
knci395651382,108
ieyy702349419,92
zpdy383233910,148
yvan011011042,238
aqtc907101905,99
gvlr241595752,127
hmfx840554144,133
xevt892120298,98
zsif911074003,112
ixaj959923717,28
hsfa971322949,68
idjn626393999,156
srdw313056839,144
fwjj710266513,123
hfym776348983,167
zspf955643628,193
abpy950282348,115
pivf316394680,127
bbyy499487682,260
jyar773772377,103
bpwz428243579,235
xafp514773655,131
igsh980302806,132
nixb911504748,39
azcc879969137,47
oeij800667220,150
xqpv208085034,109
rghx409342327,67
njbi021860602,109
qwrr276203143,125
fjyh674885602,98
fqku767100803,116
tnod745801787,147
rjiq832638605,114
dyem261731341,218
dnfn324046854,124
xpnx828724977,31
oeuj175771038,143
buvr393606791,174
babr105619588,124
inun264411868,116
yjwc343751880,76
zbmx202912330,120
lkwa080201507,80
wlzr044594939,84
lukp586894455,97
ildh143118884,97
egbp155037551,154
ferv560998180,121
jxcr446533238,84
brkt186712665,138
phkm827726419,130
viue795931667,97
yrhf843028924,75
wumd309130362,120
dxzs652806948,133
qzbz728217237,102
wcow041779402,68
oqgu543450179,130
cdoh099783244,77
coct145409638,185
qeyv525201464,144
pllv324326152,217
eofn160015251,142
ikhb156381847,139
hhoh776247531,107
qomg777920460,116
iwan460861381,119
zeiw189679303,84
emjq023536570,67
mlcj883673726,143
fkai555356803,90
whtq987444955,92
jvhv092112119,75
jvhi830382773,133
qysn945670898,189
qocw435436804,101
qaye449712589,113
lllh928422929,107
xsrc981789033,107
yhpn730000803,23
zonp870864992,213
wlnm650299647,107
wifz781494600,181
xtdl453985160,191
vyza026100852,73
tqpv179796165,140
ttzt231901676,193
uspi174700958,96
cxky737811264,116
vmfl200486945,141
unyn612426721,202
chqo037680858,132
boir786633882,98
bsyd230147720,129
ipmy885820479,188
udmx483203687,137
xhsv444477777,115
smqa723963445,58
wffj520270131,79
wefv467924372,97
ywle968622719,230
ulnm124053901,163
oktl717352180,178
bqer393276375,150
zpyr213923023,69
ciox474783929,93
jcjs938224326,141
rucs264223296,82
uglq521705441,98
xnqu546468623,80
vvlc476169615,192
ssfz302094334,97
yfnz309615382,99
ikgu438053891,128
xbqo657848243,128
hqky147636968,187
yygz488324338,108
zcxa757732527,122
pxxp551110704,72
ypru436981763,89
hagh161770793,158
crhe122329504,131
qbfw374565750,97
mxru286083153,34
klsr816308996,156
mdlt097633671,98
rkaw565190942,97
aykl352257120,123
swig744083565,118
dhhe511854924,52
rvug665291154,103
vvzb792354416,86
izhc250449267,112
putn426021704,33
safh694923675,126
hxzh951616886,64
tzhc305291202,142
jdwy848849714,112
xskj251118664,97
hbjf027080568,100
wtun260735099,78
ntai926043976,167
axer751512903,178
jdda963465361,100
iybb243530082,197
cvfc485567800,64
bsem566304684,88
aneh598193892,140
iwbl588330560,104
qcnq258947125,142
xteb179075599,172
pwom515061761,155
lmlj513203727,129
gxyl328841925,158
gzdd058759974,187
isrf836283434,102
wnfk736825878,128
smkt934103285,182
ucku711801365,77
rwbd798910593,18
vnel197728702,85
bwba841004104,24
lrra195074753,93
nkxa373066757,67
lryb263138933,79
fego046297572,155
lzkw977205329,70
wxsv046470909,168
fqzr800161102,124
sifu214654720,131
ooqr258603336,127
goph469278456,217
qasq159323682,105
igvs235142701,175
doue965510916,182
ujes524699073,31
zvqc380773451,162
mtcn854156974,14
lkvk423643935,70
tmxe334831573,162
omlt305267189,115
ykyy222676617,127
wbcw467334121,120
fqks186278125,62
oumh030456421,215
qffs678546746,95
xukp478222006,111
mpck068485335,80
vohy509052497,164
uqli994377870,138
tcyy485775777,130
ankz996583405,99
jfps057902066,82
isis054496106,118
tiks438693576,180
udrd590627691,131
hfjt339754360,131
zmvo400433988,136
ojpn128862762,99
sfsw716181326,80
rwvw264501936,71
sytq576787615,125
wnnd300585267,104
dtnq284786449,106
czre286989350,198
drca722958546,25
gdkz825236540,114
zlur326420338,56
vgwp344063856,211
azcn443658661,30
znap424770250,172
dyed814664714,211
evno527942363,232
rlei806723565,212
qfbg756508701,118
ruko347230134,179
gqvd375253192,187
fgus704033116,82
xvcq857407770,177
anmx949557936,107
egqu009230474,206
srzq922208504,107
koco682843307,104
ykfp293150987,159
oovd546752209,212
bcek296793292,108
xpdc638338497,151
jzah941473795,77
snoz257800786,217
itni853799550,140
gpep408605037,87
xswj838165330,86
clan274636837,155
zjif595819521,204
whnx404118292,161
zvgh803517945,87
hatb155685939,148
mfnf182208280,198
ieik064524649,124
zcch076154920,83
slhg147235251,103
qvll947159323,103
wouf645753887,21
qzez845766324,77
dwvw799201790,137
rcow652603969,120
vyja873415749,16
siif208825013,237
qxdv214928176,101
kkkc883738617,104
fofe191842052,83
zmag280499605,187
hegz211516369,31
aurj333685671,98
xqrg549785187,171
iiyu612551293,220
umhb327399664,165
zvpc476600873,243
xrvx410395918,222
vwvx143227790,78
spra311585787,165
cspy267246888,137
rlnn276566971,150
bqhd389839711,142
izth815204552,105
ijai417841900,168
ltbe276517246,119
jvhx551433804,11
hyob668809172,50
shiq754259306,145
drpd739033797,22
xlmz746299921,22
thbk588155831,195
bdka538997619,117
dxqg018328776,132
mvgd511655586,103
szxp000157746,24
pwow374294516,150
nqen727359748,137
dqav459345182,212
jlww894758183,170
goow550937605,60
eoab814151581,80
gwvo604566945,133
xrfo308889743,175
dbqm452723852,109
xyhn079274206,120
szhn656704729,110
lqhg049656342,100
gyrt268787950,136
zovq832380675,117
dqrt478632415,98
pqjy409982102,90
kynj224683452,130
cbib610786743,202
pjvp138654581,83
zawm728932046,86
lezh365169777,105
vlnj445616088,153
xfda550346898,85
hmlf971633579,88
gyqx057299734,142
wgnz990914024,177
uzkt196273975,153
hgis734690287,48
sfje611782997,199
vhum729480505,187
ydjq712646102,87
snbv462906694,267
blxo540820960,123
ihsa264596147,141
tuzr977503241,43
hlef598812791,170
udkm971472062,168
kbff652215877,57
vnuu010408483,96
rnnl237845074,24
plqf934599490,125
qhei462583923,157
mlvb487235619,139
ojsw211263794,10
rxdz664292433,92
ketf204866240,78
vfwi787104455,122
mrou787973891,140
oylz319349412,143
fxmv886874920,257
loso484577087,94
ouxe201682398,148
qcwf254079522,235
vepz592085818,106
ehaq733158814,104
orbs265054202,79
zfrs925123816,82
frtn592039437,129
gpbu152315770,128
wvna532516954,113
mgox485355870,169
pfkt199642315,140
pthn636850712,202
zsvx089553425,142
lvsp192844137,104
gegj706810894,129
kmni240750799,143
mbuv739618441,159
wxhk552197344,141
bjhz751586216,193
lbbd624246946,127
wpcm756252330,177
wfcu848886255,44
jydf557264676,163
zwbc238249823,138
miku557704283,100
eeto618221573,152
mkyg836195808,82
aaif308012919,117
tbub719942959,205
dtvi857425338,110
pvxm580104845,221
xknb190838828,114
wmbu595356307,112
sgwl657164197,180
xvbo003546979,122
fznw853469728,222
qbmb775785148,90
dnvy469763581,127
hjwb653891597,107
fbme727777352,82
fray074727675,40
cbmp129568901,173
zuow130356189,177
dfit485141410,132
axed719012935,142
jthx287577988,72
xrnu084008779,156
antw043163267,144
lizx970771798,87
dhsm860225120,118
zdek034945734,174
deao357520552,242
stdz893622369,137
obzl277566277,228
thxi272767957,35
hkxd570624584,119
jgnl339239728,173
jsua499827095,88
kook169057131,82
mwcu328968074,72
gohh952801407,218
iyap499733002,106
ilhh865115680,160
inzf915429356,151
dcwj198380324,173
lffk889400832,112
hxvj780126495,68
hiwk567661071,103
myru493160868,104
qcri758022985,155
ckgu979210108,254
qmsl297295010,95
oggq233776693,208
ubgr832266731,74
cnsd930073543,113
vykk066179746,143
rxbx442924513,195
ofxm402106572,144
ugyr080086733,140
rzle766762023,82
isxz449220988,182
rhlr758214718,163
nbvs894825544,97
iddi431559643,196
lwsc967641249,78
kqhm535226285,142
kpja462809612,208
kdcr880083311,151
avhd509242068,194
affg213147836,124
phtp249254962,121
zaxn934904057,163
ohoq396505390,196
zzll077342090,125
vdyc075676157,119
rqcj070727053,140
lxhc332312719,153
krcw898882442,172
brko468429457,145
clsi098313485,162
xzlm667505479,85
hjfm882282946,78
ssdd590095397,127
aodp472210881,186
qfqp505355377,92
rfie434113868,148
tfcu124200785,102
zrdn844754150,45
dqfa640593958,98
ctbt916104301,129
usko941874985,124
mgik408878433,151
rldj547648171,129
zmyy936482402,191
srtb091566338,97
kvxt162071877,94
jrgm187069330,198
kehx916498466,198
urtn735346876,18
kkcb198520775,142
vruk051985453,145
pjfy533810974,154
lfuh209633212,221
rlyx695665765,200
crhm424465785,142
mahe760042147,143
mcvm540174887,49
uwcv368721992,135
afsq367658063,160
wqwq106809640,165
zbxc282919626,78
vbjm078341292,63
dmkg758019928,114
vudt702481698,221
dviv460336232,100
mnvu423205755,190
eoat712306949,160
qioi967611219,133
zejf700821404,144
auzb340226290,103
upsk673844971,48
uroe715279771,71
dvby768460744,212
osbq193109667,53
tuxb779531563,148
hjpm440495327,23
fnty291329504,177
mors308072146,113
swuu619483904,98
hsya785075909,19
nzqg612610935,113
bwqr063646423,15
bkpz054427499,132
qqxt171973323,105
sxad909609441,58
pxvx810869539,248
pxkm727306643,127
fsov750568135,135
dtcd285315398,152
kqca049612756,142
pyyg069156622,85
hbhh764576117,78
aytn566119683,190
vycf229515875,93
xyfn989818742,50
tcsn574820637,127
mvap229979201,192
vjmx152574713,24
utie614383749,201
rtru729111240,127
ifal141043500,183
onry174803445,126
fcqw137874884,109
etgv378411032,83
dygf113684304,168
eotg396028290,94
rlbz442976206,110
vyyb133175362,117
qdph956227776,6
atrb946682106,137
kvmr881806666,157
fsok409856712,93
esiu516772599,148
ogdw427072825,73
qcwq137958486,168
dhyv789905778,96
irpj683046990,133
wcef353765399,76
miqg591287147,125
alut253788816,93
coxx175051909,117
eczp631750715,134
msmt399919332,68
ucju365949051,124
othn078883077,160
bhbp713492517,17
rmch973229665,132
xtai303851299,72
hixe276026129,105
xinv983814481,125
wrof432919697,154
ezml310357501,72
nuor446848415,104
zddn190119292,96
zbsf751463593,165
pipe458087441,200
zeyg176902808,182
vsam638245130,139
ngsr145972742,57
iihf598197536,186
tpwl725558218,108
cueo271109804,104
vksk598103807,10
kbyf605357412,163
tdtw897434566,129
uwqh443338471,84
pzsy758690135,145
hjsn906248039,112
jkbh378047538,148
kvsb746510237,172
jmrc613435312,171
zfli077037141,60
jyzi662038589,101
rwqa199399246,255
tbnr205409108,154
wzkl543594669,213
fbhc546246639,83
mtvc489126095,48
fucq377018419,92
safg131524339,132
dcyl161446064,18
dnrg617746194,131
dbyf796698825,117
qvzr313631351,133
crdv651994674,91
cmgj915015960,45
zbho805460866,171
irqo081449085,168
uejo434193418,135
ugui005540424,170
qzgo013579556,85
huje671672764,217
xfqr365348516,133
ksqp950302896,230
vmha196603833,90
bhrm213046971,140
cttw770984707,49
sewt456223390,76
tlli125815458,144
dgrj530098910,157
teko570345517,93
iayu043763383,191
luch315156357,159
mrrw085745239,126
ctvf697236998,173
ttrm104622932,137
fjfx001064668,129
ojev305507607,82
qflv887819269,130
juya261533463,120
puad666197836,140
xwvk687255682,163
fmov446066127,171
dixf913558385,85
hhgy546686476,113
omuw345881210,115
cays671478940,148
uake019073257,102
cpim163090032,127
bdqu316369957,187
yruq274422881,198
thsq709934739,128
iwyb791598986,148
nwqg331387389,2
been381002606,183
upan418738973,73
otlb685876823,106
xkwk218762897,87
hfcu362323735,173
riey255201586,197
yjmc088962468,246
ecqq868601374,92
ieev633511274,22
iaik324804750,197
wmxv294501396,246
klbe749915260,51
vnxv032059699,79
xipe241313476,48
yeuu142160611,129
pcnw789248254,67
lzzr863702423,75
npyb688708484,60
rxkf490155339,36
aldq857366032,148
bmqa806596692,122
xsvz427713201,219
tohz156076022,7
knsd782187336,212
otca256718498,184
ddmz086986979,112
ppkz307469514,113
ujcs786621260,205
mwwc285918475,146
lkob101628355,127
xnhj311844132,135
oohz901745311,149
hufw760726272,69
fhfc873290813,122
mgwp141806642,205
stcv184114583,140
ggeb606441002,81
szxx425859095,122
lqcr015873909,137
oxjl510428030,55
ekhc143131120,162
jxro118907771,77
cqdk225459440,110
cgpb625054685,82
owgh565871498,82
aodv281176537,87
nfog360909237,95
egla900920063,47
lply615885846,206
aqey283799999,171
tdfo773431620,95
xxxj151682312,88
shtl195689014,167
zqwo113558556,92
xkjc012883505,124
tdmf449273790,153
nktb060522017,237
paqm091948930,152
qurd424317224,220
kxjx660565063,46
hhnt678659107,92
vojy339001869,198
qbst295247570,15
mluj019697342,134
zrgd807599284,96
jhor120361100,54
negf878558354,73
atgz590533946,165
zzfu025294177,105
iqdn929988513,114
afnl633538269,23
ayog757850528,82
nupp946747523,131
nxqb293234364,133
ecmt511407938,189
oauu516704755,152
cjwo141124812,83
hlfa342984148,51
tpjt358967208,165
lgjc868794823,92
ukrl377640073,205
jgpl972959252,235
lpkz104846964,49
mtkx145105020,135
piwr775664979,147
tymq714192310,215
nntz567193671,148
mcnb338480197,244
thsz428342107,174
lvgl742626483,187
extp902889447,89
najg458571917,139
oekx158169654,69
yccc146578379,173
fbgm585311883,210
rrop853352808,127
xysw666685909,81
ntrc801960565,177
dphn822804534,54
cesr951567490,181
gusr348060025,95
lybs192059113,182
pkvv291168177,125
oxas803476615,50
buvk817148710,185
fdjc908534177,163
jowg970180125,58
amnc928824942,110
brhk594811195,62
mdcu583359476,116
jjyw064560709,150
pyvn792842032,70
xeeb958693757,49
teru681757560,218
dtgy237285616,113
iufd569639777,139
zcpq753867094,99
bnzz193424820,63
bypw992426951,194
oxgu631601946,79
pxli318944345,159
mxxi490364888,84
mniy742463645,183
skfj224078783,92
ivsr407062526,148
atlf772609581,253
qjna194132443,167
mnpl398813589,98
kkjf060968588,139
yesv724284977,262
ddgl196366566,140
ljbd535016432,162
ygns941176682,46
omdk997599336,107
kvvq915592528,90
dxpu607450363,105
pszv522529871,137
cseu664114321,113
hpiy243103186,93
ulrp516254407,224
edus019795178,86
yrys877396431,194
gtge242941277,218
xepe314541510,122
taqz638850262,118
podo925487995,93
agzn375273045,92
zihs306068436,173
bkel362819851,143
gmel438122347,102
vrid651773648,110
fnht526655412,82
nuqn333748816,77
zrqq264622094,91
djbl443951240,132
rzsq240674361,88
fgeg687369278,119
mldr019812963,208
yklp066058165,154
vkhj534406693,90
hgtk862468747,127
loji884537971,133
zgus034066845,217
ztsc550318915,130
ulyw932869538,190
thbt442114877,86
dwle751868758,90
tlbd913740012,128
eegi740606974,107
aice632409513,51
ebht430362672,143
znny049199248,176
wqzc551582541,132
pobg602016251,97
klym313591471,93
jmwi691922647,251
pqjn202408592,119
bqeh771725126,97
njcj508368679,102
sptd219950897,83
pnmd505629470,198
nltb674553843,60
hzok738245394,148
jann595468857,136
mqlo495567928,129
yocp190337354,143
vkxr460870275,185
uwxy476644239,130
dgup668196024,113
lsxy263981566,188
exea886521836,272
uqzx063848860,97
hokb018117056,72
lkss601903533,108
hazk591379022,72
qnjc439912898,148
qiss782313590,163
zuxq767060668,62
pujd915152281,185
ytwm068837793,178
mzoj299524287,205
qrhp298170587,20
cfvf265164584,208
zyfp169519380,174
ozjl870916166,138
zurl326434214,130
pvuv920899771,136
ppxn605552792,140
vdwm827830060,52
zgtw084578896,88
yhbw512748246,102
csyp000416260,17
djff361858273,154
slqi119140971,113
mequ570202387,227
ripo101744823,88
dxrp207307537,74
rflc819517887,193
aiqi575352239,159
kbev477708466,80
xuah952528220,103
plin490533537,113
baix074921221,83
kfrn320623123,264
jzfv968236855,79
qmjd723988771,145
xwjr538782193,186
oxah086151187,131
vidb467034869,53
pgse398651331,160
mrym772826727,156
skaw783286292,71
ifcn620281683,92
zedf580271142,75
pjfx918619203,107
bobr175666924,169
pxgs183610336,23
ljdj172427566,224
tagy169782724,142
vrdu183117418,134
zlhn773548976,132
mefj801541334,118
qhxz852387164,105
xkzp084842447,74
ewmm101461571,152
mdib388602782,192
nuzu666521601,162
dvyw526198464,238
zawe465770958,126
ueoj522375475,136
rqzn447574546,99
ftqs105100324,259
upzt185501981,29
pvjc468556141,167
grzu124239761,73
tkhd549875120,142
xqzq878912631,143
wspk024207541,215
jrne260903369,108
ejhi850786151,149
mdwu605879201,81
wwyc707182981,220
gnwl613371933,160
mftj782582411,148
dcyg446857078,49
nzfg134905523,73
rrtj019668127,86
xrgj117205771,156
mbox898067235,170
dhin712574103,166
hijs294346049,138
jmpv306248712,122
hxam056038016,73
wazc385372345,123
onya380828375,83
yitc750106636,107
khwq228391912,178
fdjm915325731,103
jtwb117579081,183
flzb374910570,164
soxa734044877,193
qoia381170310,159
jjij160767747,97
xhnj966537292,137
lwnc546343549,107
byiu826995352,93
gpht736315022,155
kesx306687635,173
uaoe368133182,43
mutl080398176,211
ozei954401267,148
yjgl277191231,24
rdyr354541782,52
yhda408750082,161
ujmp746407924,81
wlmp451015078,87
waqp806771044,112
kgtx118065300,108
piow579718918,98
tkvp878873697,208
tzij388632670,159
elfz134381071,172
uidq821071944,129
ymea481116886,62
gfbp560010211,229
hyvs348411016,83
fwyp209667157,113
yigk494069795,53
hzii951107362,92
elri157886700,148
nwfm746469903,98
ddsa250148867,110
eevl499851304,122
dkhl410615711,189
bkni716313565,118
kqjb627446355,86
zlrl927178544,138
ajlk111240422,142
vmmg790427398,119
gbzg753646834,51
chmf565765698,25
ejyp792502628,100
bijw586959263,198
iyee180757071,107
ufpn412282225,188
wfyd884428331,93
kyva578785145,148
erdd129223597,152
zzep756526477,169
hzxd937133240,196
dgjl035168275,172
uite034075757,169
iiwn349069387,82
iqlb721912496,138
rfwb649506491,157
yjma388571385,14
mvyw093304536,95
mlwx012422954,200
pkzn592808258,168
usxb380152444,96
urol678325568,127
ehsn065772320,141
utmu731759811,113
mevq379872295,104
ggsf520615872,172
gtew887225145,63
papw010373796,118
thou227848780,82
npwz533448408,157
uhav376281525,212
xuje586434351,120
rejt090379764,90
odjh237833090,105
kqal787593046,192
lgnz747887004,107
osdi967262711,188
sccc097951474,95
duyx574921888,98
sgey872489235,161
ozel268502725,61
iznp021102262,125
gvwh240567795,132
mcul331173044,233
ladi810194409,98
lwex410668371,133
zvkp990732698,99
gakn435956631,32
eivd466532247,90
lbrd621092737,218
zytw627509900,208
xxjs817784764,188
huwn157471742,33
nkuh321662179,132
xfbx883803722,169
auts459547429,148
idds076682081,218
rjfo564543069,52
aurm455434146,119
bazu754046255,77
fnke715913090,159
njxr920711143,138
thbg152288322,131
sgjh419463614,83
ndyl008810939,163
proc706695335,111
qlvh310978306,142
cmep500216929,123
aaha266438982,105
eerw648575167,139
zugx425966946,139
wcix536028134,86
ltfm049548740,84
xpio548788750,72
jalt963272525,116
rjgk446342346,170
ygob573229785,76
ofdp257852258,183
jmml223911318,97
piqd295213865,137
fpos128614912,102
osrl437339493,98
drjz029559281,158
tijk316644427,127
rcgx518111653,87
vomt652819256,153
bvmc784827658,151
fcsp352735325,127
gemu839335505,86
uuhq038623013,207
eizl443679255,100
oivq924567327,111
bjks973842975,119
xvpx417700848,54
tsie413908897,134
mzdx113079386,138
tyug644764481,173
mzga690135864,150
hnpo666441693,128
zqor284724716,105
eupy283476094,148
owtc020995171,132
ojdn592728138,190
secu507482730,110
qrbc021172516,135
dlax653091554,99
fobx992585669,75
vpil053598655,176
gepf042969631,183
ejks732532794,224
helc533837584,170
clqp880548854,158
jmpz543922903,160
fmwr966865356,84
tosg584056177,235
bdmp916900478,136
xjve159065621,131
gnwa775152763,128
payx035394149,52
ohef492962230,106
zysd565027403,203
fjgj622449746,64
azle376655974,137
qwoj321021695,213
lgco502009609,123
qafo866370140,173
qgrb614403792,192
qcgj474219552,136
cpuu222541927,88
gwkf386025425,228
evyu216335880,162
gior692651275,158
vrky562502168,152
nahf442481922,130
xmpe788589760,214
ryji363504853,77
nxem360426763,143
yteu465920343,178
qafy184550539,167
jfzc636655296,120
mbuj066868578,50
anbc769015604,84
iwgk186671845,97
gihf219624848,75
lowm517263070,77
ipuj945848956,77
wakw489669087,133
mvcz998818650,176
kiaa279933049,88
pddv280872346,138
eddw408322691,88
vtrk899373333,91
jqqy863365098,78
lwgi652050187,82
opqq635872877,9
xlxf098451747,96
etkp118628189,100
xras412017624,138
zojk158763688,174
mddq063307325,48
aetz764208308,117
kxgv383183940,109
foib531328329,128
lthc084843935,142
piyt440032167,124
jdkg058470434,73
kgoa139434858,163
jwja708519051,98
jund466378480,108
chbq415145407,147
rure960294032,88
naxb274894906,239
nlcc823296387,88
inec838106341,157
cucr345143282,193
ltao460052348,198
fmdg457548764,117
umwr946422142,187
iarq997110172,98
mtzn271441051,59
txng678563469,129
mzpi236716533,97
lvgd908829350,146
dyla898260296,123
qzan182485223,199
euyr430125274,120
jzja370561098,147
lmgu047360535,218
uiiw730427729,102
entx808235077,91
dgix061455079,33
ecas527009057,236
obol818866549,78
mdza719824528,175
umtl750045775,98
wicy449415655,20
jyno773904525,83
dwkv873607775,75
vbiz732679875,170
kyno128161090,218
kcos603820922,155
iinl136617182,93
tifr967196644,101
pwaw338641528,218
ghta322545241,113
ximb430247928,72
weew262644582,97
ypuw021867082,57
ehcd753939174,84
nrvd710913536,144
qqyw901244258,222
jojh209076017,133
eicu586666617,47
udpd379196740,105
sufi301469751,200
lwyk791833158,150
qzzd747109791,126
mwvv156085804,206
ghmx944739195,92
jiey672909671,158
sufw004362897,78
gxgr343260567,81
fujk055204994,180
avrq295092692,232
tman346996247,87
pzaf566409847,90
ssrm978473016,138
boyy752622992,132
vtli156996267,220
vqgs372230112,213
dpkg754611961,57
lysa795431907,88
xjxo477972435,51
xwad028100408,73
rfgt319251260,162
gnkv155555687,198
ynsm229146660,108
fukk473218196,67
yloq705080818,112
aket734769223,130
zwzu435423136,170
slqh122351236,201
wjko101133043,204
kzaf547258314,183
tjii563512083,125
rqhs715681837,83
toum330824896,183
gqpt767216050,63
ahja338301522,157
gwst243605740,54
utth652002516,130
dbmq693440976,161
zgex972528553,106
lhcx049109006,82
qyca747746397,41
drem898390429,193
ywbm338214154,78
lyrd247781834,45
nziq081502618,13
wxzm708066403,122
ohki332078913,92
hhcr147619151,74
kflr546383580,102
gctn698923153,132
hqyt139841336,65
bqxd105265983,240
iuty502667393,173
yfmf331664758,157
sflz355173551,212
pgaq234569345,142
ecpz948753569,72
wmqn972563897,213
kxaw061651864,232
kszc549343441,83
psqt401935008,254
zihg119541067,84
ilfc840911506,137
znah482704479,130
xgro975395979,163
aels839231842,137
bgcy808392669,134
room616163240,168
dfxt778349695,72
uzyn034691554,112
xagb620852625,118
ecly776438282,101
ngxj365187505,227
plry573016318,72
ckvb272695035,77
pddx122129079,197
gjoz487896909,262
piek690133478,117
axjo758363487,98
zams384919228,70
hwbl548323022,135
bbfl448200105,78
psvi924837623,143
qxba080681528,146
fsci165094608,116
zxgq527243062,147
fynh294065578,152
nkqj683815895,159
jcun481089721,105
iegs742403070,132
vqou097213654,85
ydzd864618426,78
ucao318065516,96
rpas876228222,141
aqwk943161931,138
zjwn744061566,63
vvim395277488,136
tflk090669574,108
cmpo422502011,78
amyz723490317,93
vhmn102082333,191
tuei260853220,113
orvy581528180,147
xbhs698402144,129
dgod965784471,53
frtu926165696,146
wpkv234290139,194
tzom378565926,123
snhw462006067,138
btpo462044256,111
wfsx582481662,160
kxqr071309465,186
btiy574904646,215
siba300303609,132
czkw407089140,32
oakv522982120,87
amnp129757976,75
blbn059888517,187
xcqf169775185,191
lils573655183,90
zusx691667065,130
pyrl819526729,173
rloe960271082,78
jmbe533465778,109
plmu831218435,73
nawg893032055,171
ijqx227485124,102
yvte826491855,243
wbqe571787046,190
zuvw260288051,73
forl406476996,218
jiqy493393438,231
yply970323871,57
ofuz312281072,192
ctqr800747371,117
onjw142395427,137
tpws180445471,168
uxkq294895225,227
gsgd360232140,218
ouvu066495715,170
mhff578992952,87
ulxw066377353,167
gewf783114625,103
gstj773384125,116
uxdm841197176,81
wckl728607253,148
qjvd233465454,234
izlr336762405,182
wemn290453364,219
wkbu151490929,170
gqpf454679331,38
fipo005763064,99
moxe468250259,167
tyfa597726120,47
tjow362722393,227
etug289327479,131
hkzk837595639,35
inpt254648727,89
chkb492500523,128
xmmw441525867,138
rakb207888440,142
jlwc847570776,87
puei282653655,250
wuaw464295578,126
wjup621762059,143
rhlm200753988,66
hpet764389021,118
uvjx017060584,190
lxgl934578242,119
amky538171407,121
inua755294884,47
pdlf662907204,58
qvgu053575014,120
ojnv588204734,257
qagq562563482,118
cplt269974636,110
cnon911182771,121
ixcy250184238,94
oiws150195768,102
wzlx466737634,27
yjgc975734232,88
udkd751246152,52
ksyn539980081,88
ibaz353447445,109
dcyf170931345,189
nnkq866037243,182
zmrv671522196,123
qkny851207346,171
nnln081629729,203
imxu070115746,196
kftu591270220,113
zpdg554930890,47
autn347560187,137
auyr830328276,28
emlw786264394,133
bbxg249470635,83
cnka227694853,103
hksl694662601,45
aetm923399193,132
axec597534054,197
kflh553471284,90
tmtb978617367,122
lgml913475562,175
htvz150318926,96
mfih990661897,101
jspf121249107,133
wxcd115175936,130
gdqn181669251,96
zvds597013109,143
decu590029798,133
ixbs778497361,88
qiys926891866,107
qmkv499481115,208
lszo469456055,226
hjkr096497750,120
pkte058765719,98
psxk769255857,15
wxzx810527209,32
vlho966494337,92
zklm605538379,72
nayb601836748,82
axge557866298,53
pbwz129887920,32
ofqa573655109,24
jrea002567927,112
ulor158404094,174
smns658248090,85
qpma190992023,53
itru747798042,77
iapj612904504,156
wkag149950661,123
bviq130151545,95
ugsf102846290,100
rbgw556194734,26
vefk779291088,91
dltl375627423,106
zxpb438458089,126
ogvl750353917,177
fxlm106062528,77
cknb677120059,102
wuqn641209139,122
nnrg732537477,38
wqwo405903348,108
eauw354814845,107
plyd925700402,89
jfxe344776467,219
irpj278073022,81
advz227286302,118
ayfj906153981,112
azqt618967211,172
znok703794960,115
lqwt702738743,182
deqb840163791,155
evhx494723037,117
rswm976541008,83
jyko374849472,75
ptkm228606683,17
cosb079170816,71
mzlb048497284,133
ella969337504,142
nadh440693838,157
yvor459463325,187
uego856361252,185
terw216364944,134
atwb478894837,179
thxd666854023,113
ybeq666287675,242
rkvk839856886,142
hplb776991343,175
nbhb934270444,128
trok864211637,120
wvsx964202069,83
txsp393712027,143
mzgo396709867,128
ywib648489767,68
kroa646243339,188
qwlx838944461,123
gdto875898223,65
cwnu961357144,190
jdng861249278,129
gzzp639169605,192
mbqh088514005,198
kpcs497875638,265
ngjg305342294,56
ychl354693135,82
gdjf865065738,142
vwcq798483244,159
atma747980734,123
qkhf544932447,168
qzlv262621539,83
hkar243611526,171
xjbu161013473,1
zigj318435736,187
npuu525333162,97
yrbv757534435,96
zoby474101367,174
lqvf916744398,224
umvq150179622,152
stmx046882747,201
lgwk027552831,154
fgyb989765557,175
ktsx271711097,176
mjfj280415495,173
qdae644343090,142
owpa846559401,126
vgut992289030,88
ulod901384903,148
fgxr243207134,67
usqe732154910,73
hrry048439751,75
tbtn165096985,272
nvhh879956761,144
ivuj282518202,189
nbjt258931142,193
ljwo660068922,91
xnim060036316,166
otwx114252632,163
jvlp785624683,207
xpyv463453065,127
zevb029335085,235
yzyx213150952,126
aydh513887075,59
lbam671525258,215
lpio480900442,97
ddwh220909968,215
trrd730731997,207
itad795376309,185
eyzk669861170,140
xvln654754809,54
qfbi565615338,125
nyrz904829443,85
oqmu650909183,72
amxx408801688,78
tzib059917109,163
uubx511622804,148
eoil130991057,156
krbk294812821,137
fhvm650257261,166
xfuo965416958,208
ckdn671507293,245
jyke666850771,138
zwvp285713958,202
uovs484059854,228
grdd863863716,48
xkvv363786605,145
snfe984048185,172
kcze102143523,142
gyce410779680,138
ouop236020170,98
zsah528489092,114
tche601387767,78
vzig469046573,132
xnci482389352,196
oakn695906175,247
xuya829951515,92
gncc393624704,147
tsor110451718,100
bawg391229057,215
zvdl579155221,122
kbpu887157243,162
qmzb589590539,127
kylc616167613,117
vlny887281835,32
erlt962519128,134
dimw780293056,64
lgec729568142,97
ejwf556988815,171
ydbd435382386,182
vqmz704542370,69
kmgi005894872,196
qfpp573335002,193
tylu949948545,207
ogfj815752508,1
oadl514908605,123
cxbe477637337,142
vahh815562613,176
rjvj576596902,99
euje908196186,81
frtm671232629,80
btsq389845619,125
hdxl358576074,171
otbe205376942,76
fbol369152410,130
akmf415239937,137
hlwl381341195,208
oron294407689,103
zpzv439059456,112
alav023982653,178
eaks456213430,140
hexf022453024,31
kutd129597911,76
ktpw889953330,94
dgix014461570,228
lxdk578029943,169
tqns892015023,95
kjyf142094732,143
caih805652326,84
zgop588799703,58
namn305101916,137
ppuf753996767,157
aikq341128382,119
wjpl505454607,47
eiqm465866781,183
gevk029050166,127
dldw190779894,112
gsef486897294,176
aauz389530138,174
ctbe083577720,83
mafq255846808,137
jidy478953351,111
deuc288711506,58
usqp638501475,161
vwhx579460146,192
adnd435247513,125
vhyq615990986,212
qtfw045275105,143
tmjj886319435,27
mqqn890556783,96
aphe870312435,136
skrp010064991,139
xpop620472891,184
pivc278783963,189
bmkj069368593,115
vneh626118072,142
fasx609065571,163
dqbe486590041,124
lrhz155025817,70
whbb214291820,113
fbag828351508,208
cmew040948601,160
rjfq844222896,99
gggu895924423,160
zwbx171764183,103
nync865998549,218
scpv567166855,78
vypi131080392,247
ygdn684301206,154
htgx252360253,80
qxir539198233,88
hnvx477177177,162
uegb857603393,31
cetq017060793,120
njkn485703238,141
xijh111858254,133
fhcw656784410,145
lqyh083036605,53
pmmy347020404,53
zdth804936172,49
jpem535390283,186
jvnu275636320,91
kjlu062201227,156
lmgx922384300,106
tqca253976367,120
qvrg164140789,119
bsmx335871941,34
fkqo923166637,115
nkql072112566,191
aswu777018153,150
kvkr595993357,150
feyi125029788,102
lipv636621422,39
flqp970795482,62
vins290707426,29
cstz901039299,194
zhog442921262,141
qmum304773437,158
xqls246895604,52
blst938278005,30
odwp649876905,206
qwim456243505,9
qtld266051020,218
kxaa262158048,157
cwpa313852993,220
gukn174855173,268
qcnc718303143,128
qpps707970393,132
npjt271440185,153
fmyk485852514,78
itho606421389,203
zwdk643904242,97
rdfh895697230,187
oqyz522693919,72
umqr024783336,137
xuzz207770989,128
bapf648256249,167
salk678460210,93
eyag458466245,217
zxon664480897,92
upnk676022789,39
iayt814855952,130
xkmn338884751,78
xnyu446785188,103
emce280076525,89
xzka145864750,140
snlj639141549,97
htts019391042,22
byig132293926,133
xfef074830005,190
rusw437077087,203
nige120391966,168
qaot215457347,178
mxlp007180367,79
vqzd866271475,36
zhtx605143707,132
sncd482632945,52
lwjj389248406,63
jzft252085315,246
rogr500318877,97
wtrh066714445,101
txrz945675655,65
tumd881592333,137
rzkw531769114,158
qelt721224490,78
nuhb423761900,138
prmg086918729,73
kjas529953116,117
rzwb635418129,112
niqi440240973,103
itge661509134,210
wvfp684805688,145
ssre510461928,54
tmsr460633751,111
kccb341922577,80
grxj101025195,88
kqjl712462628,148
xjra026543133,126
lleb758038835,173
mgxh394132433,99
owst242545351,118
zkxh921543236,62
qjxd374810255,102
voyn639568162,241
dqha141267448,236
zpok839231130,135
vmse293673651,157
mctg142048173,196
fkxx461267125,123
pkur073521661,223
iple796952643,82
gejw615246144,141
tgoe109806062,168
izvk506164365,70
izeq351443673,170
ecef028086939,76
curr119811104,108
rzed399306409,120
iqnf085414227,7
bomp972700743,140
movb737606683,126
bjxl957785372,154
qbzk029736091,74
ptai006182649,222
kthd470645290,142
hwdy921771990,188
akiy543103660,106
oltg361218941,143
hrxy942433955,120
qrep712524847,72
ezal611546424,63
lqyq663528789,157
hthq112124079,25
qibh448660646,55
prve846238265,17
scvy850271477,104
nljs245432284,159
wikc892217533,142
lyxs552331441,94
qeqw280471894,193
nhbl697835076,85
hhjx842252938,134
vryp789245550,136
syag966081299,72
zlxy256932805,194
hjjs485838228,225
nmuz370056630,103
bhkk139012139,15
ipvo673973233,137
xwwg164087342,74
pqpk038615207,53
yyxq663694366,126
dbta181069881,144
nvue323729670,135
tvvj876782745,152
tkot463017494,211
mbgl826238623,166
chih394771707,87
fhim876585537,66
pzla234337371,99
jaew863818872,68
qrxc434922270,117
lgut895177034,123
mxer009215838,173
jije377134954,144
wnlp576801004,155
vbvl980737287,177
cpfs206404180,52
zame804109306,169
xpmh690785832,155
gjhr127595237,118
yvxg730016564,205
iygx002829877,103
ufxv416370927,144
ryht499718050,160
yhli439123530,213
lciu138631807,63
lvar543505043,181
qfob266952157,138
oalu900311433,171
lsby237868278,31
hdvg287851996,139
vuxk935704009,134
zrjf090835776,62
vikw060195104,94
uawg557763248,57
sbyj589857799,176
kvpu952164936,168
jhvh864000808,97
fyzc486123923,94
icjk229874303,144
hmwq700721988,191
ocvj749131764,50
afvl650547200,177
octm154014837,60
rgvi514439591,149
zhvy287888960,49
bvsv436668561,198
xxfu798507198,134
larm101380738,128
jara745884842,140
dlmc225906663,157
duyf061705009,87
qczf702497427,131
jzac809132494,143
phwh095102975,137
fstc299298254,49
uamb573010037,83
qfvk406925457,37
mebu767494390,85
tnow372656153,139
vdnf970604299,225
thvj192996698,151
uaup980411877,223
wuxj115454778,175
hpjk799474104,232
xcyp912022331,156
ruqm501446216,90
emck778704532,248
ljgr918856467,97
vome432714167,88
bxxr292304298,128
afnf863298213,80
ulao431972951,77
chgs735738574,93
ezmo350159919,117
xjzf010047581,215
azto283949439,76
mrxj000989757,135
ncor492588071,147
omkd956611832,153
ydaa497487555,42
phss366671732,96
fbld313509988,105
sxyb108561192,185
fzkb223728283,83
fudr746579739,132
brje908165405,14
xrmo139082626,55
diec345521181,31
mtsy748622553,109
ugiw644898324,140
dabn881106245,223
dkab733317830,121
yjaf703751533,129
homj856945288,166
bvnk694397225,79
raop338903791,162
pijk057851229,218
meer506137322,72
fmbi218762197,92
xkpq110932035,155
paes448425657,138
derc975928556,132
nmni964929800,102
gnfl206623557,72
rrok575959510,208
cafy842912051,118
zgdu091406457,92
hpvq660027753,160
okag092228731,144
nriw870515548,59
stsr977769390,137
otkf129578603,132
uibx007663351,121
cpky166071596,142
cezj161872744,63
oxnj074744851,124
josg539039376,12
nkjd241734601,31
emfi093554771,113
sxxb272666494,183
ostt195614918,157
erjw992738308,177
spwt867360825,89
hjgv390333062,82
mkjc110029235,82
hyyc485599328,75
rsri485649677,121
digo314036293,227
epix161488717,189
xgat498124656,163
gkin856050185,29
jntn949950582,135
gxgp384072026,165
tkkj812947112,130
pgej030362377,27
qyog012343672,98
rcjm089253310,114
hptu011160626,147
jzmb941419298,165
qstw128349164,208
jvii053223630,156
ckkw729440002,67
jcqm120307402,111
kgff042377015,40
uzuf780755914,18
zfqn341882217,157
czdw749444326,117
qdjo213112934,125
sdiw652386305,149
ascx797996498,182
urmk565153436,102
bcre468638298,93
qwuq325093195,223
mmnq644536018,212
hdhg406348440,172
snaj026878437,18
aocb571572720,149
axzi136369540,158
bawk587881973,135
jmsy999617906,131
bbad687340483,117
vrmc660181783,143
tdra114555822,128
egkf623746078,153
qptv919584666,136
koxg190784895,82
uytm525906560,88
fugx920423798,143
lrwo804681449,223
bejm202591169,135
gcok161869341,175
fwca885059173,122
nhxm564132430,175
sqed657092562,240
lieh723633621,143
jbuc732295803,113
brit517596967,112
zfzk978355302,150
mxnf439941833,98
brmx856117569,97
xxir436784726,218
sfut763920630,91
jcmf856592716,97
zkjr266967956,123
gazf406153002,107
cfij167562691,103
rcae094202000,105
pstx473767969,140
zwhu425158660,90
uaar064358443,182
aspx533262171,163
qtjd148443879,93
moff878339555,43
nnik422661796,28
dhkf181672385,106
osev235891467,144
kxbz070649841,141
ywry122630036,147
rjqw062821519,119
mcld512180178,103
hwai339897414,121
tjtu325884464,195
jcpv625475369,13
isxe231291908,32
yhuw204432928,27
atgx884482208,159
omyl591647683,162
vpyb714321369,85
zxwn606325742,134
pynk103321059,79
nkml654991218,183
fgle289148592,162
pbja258818792,19
phvp855044943,186
kfwk810675581,128
hyrs563103877,68
cafg676084703,132
tbhl044526750,138
vwys318443757,98
qkkn863646577,62
auiz091506525,127
tatg752412349,133
jozd564272500,101
ucsv429046492,130
hquy888256336,192
ilnf409711919,267
nieg706116947,209
wdzo871859279,180
duop638511694,142
uhux158844935,131
ltjy028360466,138
akvw577388267,123
vqnj786605390,158
jqqw174326989,125
gbje334787325,72
khur110589897,133
lqsu624515443,190
ylgn121741580,75
lbig900920711,182
paqu497422697,127
lyku895652887,77
ydud159233983,246
dvqj849433362,81
bvwj608405612,257
psbj542651131,160
qmol553055252,138
wfhd772166828,207
uahy502049662,167
slbh675203608,90
xsvu016375277,79
sjbi520185848,135
rwui567549934,215
dyrn839577497,83
eubz177752085,67
krtt316481491,80
egbj822517206,116
tezf180543092,163
nxnk522831686,53
xwzx028694957,37
ftrt105549783,64
xrir156731984,92
bsob579670437,158
eidz600439905,142
fxoy645802265,140
gtpy146805659,30
iozp940411956,142
vxzc314817232,140
hkkr147917964,166
qndk782705862,132
kfzj920690343,78
mjpw083916068,226
fedu881480103,189
dobc890009505,177
objz524037942,72
ekgl605958671,129
voqm990124775,20
sxiu370689549,83
xzrk024902852,188
btgn335313516,172
ssse470858891,162
oexg298954754,87
xubu024802680,186
afsp944586338,153
voxz415080185,78
gpqn120881253,203
dgtz887624068,112
tkef461822108,27
toid549042324,110
cjdz012846808,156
rfya777065212,144
qxcf024250281,121
icvg161959738,122
deir863657300,102
eixs484246762,146
cccf854640871,28
truw227742996,51
kdve337479510,128
tvwr109968714,253
wehu798734931,38
xzpf990632286,115
wfnh019861583,102
cjtb982603579,112
nhdv949031371,167
xskr126150462,127
afax907652647,223
slif292708627,66
gkmu385517561,147
lsvg001802555,183
eqdo663903505,68
gxlt567142866,148
fgzn878489097,14
qana715813410,244
xkze701990344,136
geux208777681,111
ddqg063780460,65
pnlb068418335,107
xbur340002652,197
kudg715835097,102
gweu631630288,132
lhsf501704419,141
bayq291934164,128
vops039064291,133
hkmq569436979,158
slmj067928412,89
zody119738464,89
vfpb112038600,81
cdkc443297334,192
gfwh819640867,183
avxx932355852,38
yseq584718772,11
tnve056255080,139
vevn484431103,14
yvjc607189551,130
pouk698095824,170
dajs766589929,130
xuqr343148346,145
svby645660822,69
rzbq985535614,73
uyha497424920,90
teih474631787,268
laot784840904,161
egfo750727205,74
gfsa262768413,124
shzb637640236,155
wrvr479369032,248
ebfo428784616,79
vdzs491067376,106
ecci244329985,109
rmdo346278856,32
dmhr129340898,123
digx266253552,160
zsrz051492490,102
hyvd454491340,103
ljzb435671842,120
zqam243294796,121
txfd682713087,99
hipl871344780,207
kxfi949315441,49
tiox792719118,78
hhmv722616868,130
temw850734212,107
iaji307165561,103
hlqi803095786,92
fprm407807599,76
wxwl497517490,125
kwnb119725060,79
ixkn191626880,58
rahj802171401,88
wsij475512378,166
jiow343221542,148
rags631820953,62
gwxb377753595,83
cjrb460942879,133
hcel219868631,200
udzq317058239,170
krhi852799798,266
omuh190278682,44
ekvj439201716,122
nzwx941616595,122
vmuo158756306,198
rzqz054810583,127
lqve670445495,47
ppcf429212274,119
rtyg442584139,162
dbzs316207868,164
jdas342010188,217
ysii844956789,183
lhmw498983038,93
rqzh578607240,126
hqhx041506717,158
qcty329243461,102
hgxh345251054,100
oupn563578200,128
pghe049236675,138
wkle822829636,78
sngp648560577,142
wltc328555781,165
ttal090235621,203
nvam498241288,100
lpyh771607373,130
ddld418630979,155
jlbs366151107,139
djwd846224850,78
fnmm076287263,17
eqab439046662,187
dwbz067707117,86
aphy843661622,181
veae551740916,59
ceqc115005001,74
zpol646216709,162
ebjx607681848,109
ignn742179041,112
qgak098029879,183
mxni861560200,75
jbvq257804233,68
wbnd467862918,92
yjxe070274479,20
gicw811246721,174
cnca336755650,190
htxo010828230,132
khrc686598298,97
jczw373566305,76
ipjm174015717,85
pbxh248968578,90
bpyk566465601,228
adke232950673,113
ozkt409335185,53
ppyc375474349,114
zzts652124343,128
lfph045483800,213
vaok002616026,88
wkan914405116,195
gjeo910603056,163
cycl984527050,28
rvqe411693901,97
xdvo256197421,86
mpen740602920,94
gxau537307947,209
njxm341044921,168
qoik010251402,118
lvsj774069737,147
eihi961558389,203
fibe985370859,93
lskq005506367,178
bgxi713603683,83
tkzq603476893,153
qjgd087784527,273
snrj083662135,58
jmlr034250234,73
oixm541606286,132
ayrq152450220,215
qlyt378778315,118
vjrf601911186,162
mupr625386299,130
jbuk967535534,155
pxzm360828867,164
iyog566316827,152
wslv952181578,103
idnu346830723,164
sioc136361206,109
jtzj414722536,138
vxdz074228063,132
dtbl609954152,152
nwwe355169240,78
zioi591283399,118
fzmp293268974,190
ehai354451704,229
mqfi653433883,98
dbyr951793355,127
irjb100650295,103
lssd918985888,118
lcoq533575726,208
kwmm567270372,117
malp843760800,84
rmoi926844590,78
pdsb614436797,162
jckz510609115,214
fmva154598753,92
rxvn882905383,137
firp099925985,146
jxxq912178442,127
zkcx644164013,214
cwxl330436816,164
svuu937586396,74
yjfq221651518,114
itms842304818,206
mzao454518679,125
ewut726174881,142
thzt913948153,220
aoab215272850,138
mvfw677548018,193
hyrm281365203,168
xvjy744409868,88
wuke746691441,117
yvmf944183465,198
uwud243339702,95
euyl340047921,194
swxx128587708,1
eidh119484670,139
vlyj063177143,111
oiaa438325602,140
qmyf283813586,100
cpsl197444317,271
xeiz796142296,233
fjxu013112517,127
yojl357987900,43
fiaw670073231,199
spxl641809938,117
ivza063974308,77
rgss380743278,135
abur772031654,113
mwaw382529021,132
amdd023317589,95
ewbi235206398,61
svno142124999,206
xhrl000977092,112
clxc976624458,168
qaiz632675759,94
vxna730992591,195
blje121234385,145
bffq944906041,76
dclz068467786,218
vzqs087805782,152
lote674611511,98
mowd033391897,153
hepu212382408,157
xyly008416980,79
nnva933645242,84
tpze439060968,202
htnt647368467,138
rzef938871135,113
fulx084976336,68
apye433227138,126
yjby137965223,124
spnk699964656,171
fapt765325166,58
xpsn638727803,163
yrah902419266,86
iigw089774056,61
hoan062783571,109
lhnn986023308,128
rvjl439707358,143
oagc466090048,124
tufo089845147,107
nstx816418822,148
jrbn319990291,190
frji865662816,221
etws723593965,110
xoai125825255,140
nogg572507633,87
gotf005228156,74
redf856595963,139
blib717924175,90
vhew507338616,223
jvsw206376134,14
vmez936862045,227
srnc522443792,114
jame627727890,153
cbyv857571555,96
hgew947436011,138
xkum088833107,112
qeix091057166,21
pzdv862193204,86
mkhp798888898,24
vhrl748834260,188
bflb690317372,161
nguu437372801,122
ougv983650232,88
ymiw558355022,126
iwjo986688049,235
kxua876844124,96
uqhz348496525,106
xjpy695712870,107
cift658798612,169
gnzs266100553,157
kxpb989362507,160
frji728852384,130
dbob917754650,176
imeg755935642,215
wyls781649489,147
krwu795138144,58
fond270449067,88
afrs583589377,135
dwsl144230975,81
sufa819689855,151
wdkv728005234,163
zamw388501445,25
hfpf396872410,98
rsil972520114,163
qovt922023153,137
enor474696142,146
bfqp277836313,114
dwwh978801182,174
bmrb428444017,128
rjxf645221980,119
jhso724978578,107
hupp146168724,106
wfud921796930,143
ehtc220533436,121
tupj256934402,216
mvpm442444764,96
dhjz454831737,158
gjet429774363,93
fmyu095131594,78
feqs080115134,117
aoij051212389,112
jyke207239012,78
jcdx520045888,72
btej913215126,141
mkej131256226,148
qgny862357084,168
mftw284727397,115
ijts498472922,123
opyv860406988,125
vjzu516024813,112
lnio433352766,29
wzis205912857,170
ijqz782932172,180
zrnr008507537,142
mwtj810068155,146
khpc778748065,116
zzqn986571409,107
hnvo208847542,73
njmz619413112,215
ahgw459139582,203
pdmh257360136,96
zeed868196753,150
pfek587446978,87
tlbu361636242,178
ajoo911843573,160
shnd866171447,233
bmau109141450,52
xhsg791292624,132
insl263168210,213
ijro006035145,76
dndx492600936,108
tyii719405911,183
uosk283115343,107
yaon918532210,14
uwio646172087,113
lldw299591852,89
eaal417354720,56
fozo733616860,188
dcyh548589760,217
cjje217994797,120
giuh880586234,137
lwws645628291,145
zmhr257527156,96
gtch997567863,162
ryrm500767753,82
pqrg220605490,52
cgff841506378,202
hvpl298485179,186
tpbp722735628,228
fhjg094692664,123
gauj891778767,60
cspv462752799,87
neqw421166402,78
ypif437551514,127
mrye647173768,166
unal478489901,157
quql415369033,115
npmd137679726,75
ylpf506244776,168
gbsc154845178,177
sttl027568730,108
mlvp691149630,175
oqmu066379437,113
juws447448850,116
ggvu800974418,157
jwtt015113026,49
aubi737127810,124
lxbc337383944,160
thkx959949019,179
dldk876620043,187
fewp982010316,125
ecvd054923797,159
iezp177297146,70
rfsv230393687,83
efus952187541,29
qsar123248134,122
jhwg446164448,150
mqjq833003429,65
bqet034416360,101
rgeg059840315,108
rfop982420672,199
bezx853716737,228
vlon097213499,157
pmsm055279143,213
ekee291439036,107
hyxs274734117,163
ibow649381752,157
tahe269748592,83
qahj465607395,145
mpwa007346289,102
nwdz703063709,97
agae770377767,207
gsix341797677,39
dlop609553544,83
nvlm365630370,71
mcwi664101984,194
pour087820610,226
qeoq128082791,220
gvqp113162370,88
twld271049015,132
aije839192741,143
acuv075880865,143
cfvo369405017,55
nore182358909,103
hpmd084215774,191
lhqq421434900,133
kgcf777756749,165
nvlj520415418,118
ioqv404499004,133
lbzy240819266,70
umdv157815771,62
lxqx216127710,194
qdkp451947959,53
dxjo312513583,102
ezsd514930994,73
pkpo997553104,83
dqmx420377386,139
esox531873811,152
rvnh784815814,55
qmko540900429,58
wyrt570720160,94
oviz430356863,139
xkzm277014517,127
blhb475377618,272
fteu755653960,155
htiy622076464,138
ftot169534015,218
yqup826325943,73
vwry434332576,160
lgkv247037415,100
piop918563094,103
avcy046274087,125
kmsj877403579,108
pjxn115263825,95
vxvq047683294,127
pcvg454138324,1
ybbi631371818,190
ewsj861937162,108
ffqa420106711,90
aopl336484728,133
dirz605165302,148
bywe542400210,97
xzaq237730762,143
snrb262755826,210
apep195311871,92
vhqw645746502,160
ylwe847578924,155
oquh240610273,233
jtov732070393,72
qppp305840380,83
trwz197657382,95
hmqc122507357,21
qisu518068367,152
mcrl788378206,165
vegg551880780,186
dmrf118015700,165
avph281027578,147
myhi241721603,120
iyob615146150,77
jjir813626618,136
uxts913004085,148
efhk038566750,187
hawh301170008,109
lqif739137717,94
fqvc880065975,73
brrg610953189,74
gyrk874863137,243
lmrb973462337,140
pefm220874023,174
ksxa556741232,126
mmbd428661732,14
tcgm481544509,68
mcuz887233745,100
qrzb450012593,97
cidb405871639,147
hhuk253475620,106
nqvk445526007,190
yhlb627969304,125
znzu791696069,78
bjzd401243928,92
ksmg494165041,63
dlnj039486155,113
pqlg627272747,123
udfu223346523,109
pzqy121946876,88
zzny425244966,162
mpeo421121594,3
ffwb455436960,31
gpuu206481363,78
xtts189245710,254
wbkt792559409,136
ypjg488487107,158
hici498545688,122
txxr716912361,145
hfss481218730,183
fese835613322,177
klbk782168720,140
zdtt979730114,133
uyfj053026940,151
vrjv901873606,75
oxul217383955,56
undl317594437,53
uskk867148129,116
dwdg277280836,159
zjgx230054270,91
qfas168143516,114
cdpq562502934,83
ztcf609856682,178
xoay155912620,19
oxdk564665926,152
eamf896791957,58
fwhp451581328,13
lbgu687084853,98
bymh505495216,33
nhah153887101,89
zawf516351001,211
vhmd442496103,158
ghnu947518152,89
ygfx465704767,127
kdxs113193222,162
ftly937525706,68
erbi547055326,137
qfaa070303694,113
qzjl533567239,52
gfrv348729680,78
lidq013557470,71
vclz824244697,122
ybom402683469,143
xzru633169943,10
hggh046282740,97
bqbi568161979,15
ebmm266522357,78
tffu519565330,164
diwm893329983,187
ixdt858551835,99
ghef322178449,18
vugm832259473,135
ebib466141404,195
tugd814322661,93
wngg819332938,137
uvkj525792677,121
hztg388462755,87
cdtk736032891,92
frvc443025758,238
rsju546646815,107
spto172930357,171
fphj056860423,168
suds415229673,138
wiou695791969,128
eaae948362284,85
hbeq348887432,132
tekn893582905,220
wunl637416027,170
xzas372692741,97
hcrm038369088,155
blvr416063796,115
tqxz074261996,117
mtgv329745525,145
foql039936795,54
lvlj611282575,108
lhrt827946781,100
uqlb927393916,192
wqqy573783284,199
saen425907477,168
ruev087489127,179
srdt066695441,112
nezg340268400,186
yfts351438936,167
xwfe363898268,198
axym992033174,49
qpqi003840505,70
koar568710326,194
hxcw719786916,122
epgd111798997,203
xfur488945612,139
lqdr347901589,152
wqus797204663,24
yrnp509534576,146
imzh998680270,212
gywl387801380,106
tnuo759104416,80
rqyx854661775,136
elmn663091173,128
xhjg846766805,27
vgkp778233449,134
hajp453045172,98
qcwm923658712,80
pkcz040273410,62
zyoa377761362,157
zwav995458235,127
qtuv486084092,198
ajzn135178181,134
bpke303717427,29
fmln042439257,174
bbhg760578558,115
kyim230245765,21
zwxi672822091,58
azfg983065033,136
uuul472528265,215
misr511906797,56
ulyo014920547,139
jmjw769868898,87
iybf870626287,192
pgtq640205061,71
iejm072942980,203
hpci692298004,166
ydrr880444138,92
dnoz811534064,76
tvid606162837,79
wtdj900646331,192
ntbe328678794,153
gamz576313029,167
yxpt228657430,154
kvdu673876737,127
wcyb269965093,129
hqop911807933,120
ylhm502023266,192
nevl238279472,158
juro905300885,80
cwaq461110647,85
vqff860691080,177
zocn300062431,131
dcbc360942412,106
xdwj975724882,74
cixt652456845,117
uecq023718074,99
gjpc306495674,146
dfcu968503189,127
tljm238740762,102
kaha269383093,196
fvth283962522,123
fhrn041086420,160
cxhf875276733,242
etcp324459536,91
akhu894111552,77
hyzq171122681,163
klzj490290791,111
gdtk751694051,103
cefj911402703,18
hfik229801828,194
qumg345580466,57
lzgb169648004,173
mdkz849708184,76
rlbx759892063,183
rckv519088288,77
gpsi466706453,58
qdbo041929005,96
khxo101128717,113
jpfp734542667,123
fehv429093347,258
sjxw866991869,63
ziuy830810836,90
jpph234576910,122
xkkt628686602,52
cusp179427417,154
cfkb025232477,80
gcjg357066757,103
dnmx582197255,108
kftg338507598,93
eqxj889841358,195
ewnn534441165,78
pljz847333993,145
uthn602518263,125
ycor634783219,138
whhp668339955,77
zpjn304558091,80
ubgr308754635,78
ckfd069613004,185
burh658510908,141
mlfn190627319,85
hklz345787745,150
svoe118136505,74
hmne903744849,96
zaop092262164,102
jfwy462734621,154
stkq975497249,22
qpjl558497411,80
psgf078436224,109
wskn274594850,227
fomf274569445,127
gjsg609269064,71
nrlh283764383,92
mdyv748814440,119
oiwv157415918,134
qgkv457645400,215
roci073033578,120
jssp493501312,41
kitz219579690,223
cdep602761908,102
qeli536362862,120
kqly496354535,163
nfmn933490503,173
xqel801100495,101
uftw497654369,183
fjvr610023184,30
djkr486814040,118
oljg127055572,132
pduy848823482,245
aaje387151563,55
jpdz552779236,94
kzsq130401408,147
hegn831512402,190
fonk050911787,23
ketg434055803,83
anmr341453639,201
aoip812893715,163
rdsq733023632,118
rfky305462071,98
uvdz576457941,105
gqck237598477,140
avgd589607100,194
mxbs775241213,147
eklz998434738,128
txpg266035638,53
bazx500389015,170
iylu289487574,163
aqwx551994241,134
wkby590741461,243
jlik845537541,180
leyc134922943,147
lfdc975635039,76
ezvr606026444,55
etab186892915,165
mqlz852094125,76
ytmv186558726,145
haur576131509,182
fpja165440129,72
foio697398691,56
ysdj597455824,132
tgfj599647230,96
ncfx319155442,98
vdbn037439794,98
uqzb569092474,167
kprh193078955,59
euaj562666211,227
rcge676877881,118
buxv817288031,89
swuh622533370,118
yump965626480,238
wjxv141418719,125
poxd016949321,104
bvxl701888780,169
gskq483338700,98
jnsj511183786,48
mghy600116412,113
ugzl653439178,138
bojf406077418,112
fpyx366389111,86
kcnt898240082,103
bblm072558342,65
wkeq239464525,133
botu927279237,112
tyxk726707250,158
pgai619148614,179
bmor469467027,144
kjbt244464059,77
noit839845853,19
mgvd651044628,27
thdk532515149,178
cybu218449397,140
eccx015540025,100
muaj213952313,127
jfqt304696696,17
hrtl565872984,186
rffi548619839,145
chws405770173,177
udwf612246137,135
nbap557417764,160
aorq632807379,130
gnsc700887158,225
wyee618660303,103
czuf824865330,222
syrg545023285,143
guce015680920,78
ebyj826909393,186
cxuy447307249,150
cywz497049959,160
rlio225611697,90
szvl390727590,99
xprq804153910,185
txnx797657349,257
mhfk883899463,33
bggg712452673,72
mmqh889815557,141
gcbo009715538,125
usks413208951,168
wpab993147331,30
gdoo723015663,123
acvo504377850,23
dkyj932864202,133
qrqc972671264,49
ebzy567800146,165
rdol771904489,130
lazu022557252,88
lgrp094960171,83
ixgu381947008,23
jmvt917859454,153
aryw460923574,180
jjnh788840549,131
znrz528518774,123
qgzz377186599,157
pirh785105810,121
xbyk502654125,213
cymc584985158,226
busf536236748,59
imhg446171186,94
iznc271102361,195
xgyp458879598,52
xsqi458411911,88
hvvh024970402,106
dexs023032035,87
hqdn017468501,117
xrzf174186032,27
bxsq035596353,98
bvrt534118622,82
tace228738966,193
wumh531837809,137
ljav656708402,135
ijhl803058775,94
rvuo740866881,106
xwir098865253,60
htqh083250450,121
dkud793113460,113
jmux879782446,198
rczo851227170,116
lqkd726184721,58
lxvf258440670,173
rdgz343694098,25
uyro674697573,128
wtbp426853266,97
lqhl594623036,103
ocwh533219220,161
aacn882394574,65
txzl743391353,117
vdnx795380724,84
puqz746391951,97
xqrd884917831,91
rsvc396987539,143
oavr443074422,120
sauh136202042,149
sssv931035267,108
nndo082827744,76
epiz678101702,148
avag544704792,113
hozq753269778,91
rulh903007021,107
plze280637427,242
cuti049914434,217
izqr158481128,123
jymm077218611,127
yryv209588385,97
dubm369866748,177
rhim132841049,148
hwkq567584848,132
qlba076019492,41
xmiv522941054,82
rmke611270527,197
mzrp419765197,158
ndnm419631879,104
dfef266453712,139
oxbt465393671,121
evpo477738225,139
gbpw841522195,102
gpdl823587126,123
hcoc988472237,34
biof204669536,185
mlkf150631130,137
eezu756617318,68
ldiv064570105,141
qjfd457339236,209
imqh319474848,164
lrfy538117530,56
nscl449318567,205
gglt324051817,158
xcof298054041,127
azdx094586836,137
eywd998328179,138
hyps644683022,125
mfuy966207134,136
wpej943234765,161
usss339280427,125
dcrk478002193,110
zwmv382236213,133
vkyr677986183,141
teuz165389471,212
kvav716284814,77
owff693129447,192
ddrb859655258,28
bqww473555292,97
nsus157912379,123
hhmd026044319,101
qide429023838,243
ndtg261523853,26
vcji290300848,94
srws405215499,222
qahg517231927,84
udyw871421230,77
beur651813418,238
pfpj334368108,126
xfaw467966391,147
srpm997734850,119
iohk158345461,222
amtj354982839,215
ziom518302886,173
drqa656020744,193
yaqr276603722,78
ztik270083162,100
gzwq454178071,133
zxml076133141,160
ugys789537206,132
lqsw315492166,137
aqyg992872003,157
gdsu417055690,93
mcsc975962689,227
bqit364034391,20
fszn374236889,127
cmxr355990539,188
wicj613331388,207
juek694829237,87
vxqk321699403,141
vtif035446301,62
ejon346358593,138
jjtq069256194,55
sjnx636448616,121
uyjj412502325,155
jxto630835581,113
kzxb899462220,135
zjzi543003464,26
zowl417958289,140
jigu349825930,217
itpa997009407,113
ebcb731462982,101
dgeu827540825,137
eorc799927588,237
rsix585519314,141
tfov079975063,170
hnlz999939486,86
fahh604464923,209
wzsn957411405,181
lyyb979409664,151
iwef148736612,19
znra242621376,17
enqm373868963,138
uwss023627080,163
iaym853779662,48
hjol540833079,206
gjgj593592501,187
ekno309869165,86
krlb753877658,56
ksni127086044,210
fdzu522574215,129
ztqv190473633,188
kkuw949402600,51
kvqa739743057,108
sezf529072648,83
oefe602095618,142
ppqf610807500,112
cgey602811895,153
ucno597063169,107
zffl602815861,129
jjjt458593832,93
hgun955772781,102
vryn878998750,62
zmdn342667755,206
jxfe589577604,197
tslf602188751,22
vudw716003479,30
pjnl401524815,140
jjic494233531,117
pmja364621887,110
zzzr648105158,264
cigc787570527,124
vbmz621269176,12
ucju183504995,110
ttrf605881229,93
nfnk113517440,181
aqaw962962750,120
jccn510682545,52
uggb798245016,97
agtj436042574,173
izvm003756969,76
jqzi796566093,196
tclb638026913,68
salq466903093,32
wvxz779552767,89
mksx005185158,52
plkp681333204,82
usfh396314846,196
rdpz187784027,150
ecgf366407022,97
tdrz991776557,150
ddxt698168052,85
ohfp917385774,138
twnr216766937,231
dnqi988894943,123
ptge188839615,62
mciu787512702,256
jcfo317263233,127
kvak039808261,133
rpoo802649378,137
gxwk368801097,173
rtjo836054511,207
wzkf971221198,127
cbev270309855,79
ihrp438792697,18
hfax394848258,93
puob000708451,96
vnnh219096844,128
rwlv246454485,104
hjso238207517,69
rfyo953907198,73
ciwf824558311,130
lvqb655018343,238
hybs161869277,16
yrsd523766591,73
oicw093431138,202
lemo772581135,124
ccmi471183314,68
asuk770271263,97
yakl700996337,29
sivj175158571,121
hvjs629371271,234
blxj843089775,150
hwlw375511135,62
nuci258141135,95
ueki306290684,171
rjkg797415177,183
dtbg935514183,238
pxxr362023994,233
qnvb316903172,163
wbfl302553840,195
arfj860599984,158
liud469986682,51
jifg185520372,244
cnyq022057652,86
ikfx626326818,134
awoo652586274,207
cnje180736535,17
yiwk827982925,119
tfyp069823854,173
dhlc604263507,175
velv794905265,122
aavg384213040,154
chdk106685779,133
tseh140496905,60
fntw221174458,202
quqk443916677,138
vzln654809625,77
wkzx354982530,78
xtuw452373080,117
suer153256690,121
ixph683567547,82
lyzz114784526,124
ptvy865341643,156
mvmz866327237,127
xizn828538559,182
frfe360923873,88
ddbw610522175,145
rprn568565053,169
cwjh069386082,94
hkqk401189649,223
bjyp980380602,147
lfhe905469309,73
bbsr090404122,72
eylj963761191,207
bzad355434688,30
nlds534174442,136
rzaa979090437,111
tudx214827008,134
cdfp568538722,233
wvdy114402246,11
dipt659318803,85
txgk403454437,157
tdcq901829452,218
mtyk964447053,195
zbjd429529897,61
icny146084051,245
awto125448104,112
opax249871638,163
tuuj330270278,186
wmzp713496643,247
igqv096314768,215
dovu427526886,85
jggs550715725,153
yqte171922365,131
zovt365770073,228
nnsv449210922,253
vjlt300528636,129
qsfk502890575,128
enfi297089859,131
uzml040028140,102
lzsp596164418,88
priz062272206,185
chnr593073779,126
avdg744197708,93
twiw430280403,197
urmm936382987,24
gsnw067187891,122
lnkd455279678,15
bxns808173714,87
qosv265335759,106
vioz709877970,119
mdxg795943855,99
ajtc600105620,90
xgqs574733340,187
ritl953383686,63
jipu752446318,67
nanx127961825,27
apmb357876069,82
evfs831982749,218
cbxf086146454,54
nxqh108022108,118
lzje509138620,103
azob446118033,80
uwnt916497400,167
bfhi897501344,25
rhbh597025319,179
vtvw237289919,148
czul731725766,86
ezqw076031185,135
sozz457791190,102
mtcm940268778,74
sute586086067,178
zeth386451616,168
zese063197820,24
uqce113952998,158
mlfz707051461,118
vcgx351857516,110
udis221642324,182
bhbv357634260,73
dlvl793840300,140
fuir524777276,167
gbtc716233953,63
slrr113358292,49
gezm964329995,231
abls681018607,210
coax753299691,132
jaww376020388,149
tkir161438813,219
kuon981811828,118
bkfi163246949,154
whwr247627181,162
zcln962996427,200
qitp488177204,151
cnig283013886,192
ejwu814070743,166
ioor661700309,34
jees482979289,66
ikqo945152661,18
mwjq584364714,189
lmtk779930262,145
yaco245131772,121
cmpm594036549,144
eldz626384741,83
vmrk909094121,131
oeuf405525015,89
qnqt151736025,120
zxvt360358340,133
kycg022596117,147
hcay284083653,87
jzia888783346,206
xrlp170792174,98
ewht988668523,92
cczd651926743,145
aqdp637827170,142
nnwc891337604,75
hcmu166859779,46
aeby920653271,47
zqdb344772843,151
rukc207904422,155
hfuo815141217,57
bktw102596598,229
ucmk199124507,178
kwad455479894,147
cyvh551716081,122
ftgs802236023,139
qexa682901492,80
acbl409144714,107
ckji227438085,94
tfdl313561662,60
fpxi646625191,165
hkhk414952909,95
nbwp576188602,158
fshj073741925,59
msra845692636,113
aslr803207202,70
zkmh320138091,101
jfqk874462138,82
ebit829703502,233
shfn299663550,125
dnah082659721,158
nlal852147002,63
thkg155793660,144
uplz011386069,128
irqb502827235,127
iedm820322057,117
rbvp120510455,99
dici636266103,128
poxe964661078,61
jnpn872102172,246
hxht949579197,27
bygn396142579,140
tkxg472489584,96
hjny091028292,92
ipjq542938776,118
vpbg950365429,23
gdtl114236433,112
ldpu201185544,195
zxci395992554,138
gvqs952508269,145
jwoi385983383,103
ywhj227615638,137
onkl303667336,65
aipk077216333,141
bbfz666112612,208
fhtv584348825,77
pfpq835315588,88
orlk515156463,142
mqqi153101103,137
mxuy129495100,168
tfri077656079,112
bwam424896440,138
aldk991788037,157
xicu281538004,148
bsjn226424951,187
mall793420535,182
fyse385199736,200
dfkd689962688,263
gfxi251900487,108
mmqh923821242,170
jprn175504715,112
zdqa307903030,53
hvsr577509098,28
sqaz887730498,86
onnf497149746,49
zeno762612919,93
fqbz355790991,114
yrzw582275768,53
icys255444105,146
eura008731599,189
bndn416920170,162
fqzd044719752,95
jqtg501027870,147
rtjr137806148,168
tqky129793204,19
dets414898607,95
oouu246996239,105
gzrt503524251,171
swiv396515941,72
xdvl568306506,128
uekn103461145,147
wdub974366930,129
kmyf648639057,136
vnzq924088113,226
xuhp259514120,1
cvzf926844618,110
metx967199678,178
ijav890872659,133
wgkp960352815,67
ufir483775117,92
urie772685179,154
jran909059355,15
vzso890419368,54
yrem829029482,182
lfko155842798,117
pzty160317695,111
nugl776047249,42
xzhh227666544,100
ntlh432707172,125
eacq024256558,141
bdrb971874387,71
xtbl453858863,68
yyzk023153428,103
qhoc894614434,124
eoez652415993,95
mlyn629585594,93
xhok231626784,210
kqtc546996857,89
mlao435884219,25
ckav389879311,125
jqhm496851199,103
aegz536205250,189
vinn262655894,123
ohdd229293505,35
lwqt536152126,75
rocg202867847,168
ezus828382802,189
osou213376084,83
qryt896138966,78
usqw751153969,88
ndzo198380006,122
deex624292624,131
twdq466028471,142
heqo627582230,146
emuk212767865,146
scmt166116921,115
mvhz238626753,15
zgun554040094,92
eixi554834175,158
byxe251455959,208
zxpc603536210,96
ddvg256212208,93
zuzs508997124,179
ayrs678328030,102
ovqp922147020,103
znll249403381,165
bqlz850092074,141
cril970556444,158
xhvj305959933,165
qthb913544574,58
pnxc443077986,148
lfrq758772393,166
femk412666309,225
ijmx040093851,88
mxxe913744593,212
dktg702907206,207
osjb812627132,57
mfiz036565489,127
lapm548012436,207
yqol459464395,143
yazu547735854,142
xwin030143861,114
fztt952844701,82
ftan170873187,102
kjyx282936853,97
yoeg398001377,125
pcya269663727,121
ihhu553703047,108
ogal017518758,89
jgjj682777930,131
iqyy500403834,164
wlcl625953235,141
xoaj122033430,87
kdar349187834,120
blrp445787402,75
zxdv842463798,207
whcx568633281,135
wxgf830364413,233
gxwg661901044,142
iuic122190371,134
dxtq132737727,130
etwf507283912,182
vxfu109752541,122
fstb252389830,109
hutl322947142,177
huxv732268883,25
zsqx769853847,152
iczw939817881,131
aksn268586134,138
hxon709847151,150
vzho992373646,143
uqsi284014958,165
xjrq019849968,120
gywc825171214,237
eool629144238,202
ushl268674968,133
upch205790692,80
ssrd892843651,113
ajto546974431,88
bhuj353500332,238
vwwc996596378,69
pjhf019833371,25
bygv960946313,137
jtpl715696370,92
nsjw298222949,162
oqjx517558024,162
wvvg237284084,127
ekge851492271,129
fmvp687848557,98
lltc215330430,165
kunr681888580,45
jhdv832458294,112
qgbc228241322,214
yydp501523741,114
iupw408507699,96
kssu199978594,73
xmzl852333577,138
ftjj772425495,168
czaq425805449,217
ujjy750659180,110
jaxp975528443,136
hewu841357741,57
jsrn022608420,150
xvvg460521825,180
vzzg626502002,208
ygfe104451779,248
iwkv612683409,82
eucw294862149,123
oqet407658156,67
okwb762507092,96
pspn554940600,212
tzvo540013137,84
vmbh209237448,142
qdar112461346,136
ewkn767144985,143
wjpr682319658,119
clad856838723,187
hsfb958768417,57
kqcw801622999,157
rwws929074485,116
ciez076768363,118
zsxu595869429,73
ugfx893858987,178
asws900200358,124
ytis940592413,187
svym970474822,131
lgcc567763870,188
xzrc054004862,173
eeag492342724,88
xeod314310124,87
pdmd100274906,88
btog414837557,162
eqmn325282610,204
fhbv975747656,138
gzsp274394476,133
aqqd762411361,20
losy677584433,76
jsbi621597012,135
tdif272210090,116
pcsu633197553,202
ryff227755624,137
dcjk048540569,133
pbjj381896382,101
gmpw115905369,143
hdwd873401334,111
mvkt710530267,226
maej198805272,128
wwbs601628050,208
gfzf217479243,115
qjpf556977069,168
dcxe366877078,191
mfni313300269,77
tqwv831775761,112
arfj824824424,159
bidw367951018,87
ambg981333936,190
yerz234016265,147
oyjf036080060,106
qguo361877285,165
eguc441904527,88
nrhs549110472,120
mnxj872978917,194
wvhy845435739,148
uphl478294087,148
paxf037285864,70
xjaf681147871,89
yens920042941,181
xuaj761918951,138
rpgx321660316,147
ptyi422557166,68
yjak969182434,126
ysji688667778,155
kzjr897692333,165
xjov919505154,88
oxtu226807392,192
efhc252960054,168
wajb883892917,182
hsoj272107424,109
xnxt850846217,113
aqcm577022632,117
lccb170959351,200
ohph078272020,27
idse328097310,74
nxzf003418499,85
vmvs590127376,100
rjwl941468079,75
lpgl096562619,145
paek000258980,72
uqzv064600986,72
bekc830409470,95
tlgy462808025,143
ercd801471431,202
mdts018658987,20
oqyw353675564,97
vbqk699373833,168
iosf930377991,109
gtwe394232228,139
hxbd517240287,143
iuip323405514,39
buty944733218,57
nbyo922653047,213
ezkl004911140,142
ugcn467767776,77
ybdg617306607,140
dzpx634253283,120
nufn026157494,154
wvwy106897970,111
uoao338464868,148
sprn091978904,108
htap170642777,111
zkic562960488,92
egyo233767410,235
ushb262379755,124
hywq268637224,47
pvil367577666,136
ogpz335724459,133
jcae562982673,102
bsdo494834611,128
giah314914601,73
unmw548067385,98
kxqp017896089,52
tgep021226322,162
embr139059785,98
yugn324934002,128
rwky579311027,138
telz471768058,142
tvmy200407635,166
iawx008831612,68
indi448506359,141
urau366961619,51
nxpj072626388,74
osgz585917560,37
ksou152479277,70
mwxg418687634,23
dlhh030086935,158
dtrc068810492,107
yreu986381920,157
hulb266502809,118
jwzn798057369,73
nhza139584903,26
fojd467356399,183
zcbx971116244,82
gyye794410912,73
suep570132753,191
qahc713669324,219
atxn517434120,223
pgsw383097688,170
ssgp528909404,128
elxt681569116,103
rnae718496433,78
ydiu339089346,90
btjj812424660,273
hoaf075691877,115
fxqe604955790,160
thuu805614582,18
ubrk388208778,82
kkds748040022,162
pvve656647282,81
nkap099961018,81
lcyw062916222,149
bunc209667587,157
zxgb784214230,102
wohr210037527,118
ayil531801268,118
agle480094975,129
vfqz378556616,77
ouef881779027,66
yhyx348927712,128
nxsf225601306,83
ooxd322542079,110
ydrg346491345,19
bdaa947861672,210
vljq264526908,88
obkg215871129,72
gypv306626996,133
pcek499236429,36
hyes570388189,208
tjcx570092297,128
ezqy562373333,178
tljf724400971,145
zxor295784807,231
ykox896201212,125
nrbx650501605,123
paqx620064851,147
xouf222868118,159
dtoc228141560,165
nofw197979335,29
kfdx315872877,92
gyrs185205688,116
lcro470747870,132
zxar654561811,20
xssh457859903,134
lked016104643,86
fesp839576082,219
teko050908773,106
ntvt501708302,167
ibge614488356,180
wwma422202722,218
zhkj406373995,96
whvx103908467,91
ontk544873739,128
wkwe436591165,90
kxrb204253372,93
juah170366043,152
lfri039296045,171
rwbf516636802,138
fmym833509426,132
fjvg944071936,195
nmdw540974814,133
udrt788101008,215
khvn722587585,163
mwsp398026831,58
vrss980914639,232
hqif595719559,211
qcdi218505963,136
yhqb690384138,124
dmld916080689,83
uqfp015925942,111
wefk491030712,133
ieog022901112,93
nkux316030562,98
txtx609491015,125
uboz658439454,209
uptx411574831,128
ifck138006308,203
jymb345268520,117
yoyr914006408,86
gxyo643755384,77
tqjp570505158,74
ifab130876191,158
oodw736378722,1
muvs087764725,76
dkia656032408,147
aoqi446961066,178
hnho741754962,108
gmqq875724440,188
arde503065521,90
auny818459361,127
bebt952318585,19
isyg436672948,136
huhj258290403,154
wwew959985650,36
krqm778011598,96
tldw036931969,118
vgaw950409129,51
bdgy539002349,158
bqaj685570171,133
mwih952877567,122
idmn519481832,144
gxcd237753883,68
shze072657591,137
mmuv288795884,30
ximk400867192,191
nqkq384540269,204
ffdb202437535,187
fhmo755856260,73
xkmh584582599,223
rhem624798236,144
cfuo574478002,157
xgac944633227,180
fytn234906793,19
argo837976572,112
fapy653942030,88
xrgq790014260,87
yaox468796135,129
amxs047320316,144
bffj092291638,78
ihqp592652983,122
itpv327142964,127
cyqu649566229,25
eqng883981239,300
jrhh281898610,117
wwzd387752991,82
rfln567196603,103
ljmk488958958,92
pvck497367706,47
hdlw866992324,215
pxkr530960533,18
xdxe475671165,192
khdt234566276,91
wqvk223730091,108
ttgt367588173,94
hqni663935930,123
bktq205068089,68
tamw503233459,97
ihke213249724,193
ayaa969591367,116
xmen778719592,20
nyrz253218371,190
lvlx870811705,148
srqj866160451,126
itgk565534777,140
galf992345098,150
jvft194820216,153
ffrb649706560,148
eibk967254138,123
azwr466430516,134
qfii135976490,163
swmv838955681,230
jhsv244552963,105
muea647740576,147
zvsv660426311,148
zsjc885409983,136
tcln644397812,176
ehty561070512,148
zwmm648236169,147
qbdt950517791,147
yfpx265115200,72
ungi526906662,72
ljeg289700189,156
axgg494165793,214
vwql591835630,83
coyz773713916,87
fgdv507300667,122
ccst912142901,240
iouu120461690,90
npba544978837,110
cvvl503447081,121
vxsz889196266,135
mshi677520940,80
gito986124093,109
amkx099338898,133
nctz875824578,170
jemp391467850,25
eylh066724124,132
wsky426660801,140
slyi385023323,53
xyxa481684317,149
pmsd064807682,103
hktt830108165,143
dgdp322083313,111
mdyv548129366,82
dmmo505246766,168
srjq854403440,148
vlln656622751,103
pveg202900828,139
abig808055558,167
pplo239107511,87
ilrx794999968,142
nozb368018051,205
hvsh516475448,107
wtag290892453,179
arjw107795386,167
nddg125592189,154
fxgr550883204,24
ruht847772591,193
gvwo788096770,165
pfxc390438959,161
jjsm842804323,127
qqeu431386875,17
arao843867263,188
vchn327796786,115
cond622239633,24
bloa943319419,173
jrvq019539306,54
yacv685163717,127
kjhg860586756,114
wxzo563256429,165
dmca793199368,26
vkps402672533,101
aovp529481504,93
jgwo217403644,148
wxjt216197727,88
yhuq926403926,214
uuto597962688,132
uhue430099891,45
mumi057428819,183
zmiv004788081,58
tarf934873235,209
yhse145278823,164
jyhf974832210,133
mdoq895563158,225
skoj314042033,193
hupq560175394,105
kzig464403584,170
vgvt667461805,127
tadl477153160,100
uoog523373871,24
bmre081629443,144
baex544885651,148
rexg708867342,132
pwkw327995651,75
jddz601864780,103
vyic993535708,184
tkzr185200309,149
tmtt917362988,118
oejb233899750,163
qwcz022631545,48
gntk342640610,110
qodt129833776,151
ketu579576904,172
wluf788739673,132
gpaa351290154,136
yhmp606521962,118
jiua820259948,162
upht478409216,120
uuyr935613230,33
hhmz126012725,94
awmb769693784,92
zgsi560341085,170
uted130392787,19
inok103686855,143
ccsd861135685,155
vicu401619831,18
fcvk120393708,97
ivcn195618966,172
fmqj185718471,198
qzqp323636475,93
esvl969688562,89
anqq732520927,178
aiud217930988,91
hlcy035973999,74
lbgl390924455,102
ximd933164759,139
mgkt810735757,97
upmi802142460,153
lzvv881711198,79
sket718100882,87
ikbh573946807,203
uooh108963184,130
wwxj496776626,111
wrti065978848,180
fbrf568514173,123
ozpt463231262,87
swed377403119,148
bbuk420709753,83
ghnb196873458,232
tqur941625877,64
pnzw978262371,93
weej315678459,116
eodn880180479,173
xeoa064503617,224
dkog344699140,271
ouqc543267356,192
yauw438426735,213
mgmo108992367,75
isle947226785,80
ywcw504616320,100
msoc832303986,203
vzox812962577,202
dswq005437781,133
xsev375223981,103
imem705087340,136
ayhh194512196,53
vmby379240415,162
eoux547788357,21
rutd649261193,40
rcsj570503798,53
cttq942558362,175
cjcd358921977,117
upjk151156876,191
bkkc510074448,138
shrx417172723,84
yhaj359879102,141
bvbx778579885,47
oxti198418302,85
lriv748327068,92
eazr699467333,25
styz609906631,53
ddze803646980,94
nboh415264365,163
inbv684742417,158
jjiq683098296,180
svxh206768979,173
olvp829187024,94
llvp272154298,135
ikge883362218,121
uzet373471147,123
yowx488572239,143
bojx614657895,138
ebdg600170096,48
hzdv198398079,98
lygp521331266,118
eaqg167608890,103
aplx713849674,142
txwh626459968,225
tlwc657274435,151
vktn643488417,124
cpdf968258068,104
cuhj821462998,218
judp159654357,112
ahxq629188064,104
rapb833624103,140
ersz511146651,186
bxph884990678,139
glid112384468,64
lylp547084829,129
qffl026000583,107
duub735691053,148
lddq199520073,80
rmlv684075257,127
rnxc537218091,127
laqo360864830,142
rxoa797012379,95
wueh627231532,139
hhyt443262246,77
yqez537144616,143
bxmj664006558,127
almx297068490,23
ouyx499467972,47
immt440716782,89
snzi641263654,138
myyk688926965,84
bzcb398223382,207
qbmg140733850,129
jwzw824603385,208
maex749734737,14
cdwz086384417,185
thqr446197343,70
afsm529097841,108
dcpj659619249,110
bmoi199364169,88
tubo755404973,133
broo641714076,11
srwy116488128,114
nbji302204530,68
xvis622225056,87
bdzb644465586,62
xbzz672511486,82
anbo281759485,110
dtbn024998579,135
kttc704458100,72
xuld606042877,111
msmj081065290,185
cfct896099410,25
xryu493912742,56
fpif889946075,157
duhk332051882,142
vffu687743997,88
wtya481172005,117
syex528984409,56
nlyr276647045,149
cott389078076,168
mtpr846112310,137
uxpe531745376,146
rwzd947079986,142
mowv709833262,94
hsfl627173720,169
ncbz724512619,108
uikk624029003,84
jzsl753899767,113
ceyl595104264,91
sodx879074945,124
ekcp932614119,80
hnpw812768331,142
wkgq664291595,136
aemh219567750,177
cgoa064886028,137
onum461369465,247
idbv732577802,124
yjvj649965162,169
laio970657281,135
whgg852471364,133
gvqq178488483,136
fqng393558115,67
qfwn997969865,103
bfem216000584,53
bxcy629730516,72
ptfn367567646,126
lzas775936724,137
xrbb250070175,268
burc005669053,105
hpje441155555,178
jica159866262,126
avxx550623263,167
tbtc661072851,117
vetj883689845,179
mnpy156544610,78
eryh278729834,220
doyw712453024,148
ukuk660896456,170
zfpe057677903,97
gzsf315311482,132
nlft788552324,197
uvfy766743196,145
pruv164673817,83
gnxd557399944,203
ofkn590884987,103
qriv556858145,84
ebhd534173855,182
euls557244992,98
affr990765439,178
lauz848804616,128
exgk702794923,126
eyrp587547578,247
umml061065535,134
uqwj214038612,204
fjne419934723,105
xloq840725591,97
izsp616534090,84
ipci804939743,65
hlyc492697691,112
sheg958927411,109
mpjb500482942,132
nucy574871048,207
ifba196853236,243
ewbr711247387,122
mqvb306108349,132
ldom266333564,103
ypkj894518599,228
xofh006118498,78
mxmg388740846,220
ldnl645759327,77
sykw107023002,55
ahjw227309525,79
lwog829061765,205
kfsf841060876,68
gykc303128790,148
taja862021787,146
zcwv624033122,213
vmob187982476,91
brhr377864203,98
xays843674840,96
vgwo983031968,152
eofw722426168,127
wjul808831095,101
wgie112377545,101
awxw534422137,137
jjvg778944384,152
hxii425750693,141
nyst579112628,167
wcsv194023447,126
koag552589235,175
pxmm092242116,198
gtxe003678264,68
afao524336027,88
ojut334618037,149
mwkn340418218,103
ufeu080399944,232
jtag087891829,123
ieee253297929,76
eftp140037087,99
rxbc768829739,168
tthg976820864,82
wbjn342042223,153
toje940670206,153
wygl617805616,78
bzvo087859381,137
nnfq902165200,137
psyz963508348,78
tuwp062851692,106
weja173210212,136
bang291203275,143
bbbn879012590,168
atyl268953135,194
grtx842927144,123
xmbc939077553,100
vcdv650633649,128
sfbr104271015,207
wjms405597846,114
wmss070740537,127
mavm577658850,115
pycm084458902,77
wrte576338685,247
tsqd075099633,95
felc005487162,105
zfdm822563173,203
lpjl866065786,127
yhzx548863987,182
aqxl295561281,95
dazp036774424,18
riph419514327,14
itsp867745451,77
jbbl652125035,133
qtms650278560,124
clty714959438,118
muah286290546,129
cpzw732472884,39
orxd235849791,100
qway581619156,186
fqyc279245232,100
qdiz546312311,207
fndc902186240,192
kjwr889148812,83
fiom659188032,99
zwjl791864610,55
wqjc099554352,170
icka015397894,164
ozul332641833,92
glpi052927758,140
bfgi669766649,73
wywh767402464,144
dink434640604,108
afsq246784511,75
spfo668153377,113
tgtb488398211,68
nqvr161536807,82
hvbr965160771,123
lyia523838950,197
yxmg013879736,80
eogt226972558,16
ncyy335786268,108
cbbx163677919,130
cnlc666587462,132
hwqx847136962,79
gkzh308512101,123
rmlr704421268,148
ofee588102468,242
munr815471443,197
urbs061299792,86
wcss769739678,169
tqtj257378870,104
umcq839488167,78
rhon008509241,137
fihl435967198,166
jhng465583661,101
ciyd600694676,180
hqvx852681495,218
pfmg080731156,10
nhkq294461317,188
hhiw850873410,225
slwz381047659,203
dabc668588687,72
galn550393266,220
pmds188954221,174
ehfe369324779,121
bpwu452446060,128
srbv114773344,99
uorp469266012,34
agie445476398,191
jsgg929207745,198
slmp135246430,143
bbgu691931372,80
ejxr121863111,122
cijg134201397,121
uhuw580922973,163
inod882445553,98
budj837073177,102
uzgz135048970,104
iiqp886623542,212
sgjq879140576,164
wyxb425003534,122
agss474948822,53
togp279050609,153
dzhy927471311,214
xlyt232801349,96
xgox504485016,84
kxar212234330,68
lgqc536082201,149
yzaz603942885,123
zddr270820639,56
vuqn396298165,137
urts638850214,92
jvri709076288,171
jwyn452264661,251
dhey491398171,125
lidb730340599,107
ddxt057023777,112
qwqc323500695,116
nstz564416500,85
wsuj451471960,163
alye970225455,127
wryl317454179,118
raui220100695,183
dwzo170417393,168
prjt068413345,214
dsew047721341,96
eeje759177435,155
uuvr485530617,143
ebsc788241812,95
umws088059308,102
vtuj370107914,148
mzvy139389427,115
jyal717024439,115
welt693058662,83
gbtv253585021,23
ytij127954785,140
vdxc303693881,62
sogq894416664,92
pcnf931443527,166
ybqo394643603,197
yjrb000302992,85
fjpr513695623,36
hhkn022349565,172
koja421605930,29
asum088850656,197
oqhx121216141,132
uyhf954179790,72
fadj295675579,107
ausr094295014,132
iukn179569288,166
jvaf556888441,82
wigc387914030,147
pbag338489767,125
nsgb341004388,123
waug243267782,25
jhwe686122755,155
phne402119487,99
xmwg537868157,14
gkby582973450,65
blve632534917,142
xfxa988264923,206
rzrf350844073,117
pexi046837283,20
rcss228065849,166
zpzt372772449,118
mcjn680195432,134
mbde856620126,123
lhsv769395657,58
guvm885336881,263
zteo988696415,229
kudb673817146,17
wmzm309836557,108
anfm122621485,60
cezw726924930,102
jfsc487533392,201
ayiw940613489,26
ixaq671943686,123
indp883801440,137
dxol773331518,121
osth483284257,63
dfnn605612137,117
tlcm301190871,173
hjoe852769793,101
zgbv981289509,120
gdwi756547250,190
irla790179791,113
hkot618687978,80
oqht557096108,195
fykg393308198,56
keba758779769,81
autw731765299,233
dznl144519072,82
ixxc684629353,194
kjtg324044835,102
ddrb975475605,110
lemk586492172,119
lbln037372243,124
cyre174270446,145
ecir962253949,52
vizc793486561,58
vybu380667468,143
ocnd731712301,88
knvw125373308,83
irvm671518086,85
thvz617362467,55
megh505821762,91
qqdp500460961,123
slyw008939526,142
zvpv186378779,126
lrdt845807311,123
dzzc900769853,186
glkn883806735,139
aegh233362967,124
zsbn568462014,55
bynw956772270,91
fjut104792977,215
zxuq911813300,117
ulgq337000638,100
wfjv061604657,181
rhwk482110548,118
efqy530216144,126
isoc081817873,88
haxv910628809,89
tanf099246744,217
sdef362319404,177
jufx477702809,88
svlu059124646,191
cgyp703826111,153
iwfq844176196,134
idlq232480814,137
ghgj576499523,142
yicq583378139,157
zgjz054796760,72
vsfr726135791,157
akqv425139918,237
ghsy328401894,87
pdeb202216604,96
vouf062970221,27
xwvw316939478,93
ggkz209960686,33
uxfw497682395,180
uiix471588145,75
jzms808240398,188
ieaa240051145,53
fvml427733005,23
wfkw517832488,223
inak865014688,197
uwvw528645555,86
crqi775342941,97
fqbd043367394,99
vdnm014048777,94
pxmm905911317,196
cfkw277493894,141
coik051047423,65
napn090808146,88
zppg551626729,87
mcbg229641294,182
epeg245001043,68
xohk534667524,147
cvty760794917,57
tnzh056716196,84
fdje102120623,49
plvc197687497,92
xwbz207110197,38
oiif950381706,121
rdux757647031,73
hngh220345904,150
vxey340647292,72
xvln889481206,108
qfvn176165143,181
myra706838617,128
ticx235987917,118
bpzt060892830,75
caws571616847,121
wahp211865065,115
xpmk966487463,93
esde101285732,105
aurw105508288,148
xcyy732639895,180
szjc214087160,86
fqjs793156467,136
ibtl635178341,140
zlci976685776,110
owwr183480047,1
iill920111397,90
eqgc020437165,17
twuw870522556,85
rjdu985385508,115
iepk551233830,192
bahs071130547,56
ccib149628131,59
hdbc369179538,173
vsvr448738457,221
gadu368607970,30
nckl483175726,158
hyxk949160268,168
sivs911899982,87
lrys071001554,46
aubf349146997,83
cddg141366278,203
mkiv189584315,139
fkry496719097,113
itcv448975473,106
xhsn787092921,145
byol088587144,127
yfdb712939324,188
wlay677394001,112
ugus065024628,115
kuvm720270058,128
uzcv272920337,253
bqju265214644,12
egcp617308415,77
yoco755291927,75
oznb919750341,125
ouyv319967044,76
cyux845574721,98
ksea117709750,113
capd027372229,191
hlwo027600708,143
rbga577975770,215
ccsi483290390,58
cilw470414140,133
uirx162329983,138
icec271301664,68
xxed105569661,72
sgkn095473495,40
kpxe755270058,86
sqjc839043040,268
ctaq807338879,168
gmdm676063593,145
pyob388559659,162
oesp177890020,144
dxxx120799207,26
dqbd860913472,109
tmon522425191,98
osnx475439498,175
wymc414573605,220
wibs093838752,192
lgtb606738026,70
cyxl927128457,126
qwkm922600196,103
ffdp563936103,50
pbpt390786113,142
jqet526580160,105
kfmy606319570,87
pdun112979647,239
zllg890608147,203
visi603195168,132
vsdm002657319,78
hnhu432327711,153
yklz778824711,133
yduv057751780,82
tlwc843406943,118
kiah761210542,267
rkhb079995777,92
yuul533237475,39
pgtt708473282,133
mhot305327146,93
icce084813554,100
rokb480790456,122
hhfq467875154,71
nahv724326048,110
yfob882190727,70
jlfp954547077,198
mpai486677109,134
dpul614157454,84
lbrj084427349,102
mmnf786571328,178
ydtk367409552,107
hhso357032523,107
rrpy282602221,133
sets846125078,187
ybul276217048,137
rqnb499173498,162
gcku318701025,156
roez128531124,127
muku225030759,78
igxv664760191,133
lpdg490828947,76
jjsj535277423,85
dnsp409318930,58
hbpe856639879,222
kewv438342343,143
zrzn125537269,105
rqyk133266558,24
ayhx102950346,144
mkyl332459753,228
yrwo903452153,92
gxpt737935579,159
ufhl398064486,150
edsn501863096,76
zvey629677580,183
jdxj003653799,88
fncg966054471,172
bsca252709157,143
loif864015222,244
rtgi268477007,261
qcsy680434910,66
denx734823965,195
szhl611436287,140
ehue906326087,111
ajsj220804554,62
apne855152353,127
gtnj714167785,126
pvts813440980,181
wbtl484495788,117
jhxi480148945,168
hlki330096234,222
rxoz517780496,103
fgtx038066090,120
mlvw709106424,157
zeww350267162,193
hlvu720146176,162
tuhi031513339,158
frix646140954,97
ogft031992398,98
rihi655014242,207
zhwz968002462,94
yuna077029855,108
ndql924608534,80
gxyv774918551,93
vuik234233880,82
hmog511112895,176
ewwl757191743,54
ecfe128752088,173
ziyn846601366,81
htar493119367,187
hifl481921953,203
rhco805105915,145
dfkd032496505,112
pqjb179093797,234
klxx219269432,257
gyjr070399358,179
lkod039404731,92
abew423220470,198
piwb802120492,153
vnte994969512,140
sfup849586455,137
tsny626020301,106
xqby182518137,126
rbti397726700,92
vuie837184377,118
aaun283082133,138
iqbz114952245,139
qevu915904714,58
mhir400593095,98
qinw394829152,164
kyyo639373235,144
cxrc278162224,118
yukk165664590,75
irpp672027111,80
ulnp027504588,53
htvj135951898,79
kgrk004405791,118
muqd291049429,103
eico122553237,157
znbw825439887,23
kpnl922534089,208
vgdn050524691,173
gtfu690473915,79
xrcn531791260,65
bdxa651837153,202
rrmj588633372,65
wruh803077773,97
dxnh457891242,142
kgux570463557,54
fbrn868120896,240
ufng124531068,90
qrke729305999,163
kjes275964976,138
njxh413645121,47
uxat386411656,100
khju238555702,209
dktk960473658,161
ezmb890430041,129
iqqw828498763,149
xjpk493255618,123
tpls802772805,56
tswe395748687,182
xijh889085290,20
ltkp388254313,30
snyr764784488,147
phdh136588639,95
kwii303986101,86
bkts791095698,74
xjun937584590,142
ugxn496916529,191
ycon275670956,47
xyye984437330,121
wbbk064574533,152
mitq857214808,224
btpo034027152,73
dygk070255464,114
arpo865823772,67
vjpn116128624,121
npzu010280297,70
qpxr993403540,73
thfg993055822,216
lasb908070396,87
ygls845863189,126
pned698013216,265
cufd424837300,161
ffts125057397,20
qvnf104548723,99
gfpv404057356,53
gvje722656981,163
scrd942357065,117
dlpm166287550,115
eciz837871181,132
tpem719973177,178
prcw034710802,163
naon804331987,130
swdo581730802,114
jfao460697807,32
qoht932696734,135
ocxf768310031,112
dhcm136012500,113
hqhx741743868,188
yvsl538163264,115
rmch628446590,93
cppg922371579,178
ffpk802937821,78
olzt152461803,240
ggmr241987697,207
bihp278273659,133
rxnc643501472,78
pdny868956970,192
rydg630652370,129
ycxg518211020,82
ztme199196079,179
tgjf650738998,168
twwb487889296,271
ccee319933661,86
gxug787933291,108
frhq032453152,173
qbue900542523,101
gjez110764917,77
nqym645357610,49
attb425435298,133
haqy738729601,122
uwdu593897865,141
twgh020762529,80
mhyk900078212,207
rbav500958035,92
cwqr216328093,68
dect609121028,75
yzxh259358247,213
rpri298844745,133
qxxv319036418,198
lwzc742222609,150
lysx116063674,93
cpzd439833609,73
rnns640949633,232
oycq360668256,74
wmby468161301,185
ezxp586779035,268
zmjm619752576,55
uofy730066615,149
cfzb443546152,127
mffi586556086,180
wlgj011468135,117
zhho212156419,146
mbkk556661554,245
vaum209347728,152
fjzk357936122,143
qrgt372908486,247
pigj048064385,111
odgp047011801,150
yrje062315751,113
dwdm644557189,129
nlzm393324409,133
jwbi622516074,187
vyda519222419,172
hcrh400732139,198
ihpa020373498,130
djnf210403170,162
piyo895779524,16
uuma321781364,37
ejhz762773579,136
qnpl923349261,125
cizb438965999,139
aaua351776486,148
cqdg246870095,152
zzpg714465168,21
fsyt242694310,258
tljc272465239,115
lvdi381045230,99
yzvs657939793,128
ofno062292424,141
btke328600074,114
jwqj848553484,105
crtj824386777,144
nmzy462860471,83
nulk059418045,76
nskv443603467,92
wydp889257123,143
skjw913423931,31
civi798167183,74
nldl583630179,180
wotz479695995,36
ccje563491211,168
oyho547332685,116
bkyv922304238,142
tysn051962167,24
tpuq521326797,182
gwfx138798527,189
iosq148369871,253
dyvv371646026,147
zyjt715270074,117
cwni324140831,161
mone291697197,115
oesx828559724,207
btcv545755793,87
yyou718577021,145
uqcn334304837,118
xdcy191595243,218
ahdp825027890,134
cucc386096258,122
tjly228886550,163
pkro319225162,136
cbka398097334,132
accd148331528,125
wwek185421064,107
qxte769398852,233
bjbn702013682,85
ysfk503433921,72
bqnq248480085,141
ppvs141105514,77
cwxv926858469,97
zqcr987231992,110
pfnd279746285,104
jbuu394437620,186
fnrk664567458,132
rngg805818333,148
jdlj977605349,120
slkr736473290,89
dhyt805163764,152
byff186095854,268
epwj143715244,88
hmia297147220,129
poxe594972410,142
qbax453602946,124
eitb897836823,27
fjjp608806869,132
szuu125276273,97
pacx824104446,272
kdwc496027454,120
kvmf945732420,154
uloj273694337,27
hsxt002666255,48
juqo205875856,188
llux134239113,166
sump313598290,82
fymf826894051,142
oaqu955633475,92
vjgp658162683,118
xzgk677448305,117
kbyv538489285,174
ysak382205554,116
aidq888171291,85
bmky277286922,165
xvlb071720521,144
nonu569662238,133
glva407335488,83
mhpa398953097,272
clth802022152,29
jlsj280422049,242
ltgq778430707,97
ckzh636763753,141
fwbr574981547,93
bpkv264929676,123
hcad502581551,53
linn744902313,71
hpzm360404616,74
xrjh470953014,197
xcjg963989563,109
zakq755451195,84
cxqp143050978,235
epyd880499436,164
isfq494595371,169
jinc387195200,243
lfyj884616605,146
uvor143958310,81
zjln147518508,152
tzrr855188132,83
gkal262420096,192
vmdo774060446,92
xrgg690485024,135
oums976899977,182
bzyn157159388,143
szrj350176767,203
xkzd567703828,83
vdqz968255848,263
cfva094622026,193
rbht981433923,131
zbpn263749550,78
ntut712996493,103
nhue542101491,190
uein814248200,93
zvae602980269,158
naau933944281,147
cxzx085889646,158
kzqh965183988,101
sbke065591651,156
fjet929677681,163
pzua165344432,53
trvn605562690,122
ygrr716583369,30
mrtt276698311,144
tshy482683264,212
unhr172027740,221
knjg155295798,137
ptci425006595,93
ouxh821296555,62
hwng897716977,123
kxix901175661,117
lvjj159693725,91
qzen107808560,72
xoqx470123544,220
paim546726794,162
xadd608295980,135
cyrp691067344,40
omyk219157397,25
tfjm843302767,168
udai446552603,198
mxrp137026835,85
liiq808044111,138
cvdi373198733,106
qxoa378983583,175
nodx901505682,146
xpzf191515576,25
ensk096226130,122
suui228548800,144
jpbb040045207,20
yody707744547,113
bowk346680061,115
lyrg933676148,188
gwgh655126519,109
ebbd420399999,123
vohe504922088,26
bqbz057800336,165
fxix956341788,131
xgus010711693,134
sgfg877660547,124
loxp376720959,73
vqok473937313,27
mglf190508676,122
kbsx085305755,196
onfj197202895,93
jfam685120923,125
nnzg669644932,163
bkkv152572306,103
hnze811187680,184
epeq511737826,167
djvu503866205,128
vzrq263404104,73
ghoc633729831,137
bdea425241535,138
lyrh796913749,42
ssnw229223220,126
wjny506532436,89
fofc267965347,92
kbxr020185316,108
uetz841212362,198
jjue190125996,79
xfwy908249782,143
heop313408306,117
fjpz876616015,125
ucqk529599897,59
fdlc418250024,140
fqmu726003531,160
skcv090673467,101
wydr949668441,61
cklg031521532,127
ukkv486861394,100
kfkd984791638,84
ljij410102252,157
qiua173025301,49
cxxd601321631,259
vezn955530759,173
oxvi181637288,97
pxlk623618115,158
lcna134767839,32
gbts506893691,107
keqg529953376,182
ibbn883923689,190
mkii688872974,103
pnad962476237,47
ietm727383656,81
yyvl395082446,157
nvvn736767375,89
bzgn869554500,182
niiq870922638,75
gwzp713124831,157
qlal610696698,96
mlkg669424141,118
sicy774555969,97
sfoz265289963,78
wefo508723766,139
wcqn918319871,233
zyjl583682652,98
npql641929148,181
lkll066545060,96
zomx193030123,75
hlhf737778471,156
lase259986860,255
rmus306803542,170
fhsy991211945,112
fcbj553642799,12
qdrr360231079,106
hlys123685386,29
dxaj244019917,177
mxbv936486624,124
mfsa905341235,245
ldli840945067,150
xeam511761982,123
xqkd292343260,107
laom180587765,150
zpfx204822508,139
mwoo365001418,73
gyts342203446,167
psdv681778201,154
ebse748552096,108
lpon958189673,156
ozrd419612270,128
deyb028017390,170
yalp618936187,115
ukzx041626193,50
xtxy809437411,85
txxq881622986,92
ccol869398204,147
oiqx241482636,54
qxwb458755723,101
aezg684160352,50
nypv256949143,49
tuwp734381681,222
siyr354240185,131
nuqm658786893,234
woli475803026,119
cqbg336162284,143
pdfd953351795,115
tmpp478813169,26
atct424756108,146
fnbw591093884,198
mcjl942320999,132
tbvn745859809,29
qjnr312603215,107
mhfx237337879,37
korf946307508,116
xknl102705093,104
gzux552311382,102
zngs917046563,113
fzjk655274077,119
tosp584955762,252
nfle131100009,197
pxrz596506557,62
pscy628087740,172
psxg114509283,107
rawo151059537,145
zpkw434397157,88
lxit620692865,96
unff882363695,103
kpyi222767751,178
fclh117237700,127
fkqo110951895,81
llxa341097359,94
cwiw690101508,163
zcgq800501077,104
ivae934143790,137
csho246654250,70
ijwm192070140,122
jfuz892466761,114
xuhi052834193,158
odhb295602327,164
duit384540956,188
kmkx067954099,130
sujk505127934,223
tree086966199,21
wsqv389780486,142
pogz043307266,188
pcgv365586461,165
rezp899191704,78
qfid228311547,157
kvgv470793571,79
rzve718206148,85
hlgk739849340,140
ubux350665679,133
jrxn002569550,248
naar548141007,139
ocwj571499984,39
yinz745805089,143
wlvx226292944,143
xwvl138667647,130
cvmz049438471,122
hiyg838964559,126
bnlb919844656,186
ptvc781540926,53
xiwm499254035,157
syso683053884,193
aeai368409486,98
ccfe465940676,94
koqs706994021,82
wiev019564589,127
htpm589930377,151
ijpf697891289,117
doam546826024,58
gujj688305741,113
xyjt374328039,118
fqec061623390,80
talb528262457,92
qoap551155524,216
tejg305448067,247
qszj696827019,149
btwn980229048,53
khqx211396795,134
ivst786034897,151
adtp347075683,113
vrzm130783667,175
ynyf968441009,216
eedh066951000,175
dvot576653030,57
dhie808851988,26
yktb618508325,141
gqdo129468188,219
tomv335156230,189
tgch265110088,98
djss460770033,140
dhex519542217,107
qdea132263235,158
vdii006234108,28
gokr432651244,117
wopv735548136,28
eptr626909341,123
yqto738960199,79
xcbv892604615,112
sxzp258281557,167
ytog690929439,178
ieia952990626,137
frlt345165609,63
zqfu685223757,153
ylhx637067906,126
gjxs329516313,100
fusn495893138,118
hqqc876954560,102
eyiv381603574,80
atad497004191,85
qjjy847673640,68
wivm392933676,174
jabg281629198,33
ivla530808901,215
qsnf318374573,191
jjfe366451546,107
feie219710857,72
sdwl848035560,45
jbaf212961143,122
txor364784324,154
lhis232596767,157
vxzh286076072,96
itbt045010787,203
nrlc577295564,29
pvjt126770101,173
bdls035648539,120
lrim883463805,88
yasp803244879,152
giwy911539840,130
fgux562995504,106
usde606772353,263
jxev320194848,55
kowq926938880,162
bwgm515557326,177
aest811451144,195
yvwu560942691,57
wyxj393640289,176
ywvj879724450,17
qpul302183416,152
nnbt066251992,104
yxwy859528700,103
qcbi949406299,143
rofj996093260,104
bxbb615997737,208
xucz861101586,130
naut851613999,237
gxjt225298757,146
xusn224558638,182
wtje610840577,93
rkil369333842,244
fvvo490703512,175
kvrd685552221,175
ucev742004577,148
wtwp464364126,76
pipq392616877,108
spqw912100971,83
qmdf288049791,118
wjjz596534770,163
ypej363483557,137
qxrx507633055,124
iaxi800304545,184
hrrq399408252,100
boub561927440,63
wswf555577967,81
hrnf911219534,165
skse746981726,123
ciiw977255394,199
vgqz261715034,17
bqyi687104427,128
ifaw140665280,174
orco312147608,137
vnve158824828,142
utdh217489584,155
beeb970621062,101
pudb393386932,48
vcfw125975502,139
dfoe007851361,119
zkoj028537210,143
qgzr077508451,100
vknf114607750,148
fusc624542088,267
rele489125156,163
xwkg999185910,226
nect047048970,67
ugav071084442,105
dtgv633512644,120
bvkt299437033,75
kzxx990645871,93
fhej460355025,13
vrbl049638720,127
xajj120184486,166
aepf239386677,75
gwol404829488,72
lfbj810254476,87
hqdk470442049,153
mkba506453645,207
krqg308994821,144
wakr172583638,113
dlij279487777,57
eymj137785144,78
pjtr155487378,92
fdje681928943,218
gkph376138646,63
nfut169061743,123
uhkd841764479,30
tfyk602223637,205
uvov335490248,170
iisj597594243,101
exoj556384670,100
bdec670611226,138
kcqh606679289,244
gxjd326030262,120
cbjl401540702,217
vijh181877894,214
zchj165988450,89
nnht015717028,82
cbdb893291926,127
xhgc010838513,58
peci569628085,55
wjdd308296840,267
tfxi689905579,163
kyeh042997077,185
vlcp061753983,140
avls145221391,233
ylin052307450,151
wxye906826398,74
skqr777526681,142
txyq171800521,112
xmhw628113902,134
eflk793545545,145
uyrx174604469,150
wzjf811422439,161
khlj427603225,170
ropa442665786,240
mair280302233,182
aeah219951264,107
coon467504727,143
nzwb341103306,147
hpyn339163310,198
vdis613955995,75
qvpo312541345,123
wsvs282215866,147
ivbz200923228,87
mzie762402123,78
bjgr220850529,108
zkmn508307677,151
vgvy897716257,53
rpxn801534370,78
xtlk094210737,63
njkb544862089,96
whse539670948,189
nwwc077701194,38
mjkh629733725,53
tdbu230273624,142
wrpx672220295,58
cjnp197114783,29
jzyz383098834,62
xjxu577795530,70
lzsj291522114,172
gzis605439645,104
ndtn877211796,103
labu247981366,104
kpuf271429972,80
gnkh203833278,91
tskx116518247,143
txvd036089777,99
ulwl759358511,122
jpwz618504176,154
siva879690031,142
zhfs771179594,152
hdku905273105,144
kwsz157827298,16
fehl621932708,115
cxjd144010854,133
vrie189684616,113
qfiz489666363,244
qjcp094744984,210
kdja272258925,123
fhxc799703178,153
boza172793572,166
cqmh260880323,126
bnbp451223227,72
pynf739810694,150
fnlw023246829,82
vypk458313502,141
ybyw918632248,98
tftw979695377,118
dxhf888626256,222
dlpw606129744,147
zlsn292999409,217
poeg229852515,189
qxgy741040480,93
ljwd714754758,108
zkep106528568,117
kaul911367361,127
woyq923262754,103
dapn642021121,123
xthm872707342,70
dibx092175533,160
mnrg708417548,221
vhxi785176845,50
meoj498954821,100
rgzc749883490,82
azqp355229543,137
popq002392227,178
snfq817215173,111
tbqh751533735,47
gucf401731041,153
xdem380426021,84
jhzv281442401,95
kzay108546054,138
tdvp437567302,193
eiae322650883,183
pndm521718017,57
gert177093056,118
bkea753824427,187
vdzh401875331,35
ichv590071044,87
lawm567033534,132
hjma199348691,139
kdwt282529136,153
ebbp735105965,79
tnta309732339,49
tplb481737022,80
kbpu283081972,141
iokc050841061,82
apfr596468995,123
ovrw901171148,167
anim988647461,145
tsxj889198504,150
rzfq533096230,79
jeef802776618,197
rkwu327474268,145
sfwv289435027,135
vqnr414800878,252
vttl286030877,6
zytc121342757,168
mwlk253672169,149
dnvi480380974,123
nnla269888242,132
kzgr167060555,202
namk052458601,134
dhng329047822,122
mzbn582069363,75
qsyp852809001,170
nema301979238,80
ksxp871667269,113
zotz766489900,105
iiod784974925,145
vxqs910556880,93
mbjg017994496,63
mlbj837209052,112
rtcm025727833,110
ntxg582223525,204
tesr235939372,101
fjup243281196,100
vicx715339484,127
hxjp975012600,16
qdqq470200861,115
nlky078449590,22
pltu889194639,143
gjlc595206140,55
fjpm755740396,132
zsrp347926577,18
yiul268240549,78
qajc567646956,200
gjuu526272060,214
udnc532488695,77
mkik280782043,91
jswx640305411,159
gqvk660160664,123
rbtg590616239,183
iryy859887329,110
eygg144930057,133
pjcs430864545,97
rsby088079838,139
iztj140276840,59
ksaj162975619,230
upny296813156,52
nhfe931384684,76
ucff226844457,107
wqjp499955776,227
xzga985143910,182
ayzc252003024,127
hhge169760875,102
xudr278778752,159
vfpg600706202,157
khyz367783530,132
brue718118422,9
qwje998601640,236
rqhj957058116,133
qhxc551016457,171
wbik368266450,151
cerf756117009,194
vtmz084988413,125
wdto878711700,167
uusf832666739,141
gout160223779,83
lesj712107661,133
eqia359538893,77
puwq063279771,116
akun784958117,51
hvwp721665469,132
espf679144925,204
jysz874506475,142
edey635831085,20
ejhs586324590,26
pzcw680026931,74
fjed048612952,21
iefm688119007,128
tphb121346279,210
tiqk247290295,163
aopb994077662,215
rrhx890295266,74
cvep763595614,87
vrvr900952813,168
qjgc310427054,225
ahfd911549510,161
cmoo306663217,128
xihl149806855,198
easf246767103,142
vcqo701376947,82
jpon309725099,128
gixv743084072,85
cybw821456162,110
wkwp063771193,82
bjoo824605358,124
yjqp355296528,111
yqxt974678145,97
zuwf521127694,128
wfyq896401382,142
rsix873878973,66
egfh935254339,213
inbk857381992,77
rpbd922645698,88
peda439298097,71
ling268700182,226
dxvh070080851,111
zpgm706848497,141
ntzc877849393,25
prdv727648316,25
weyl553099754,165
fptm933157827,144
butp190069737,102
ngxr664155927,97
lson739331270,117
gsfw585074190,71
uaas489171519,177
ezpi702291435,147
jslk477695019,118
cmct755985551,135
ndmn995254661,118
rnzy928375203,200
gxvx622675251,236
jgrn426710077,181
qbvt235516696,79
foyi806813772,157
lruh150657585,165
ynoz656432111,128
emrq804401921,73
yqbt886958953,58
ymqg623109082,30
wfyo087136345,213
lfua802948411,239
kcjs344909374,138
qoae461475408,98
kqpf330430192,185
hanc781694452,191
ovho803627649,57
hmwv208385003,26
dfad875063065,72
fios515904898,31
xskb030979578,22
rsvm880219952,152
hjum675339538,110
ezek973216665,76
ahdh109028472,30
xhwy963611758,136
fukk372468471,120
zgbo829657769,113
jfio752321931,122
lffl176790924,158
xqvd696788044,73
wmsr895037332,140
oiid246093342,49
psij874965481,87
lntc114820594,83
dpmh609073015,15
jzax176563553,75
yrtj442013851,112
gmfa344531007,95
qbmu482414626,13
kcvt572161541,78
nken639878144,153
flgp305048499,228
pofh797251664,103
alyn286841013,87
usar196039710,145
dkqh431772012,116
jlet363874990,172
jynv187159234,136
sqrx181011887,11
tlrb544268979,147
lomp628576519,179
beil603650246,103
tlgd068015617,102
qsoo111433852,25
efah855721862,173
twjg019314332,119
pyoq177938869,147
xlds551771026,239
lwbz412653370,76
sndi566182365,88
xdnf738554381,193
pgcs005533836,175
mdje644704980,129
nypq317010968,18
mvji004644725,144
caej533399609,148
mutv021663609,142
yqpi341193229,133
tvzp720099796,93
acor490308699,77
cqbt737794959,74
rild055655296,77
dirq626296048,127
xajf741917391,25
sowl464132416,217
zeki801294752,132
gftv872792750,238
gztf197987704,130
knjo109617759,168
znms764899471,107
xfcl665383824,190
aqij204077941,240
votu077930849,192
jlzc037549650,86
rulk296838010,50
dhqc137421607,145
idze785408532,217
izdu468244004,65
ufgb597160766,55
ahul326194239,145
owwu727526532,138
agml147731885,68
cuqc991222773,113
qjlz773780689,60
ktxy035101168,88
cfnq089762103,92
syiy245841530,142
bxvm741115711,211
yhdh865760122,152
zyov238014184,92
kdpg198108824,75
anny797357244,118
sfjn445508810,122
zmpp989916234,92
zqbz604823840,148
zlxj004414952,123
vpkc072526515,195
nhxp963371311,148
qsza895104613,93
hvud280344793,100
ckit873875671,57
xueu553560723,92
blvq026319026,209
zjaq022161628,140
kywj392921496,100
qbxr755991520,186
lozt211679802,190
nmbf670074299,80
ozcd670194846,124
beao882366166,157
qixb898667761,112
sayf180641932,87
yrhg528451657,110
fjyn374147192,111
wcwf368088341,47
lpmx877263113,193
lknu561569674,108
bpmj459616738,73
hxgy312844654,19
fsjg595879916,124
tauv913069099,136
oavi667992487,123
iimv792999856,172
uwwo844265197,111
uweu910393417,99
ztxf356101168,122
masj493564544,20
bqzk337024135,112
bjkt092367655,130
zxcc063497398,80
qeya145132030,148
ksue465520918,132
gffu433119835,234
mnoz183937324,96
cxas172822508,152
rcrz868419839,152
xbpu358856907,147
pwth176495313,233
cnsn898782354,101
fnso347277102,103
cmyz041160236,70
oapk295755112,135
vxif814774753,198
gohy430728745,146
aqkc738194490,172
gfjh245653403,64
rubj667493574,28
bwns234784474,233
qjqi371715000,157
bsjd622743899,120
ukxu250752957,168
xcrb939756521,75
ckcu179764478,235
fmio957038295,214
tppv873930169,8
ueew163603783,85
rsjk428560796,88
czsi348053888,102
tbuq766124306,97
bmty079699914,167
kdje986194025,153
htnn936474025,141
tids730070083,72
jnip324130854,116
hyky639182719,133
ssdp430724938,111
cxee497619505,53
xauj368837459,175
sadd840190608,98
lzgt734397267,94
bcin669790092,90
bkht443851163,136
kvqu351360294,57
jfvl298758756,161
trhk910466211,131
xaid813824431,29
nedj175301527,73
oqzh412209212,239
jlxo535155194,141
mrrp955092016,195
stuz392213260,108
eeki371226643,101
jtcs650434922,87
uaam640345576,104
dyxf645330532,98
aakj736513930,97
zzpt120684824,83
ksxh892833036,12
vfrj430204956,223
okfb819349631,88
iyss339363494,144
vfpo959200548,134
udja152317278,179
jwkh089407990,126
gadf255567480,84
nlze313498100,157
ewzl705476283,92
utow417118428,99
bpzw477495615,118
xwnf658972980,106
afvo992137395,83
pqbs759886634,82
pwrv523178899,104
dwtt374713053,178
emvh096115377,135
pdks325524930,140
rhzb708940046,123
stow378291875,65
gxnl602642676,190
sbup154838510,83
bvzv180438634,117
ckbg786964209,82
kzrc904547848,73
hqmz724888442,268
cajz634470543,130
uszm806331299,165
webs127538611,134
suci819741024,192
gpbb369217625,69
njjk048624136,200
cgnw875405540,117
pgxu003147076,20
jilw803029397,77
ryet129685192,87
sdsw239072652,32
gypv874280629,116
pecj233964191,152
zshg526200828,161
tuml272437027,119
wqmz360662550,140
uffv531994668,121
uvof933880844,57
flos694849243,150
ftru277055417,72
tawf760361087,85
ipqg218712115,82
atcz374427318,43
olaz090048355,121
byzk137123684,133
mqsf226961061,76
ufyu865363250,125
wdko122386449,27
jlks251055680,48
vzlp863532473,122
adus125614870,158
ahsd868796366,209
ubxf103298178,117
yaxk492326970,72
zvlz517105643,130
lfeg724387332,20
nzgw311396639,124
uvmo553691962,240
iadb159511742,155
obge036297656,110
wvxp029783864,135
txlk242643493,97
osep623020031,71
yvof006389452,49
ikoq328886032,80
ebby146424005,207
yrgp136639611,93
yuvf587773154,83
tezd896658128,137
rkol009192874,158
nity977986450,29
bich924451132,43
fdhp592362969,175
hqis924746584,83
rhyp741392614,112
ofdf979535160,145
szdo355914984,161
stkc797654415,91
ufyc200764612,113
agxq175801576,102
qleh250517749,74
hxrf225111353,148
vtrr689478692,111
laxj554154559,124
njyy431700322,120
pdrc022422015,56
xvzj931297574,133
fpky053567299,144
xoel717215508,54
madg817966883,192
gqnm637402370,62
chob129900487,80
kiyt679100508,187
fami679380772,72
zgxw371906654,148
itpc836277992,53
dajy658155128,67
pcpf722534689,183
hbgf586969353,263
yhqs087198290,147
mais654626921,226
iaun796534852,168
qypq467945926,93
gxgi265937385,95
upgh578624980,174
qrwf521842063,108
xrjj223717407,199
oupu410619845,98
sshw900973296,77
habi936233058,126
mpzy027664379,92
ddae323518262,194
meoq077379588,141
xcay197307981,227
mxoo633712325,12
cosc946921147,82
iprg412933502,131
otka732446945,191
nerp053118571,26
neww343124644,186
jbdx898163814,128
zduz055046143,173
vtnb345070133,157
iqjm468790565,83
sdnd060556320,146
aken075051034,193
fwon599389448,142
zgwl865885922,109
lnin452667868,51
vivx316388469,68
pzbp992131763,83
rvod347968148,118
dkoj975717286,31
ncrh628804992,41
prxa287882544,23
uvyr239186729,137
ynro339197509,199
igcd570072197,71
cfzw740355603,98
ndkl378476057,143
ulvh882144201,151
wgyv699000397,73
luyp407091601,95
yzzz699921059,143
vkzm869453975,170
ifyi409586833,178
uxbr868866891,66
xywz285548352,133
plny695794195,168
aqyc370812374,168
gwxv950537562,177
kdoh700633878,264
ovvk662992203,63
tcdz965541279,221
jcyd515698403,36
ppqy289602905,144
iomh961470335,98
kolc196815090,46
syvu087949289,114
ahzl290862663,98
ztcn812450683,115
hdon043775046,235
qikw904765666,81
noor299612167,94
vfhj673643729,128
wjcs966424154,55
ftgt694631102,163
cduw947255781,164
mtnd040109370,223
jhdy966959342,229
mgoy906105097,150
rwan981401154,182
eona433012860,160
ykvv824671111,145
vesu598215087,92
zbqf850382900,98
axtp486234915,268
dqak924148069,116
gjgc038104674,107
dtsd170402153,220
qtoa672151082,14
xxbx645792244,75
lhoh327869962,116
bhnx983155228,27
ajqg791267939,88
oaec119160400,60
hkng832485474,247
xfjr987502596,248
ayjf086178255,78
nwlo469917313,135
jaes432430340,30
vbvm335479731,136
lcyf604685524,161
quva273410881,126
avpp538409588,62
gtia357067159,132
hjuu602333685,143
uaxs309661687,204
netd777132386,112
zkzg958382804,144
dwko668831728,145
terh263097052,167
qiku626528977,57
uujn291516661,160
trkg919972887,104
ehpx511373404,96
yxnt319911399,122
fgrh658527468,154
ztol119248815,108
pypv382502329,12
okyg740460848,210
rmmy160393605,119
xqjk641860812,148
kpex239894413,146
etoo804429326,172
gyns691483817,173
ttwz453975047,168
pbfv640450696,195
tlmu427311634,110
iwvx103048654,128
kocy576442937,163
ltzm749338564,161
wfdf001066985,69
zvsm091139307,108
rrfn013632820,85
ajtc598864009,128
yqel026386731,129
bhkq029071194,130
ckii083924591,86
pzps043022281,33
wcue555950585,137
zewm269616136,51
whct102723887,134
cwnc707338599,87
lxjw394830044,148
qfsz683170915,85
qxxk050958933,140
tdhb345969302,133
yqvd678124691,91
axrh447446196,120
wour551521302,84
gzii017070528,198
qefh529659626,132
ztvm366172025,31
mxxt096679473,62
qccl235462297,118
xmta376275203,76
walt616620745,55
sykk409446815,104
iuev604126355,127
entv180044738,98
lgcg498428710,178
lcwz324969498,80
toja052346704,92
nsus954356817,77
vfmc067442462,94
wrer208021662,128
qrpz424760301,157
nadg260456285,142
ycbm065415911,212
xdpg655477317,125
hwkj838105656,117
pfuh950246237,143
uxnj679453815,13
ofrl815638919,167
sulu038530827,115
jwjy398772016,148
epui987484055,120
qouz057312020,213
zjww143716768,90
zmgp436209386,58
njaa099119797,188
sech370248924,62
kyug860105539,108
eiqy777209407,163
dqdm868092680,203
plou508083799,216
okck447791169,124
akje800062396,92
hwjh336570913,234
rnnn294253930,164
tbbj287321601,137
nraa453175443,176
acja945269649,71
tbbx069417875,152
svfb570322539,83
xlal439283961,190
cgib025616099,228
unrl191782031,170
zffo398763615,161
sylx252804017,123
wbcv946602000,115
epsx091174128,203
qmwu181908431,98
mqxj082426404,53
xvjt777342485,92
wftl596517465,32
kiby142345127,52
ssrv885873998,86
qlxb068509414,182
adwz865595142,132
vxnh602434422,178
hfss145658594,98
bjox541109125,27
rtyd422902804,124
xkkv139360117,87
aqfr825939637,78
kcvi488594902,115
lmor503484152,93
gall207156269,103
slva201358484,125
kteg429422532,107
kzla271831294,165
zhtm523808569,67
tpll704671811,12
lblz954659413,122
xejd953288992,156
fpwx963019077,67
juzf943882082,137
qmoj414175474,49
szpq375680620,180
xmww338971203,71
ccnl523194552,93
ztav002452716,113
knja966013981,107
jcwr141881223,202
bisw457121327,103
qpkr903508423,203
qgmm251860009,140
nrmw045070998,159
axpy806649831,96
eudn948974098,97
mrjx570782781,57
zhyf101424018,175
iqgf566225965,85
xlbd471730532,81
apwi615303594,93
gnlp730715976,114
ahvb016065071,173
vwxw054830817,147
qdzi693268573,164
ebfr426562381,134
scik973131496,114
dvlq111047216,74
tamc180271754,59
ifwk626528030,75
awgl739974696,123
iiso279826680,82
xofu679474268,133
jawo019252548,16
tujp365526324,75
ytqh139758247,103
bqbn406215544,182
dhyq733346667,137
pmoy298358467,123
ydty444061322,107
wgcm038412972,97
grmn094358098,92
yglw297764245,102
xlhs235816619,250
rrlo381094929,186
arip074149595,78
ymnw940472198,110
yikf005341376,100
rxma620130906,157
fitw131463384,215
zomg719658997,162
hqrl419062354,137
rkmj674963726,216
iarw873539667,134
bjnb266439048,139
efhc933635824,132
nmgb888502192,79
rsja309124367,114
unit985457830,178
nsfc992985433,141
etgg619945329,133
pmta451313222,16
qxgq250095556,211
egso572893416,193
gche703023444,77
teho880189150,134
noog782604640,98
fenh790031162,87
qjox199269375,127
dwbq379938181,167
lako415792835,98
zmmw021287392,74
hcbt325006592,121
juoc214836729,101
pxue227824952,83
qtif454449886,165
cfxb160649694,126
zbam704803279,182
oagb972889549,74
bnix715489351,143
gndo652015824,118
flkw824477738,90
rzmu178579817,62
lcyo307785372,57
btou953200591,55
hmnt320596792,52
dieo479244983,190
fohh803527881,131
twax060387296,83
bsqb105290869,118
axij667619670,121
mawb503362783,195
zbpq914685146,50
peye854152924,185
qhdh821811344,98
bteo332992782,117
fozu599693256,135
ldta348529301,114
tbpa008224153,187
fhhi609756133,117
wnli532169373,136
bmjo409383520,135
cwnb725591173,189
ssaz453653995,143
dnzl362217369,86
afzc381797520,45
jtxs377017910,87
aazo919833537,92
jpwo646994940,114
wfnv123520684,193
vskl736476889,162
tdyd328293205,20
hgri399648824,118
kuhk561504291,102
qhey254348005,168
hwae052868806,69
ijrs563080611,184
hgzz221870873,172
oypk770018939,158
skuv228205856,127
ndpn485230871,141
ucbq542728796,98
akdq749158919,22
cees084338395,162
xorm537109942,85
zbnw075635838,23
pnrf054018129,48
lbjt805006969,86
fcqy250744373,165
qkbm802866338,123
mhjw364124457,221
gthy126765838,152
uahc011374231,190
vipl581107050,17
peix212884491,128
gzgc337230329,88
uojb394555428,176
dput338718353,138
ctfm292967165,120
fmbp015559582,25
yemf527964213,107
yphy226510336,156
ddmw715672260,63
invj458110569,132
mhrg191666793,89
yuym016606587,158
hkbz860569985,141
egzh482110748,107
ihao712591613,153
zxop818924261,108
jyzm718002600,150
wmrj962832579,96
sjol339301343,170
ebzs355622789,177
zyxa637469893,129
tpfs775856315,122
yjhg393370830,169
qxug415210274,117
ljml040132500,126
dldd580087865,84
ezvy652109132,153
zomg020433474,100
iuef397699216,158
vpya500222524,38
tcqm724267184,90
wnab607831528,74
pdog063784375,112
zvqu070962098,92
memo647788635,83
hzxl839037335,117
fuld684462853,62
tknh338587831,122
mjex683289203,93
thcy896731276,149
fnxo696353674,103
wlnl549190795,132
jlny987339266,127
rbaa649971118,113
ytvw554332102,69
fvdx669191403,190
dixe848050573,210
bkjj528054245,79
fdxa139967633,123
bibo801011148,123
pzda863482266,167
zxws819422530,83
zclf248649614,117
hicq545554815,112
oulg028786563,105
bvro132722784,112
uawa363347386,193
pogi104258249,13
hwpm281601154,149
surx028476861,242
jcem454150463,114
mvss112060133,73
vbox048534025,187
rwdp792305323,118
zmgn133167908,48
gnbw424443279,182
ldpf493900781,174
lpno115379713,159
hmhz227296258,236
knpg118853710,84
iixv397716671,125
cjle330142058,127
iqya870390737,36
vcwo428489983,224
pvse300353445,167
bodg050890693,172
flgu467966702,157
hoek778041471,200
tqfr854968927,38
wryi691868081,109
euta193484687,119
odjz502174460,105
hvyh143534094,115
fepc394125969,102
qquy656194038,148
iqzr815355479,165
isgd055626990,173
mxst098597606,217
osdl432000147,130
rrbj972059188,101
jnaw788286222,169
esyk833609117,198
htvi065313323,68
poei879073468,149
dvxc633521646,194
omdf827148183,125
rmqa474139307,88
caqg882167018,68
wmvr187054245,77
hukx440797274,238
yuan038689984,127
yjaz195423160,101
xpgx649955594,128
ujiy047436958,237
afce063236665,97
kudl399844046,101
uxyo478033633,89
alxa011947533,96
gqwk367908667,112
tinv181805245,175
ezhk281427008,116
oejt351866062,121
baty851502444,108
utay753956067,184
nsxt870210297,96
xtel840451269,87
ewnz267167555,168
crgb566694745,92
vzvu119141377,183
vyae462415960,146
mfwe478410125,178
vrcv293893651,75
rkxh504730228,192
zsus773732449,152
tkbd796336064,118
xohc455307173,162
dfge535459382,132
sjvl711738812,136
pkfz489383385,183
bdog488073582,133
vdkv481842433,27
oghm272512718,102
yrbt914712436,262
wrti765813491,24
vvkn534816535,151
ajhb578172641,55
krzd327001264,138
zpyu649837934,161
usyv485164656,62
xwqi775462820,145
fmxa163913223,65
wume867560907,13
ievn578868480,150
kazw903932939,148
auvx220904154,118
tklh592525700,148
gmhv207790613,87
yksn267706310,183
geyg503337739,109
omzl323421561,188
lbmu266772426,93
rkag146533396,162
wmqp483472204,137
sbgq707503911,148
lbae221720865,97
diay826837844,102
fhyu319275560,107
xihf412568077,78
yuao694138886,103
qvxe800536082,83
jgft455118139,137
flau551731296,55
dhit191170828,119
pcmn332878321,213
okfh380447619,164
wrpb828762994,130
lenl850588590,58
ohxd686567197,157
gxbn502219190,149
zhiw293413255,142
dytm097148472,103
chxh085903874,157
jvsl888136100,121
hcpp116497972,134
lolo463650051,92
jkdu266598974,58
mxhf423498307,96
nyss148066337,216
xcci236514504,73
hutk000686080,195
wsqs739572244,137
mjax988080440,150
cjno852359737,121
swpu946522338,103
tnmk570006786,65
mllu008735332,114
yyvc587792257,217
qhkc927382974,175
ltml836807213,168
owek577496381,148
gzqp937574688,26
lhqv618640899,13
gzzm343466984,94
awah620770123,28
spps058363058,111
avsa462022455,104
vwdw362653865,115
qbre973369238,53
cfen725032141,81
tejb339233341,62
pnuj386383434,98
wazw492576662,137
nban676898032,61
cswc761298100,152
bbig626704809,117
nsgs190258953,157
ewqu592322983,120
rxbu533296606,99
qany972333194,16
ucsg909640433,92
fgfj367724886,193
twhf827072529,61
nfex001408652,223
zljn764196742,77
yodn198159518,43
hnyg335094589,188
aotn919946213,110
stjx553952010,113
jkbj594502440,65
htlu240769213,100
jwwe634406249,124
jshf528011392,111
sdyv638832372,76
nzhe398516441,65
qmya218690044,209
vhsu634106060,87
irkv414941743,120
alts722180902,69
jglf304206430,193
uvhu876188271,173
auqo022771867,132
fagf413768730,81
drgm418659428,36
fhrc249433496,94
tpfc459258516,115
ldzj524201092,123
mtrt804171074,123
kglc742458857,73
nith498613020,172
kett368714306,138
xrbq315790930,162
gfhx502082149,147
povc260951225,177
odaw280142076,52
ejfs796500412,135
ruai621603093,224
vvmj617999509,72
duib783112685,135
snyn774931141,89
oktb994576935,237
ckzx644570628,47
thtf967990162,98
teny796880966,41
gbjk115490262,72
wtfe905359007,110
avbl308827511,110
whxq401840967,85
htrw930154665,154
dlgi223503169,129
obev527903694,169
zkoi901092525,218
jnbw626815045,112
gksb151707268,128
vwsd747682587,92
olja955510683,123
lbje555519801,123
hczv076571627,188
orig907562406,62
cmpj328990278,138
dhqg572900072,87
xuhb110660356,113
guth254518457,153
wulq827535198,31
kaqk839884317,164
pgbo890364370,102
xozu832743069,152
ktds898215553,250
knqv549693099,73
fwnn055254091,67
eciw966510641,92
pqfa497895163,107
ogpt022927690,172
ynmm977604776,83
dsku892279466,113
hoqc236755507,221
rygz901165171,157
jgtq645883810,126
jbtm230117424,159
nbsx450817133,130
xtvz167601905,76
ujbc152347359,29
ntpl054182002,121
ygwt763963052,60
unqa018330695,19
vymi294961252,98
ovdd677730052,55
vwet532513829,207
xqju897599340,112
vdhi598775255,125
nmkb046829071,92
ynao826022383,46
lxbw159572659,82
podo313793945,69
lzrr770110561,118
soet686323070,120
acso587523742,93
clvk126175273,110
rlud009813199,112
cwxa533554930,126
jtkq703258067,89
xlbu333021738,156
zvns001728119,144
kjnk045904375,213
bhho500662401,111
wyva717806097,137
wjgb649452137,147
xqxt062071863,77
prvr112326660,170
xkgq621323941,53
owek121373349,92
ackm679950679,214
jqoa791416726,122
xrqh902693472,71
tffu574526675,169
nazm920842476,113
nipx351075726,98
vjpm225455484,140
tcnx456830237,240
wezx691621800,247
wmvm614291351,122
qpns715561609,68
qlwl826053457,210
ffgi392615744,113
geqx317783058,227
pktg062364554,65
etbp755366318,120
ygmw532609234,123
jmbv410999422,87
wylq111986536,85
opke527327744,189
rjxa278686515,175
yoye714500757,118
ckdl025025725,47
yjfi613107869,244
kpdy631968648,179
xhiw923571281,73
djnd162861594,167
qhbg777559179,49
wbpk512009651,129
fypj325317788,128
jzvo120251134,147
kjdd891574819,118
nllu977204313,105
yljb635130032,100
msaw471760103,156
vfuv942824852,75
liny590639861,81
lisb561505234,73
qzdt518447084,26
xaok808386259,114
eaij764364370,132
rway996279654,161
qxlz644957446,90
wzqp884514402,123
xbes729210977,103
lirg127820333,191
xdvw405874158,118
cfex403387952,131
ayme786180852,77
mwnt885527571,63
bpxq909668334,85
hncd312933228,138
zbcz844648220,171
kvyn664423735,203
qnwh234309051,98
jkiw822064148,187
kban095984364,152
knyv117313653,15
ixkm193074039,133
goop932273862,135
qegk114819179,173
ygxg328610014,49
yquc248817017,27
htyg356491125,140
ohzm071885816,94
bwor453048187,127
cxfi462696842,162
wjpk857368409,222
ktkh907606379,200
ukdh146637079,167
qmnx988231322,133
pztg506183538,50
mfev542326273,50
luxe442337406,77
kxio826137474,179
qopp628241382,118
vvct138264344,228
fkzt457677553,130
zdmm848593488,83
tfhl251637538,208
xvpo717261318,118
gojy757924413,207
cvog474127928,54
sfxx884472390,102
vcpm836907378,73
bxrq153369507,138
gbnu111801424,157
ussl692934727,81
hcqu349834128,219
nvit595454153,122
uhho794039705,14
legc429241528,81
irzu840842684,108
zrzf943004946,168
nhyg600387667,132
nufj517552375,138
jqja304267945,110
gmnp636141354,220
itmk389429078,95
iiyk701063529,173
cwhh233759131,81
eusv344031106,101
tjsq450023614,159
mfxh032712811,134
xrqu572664891,88
fxcl505948309,174
lgjf787627268,62
shho532621583,232
zqpr154828539,203
hvpe101523840,223
vffd249340629,178
apor531714319,92
rgxs657991041,162
okli026248375,139
xgml227972011,197
mqtp543752252,162
kfht513997554,120
cfca509780309,223
qpcj105357074,182
vbqh824101968,163
fpqm229490697,132
vsne142301423,85
amvh160720645,118
abud783889000,141
kikn932848901,194
bdmu200282153,131
bljc404575267,85
oova733282370,101
ptqw537823176,82
bejl282694360,39
wtza562824806,186
dxwe021598203,147
wzta246760930,91
moyb826527425,71
phml382395578,117
epdy457876114,96
fume302191150,66
zlub908331215,216
ixix574526782,50
xcqc728939985,121
duzi691325342,17
vgpj011003429,88
nkcp146991179,197
bubi855881183,120
ftoh230231338,63
mzav630290987,107
nsxw916252922,141
acju072112905,128
lhne706774944,10
lbzj398492463,73
niln065650952,138
cxaw097430438,56
eubr567597829,199
fxof007663971,17
rsgr077664709,181
kxja833687798,50
mmbu667377457,166
njdc498298311,80
uurx300614586,81
hkyc045424503,142
vxlb962910430,145
bzos319545678,188
iaog093777731,73
zdvj400826210,114
azpd292894038,83
cxtu379757950,51
umfi647840206,202
zduh433645266,198
hwvn795295700,167
cfpw656683530,255
zdom390520348,255
gybp928440012,74
xnqp323015734,100
lqii388786567,88
rcvg459604392,216
ckfc520980949,126
jhqc609367875,168
rdvb252225054,138
flcu727013786,77
adtk037868283,103
yhei595579551,258
kviy229369613,165
wyei437630085,134
bdta268245994,125
pekz517589817,53
nhes169059500,161
nesg259086702,83
tgfq424953189,163
wcwy023967678,264
lomq505184205,133
vipx590722806,102
iejo309603628,80
wfwa696115795,76
rwgd223075398,108
kpzj579554552,104
wgmb174633174,107
pfpw351389090,62
tzbi397803897,152
vddh775611878,71
pmfn782962235,76
nhid082772296,81
xfgx822055552,203
xxqi590407620,172
fuen265772645,151
twip375893040,197
ibmc384832713,145
vqhn046143707,51
yxwk096896762,82
elbx364796806,120
wjil446086539,91
tbwx605329939,141
lrqd757920291,89
xxor244358416,235
qwlv645155794,148
xzbo994862460,93
amax735200273,143
seux902988386,72
sgrw101638455,208
qmom642573756,96
kygg980269004,103
axml662362986,83
amnr803791064,137
hjqm277647050,100
uzzu939658614,110
kckh552158149,141
ojrm378686589,108
tynh570396204,239
vsfl009234231,202
ehtb461658761,107
dhut780175816,85
fbjj620862130,118
jdud319061919,143
gyix200627697,197
ircs273992135,201
zafb461006011,129
xbli541051117,66
xguk172107548,100
dqia270503449,138
qgrm223372545,90
qpbn257139888,115
ztgf721332741,158
kofn794345952,198
cplf717223839,53
mwks286550213,118
zyux802344047,127
btoc877694206,152
nrga522541050,82
fdew847290366,54
fjjg478971549,22
dyzs321901718,100
ouoh688765725,176
sukx624472122,98
jcqx271204831,18
dpmm676864003,180
oulg048513723,60
tkum217661047,235
nszf762881931,52
wcml106183261,113
gwlz266109269,83
hwud181541584,146
uhiz605893812,206
rctq954794732,139
hfsh708359487,127
ewen517263472,134
pzba593672741,117
mknb414175973,79
vsbf897205167,208
djvo598705217,157
uvnv051301822,114
silb994383000,110
lagf284316012,128
odgs579328164,113
kvxl942203915,82
jymn255411899,125
qdha254878836,175
cktw309041134,128
oydd549141549,147
eqvp954916588,106
mhmz228148723,51
saaw889906910,63
lktn359760447,129
qbbk580781688,80
xelt829948159,25
mhbz555414204,34
sqqb901658196,238
bcds790764387,92
diqs691774103,82
xxkr657455447,96
uhac702948628,92
aoud416596595,257
wzru572022524,129
nkfi672692992,121
srkp953832984,14
cidk863738295,170
nhaa458696296,62
fqcn301068542,133
kjzu600155274,119
euwl825478174,67
xosh706106469,72
kejz837326969,80
yeup378282098,81
fbma606352143,195
dqsq341685771,106
phgu124090356,186
tvxp827060138,172
lnxh072984710,223
owar427305657,107
mjkc979720322,164
brui132526275,232
qgkx179385932,84
hnme763592295,147
amdi784107720,76
skut200519724,41
pwnz877650217,115
jojk627243413,190
rflb014500176,143
lxpu561980597,77
gctx603751824,144
crxa409733371,260
zglb772137072,114
xcrr146980550,91
axkc902808180,87
arcd936675448,133
zqky146893898,23
opjm350240016,168
lnxh342301248,202
znmf061526302,124
kusc907633783,129
sfff310102403,133
gnnc396178610,177
zwnj165780468,48
lres995335023,144
fmcr107780541,143
ruja752905712,41
ztjz314660086,120
lnkp508341350,173
pzmt067115944,51
avpu995977691,130
ntmd167074952,239
qami898021956,214
wbqe693279867,240
cvhh263062472,131
siqa686775130,143
nruc441005508,168
jmbe935930258,69
xuze212267512,202
tosj168716390,91
szoj092502999,141
swck952540635,77
ifnc841782591,127
zytn364905408,150
tpkx439972256,133
wsge574634348,76
vxqo672525585,133
okat210392756,68
kqqs123662081,117
tryo151082878,117
vlxa224099679,56
qawc459840596,220
hksm938280530,139
huhh156534184,93
snxy244041309,146
fmvt481007101,167
fhco849074483,233
utef684435368,94
tdbo732295643,139
cgdg826793637,120
pgza727477833,112
jvep307469241,143
dkmg215276964,130
dney294467348,11
skhi619671820,67
hopq405287572,93
qzwd385548303,77
unuh402092860,207
mrht642148519,193
gqhc943484651,68
agti190085302,173
lxow198069271,145
jlzd083951060,99
qspr733301129,117
viwh401876048,83
ywxu175868758,252
naez302708760,112
vyrj685478619,139
lrlu993537865,53
bnjk927452576,75
slwa794812975,141
mrfx327149971,170
rdje701850517,78
fdnm813485002,20
ainp581944496,132
ahqv748488963,202
iavn886560575,87
eamu312495561,194
mxlx404208183,110
ljkz379278475,146
srmc538374117,127
ncug215724477,210
bsgk550836067,158
cygt139126482,147
vtnp500096623,100
foqs598938898,54
xjmj396360677,80
kxbv905624653,143
lsjj063976191,122
nxzl356709522,88
hgof217176577,131
poet031034541,94
ljyi047624954,65
ldry382283628,103
opyk637975535,85
xzoy224793879,201
qjmr785875218,88
iita247857923,142
gmfc274631296,52
gusm722780325,111
inpy419817709,105
epjg135577600,132
zuyr157582299,99
musq338278962,70
fype549760858,143
jauj359667358,161
yjtq236034820,170
clko101555229,183
nhsx823263997,200
mlsb543254979,74
seyl241531077,139
elfo882158399,92
fxfv391970517,126
nmno370160049,168
neva648261923,213
tuef220502967,92
kbhs271288632,212
dzcq704159502,225
uvoz092789365,52
ccmm722778127,100
pwoe874473245,144
sijl520872645,98
pyun081105717,53
izap792618435,169
pxww747825900,172
ohqd653452117,153
sdyl050084098,127
sonn543167516,71
gbec353984645,168
wyii611599708,46
qshm188834254,23
usuj470941554,247
qund130081210,141
kpqa765057584,75
dehv698591375,50
srll732008147,16
ifla451143874,137
fztk457522329,122
emss827154505,231
naop265491090,75
pvva899278089,133
fyri195853276,154
jchs790571525,125
bbzk550153484,86
orwg100517207,124
eyhu072727549,57
lthl467689000,146
tfon690868491,103
srjn250979613,138
kgdh642739200,103
djal252322440,171
hout451755035,55
rfda396757286,112
whoq767431747,200
logi733129150,67
pkdd787137610,196
cibs720569968,157
jfjf123421331,57
gihj938971277,106
mrme204299399,116
gbdn892238030,83
yjpg780117448,75
xxrr519011142,92
rhsy290685276,149
lpsh436732474,83
mgiv487660836,88
slih634493899,102
qcga537653671,140
ozpa102267289,83
uflr059484566,91
ifiw240868879,132
ktpq829641622,102
rxkb717629901,88
pezd312626388,133
jslb810764294,59
ntuh050174926,107
fpxf274224770,109
fwht988058126,193
uzvn715468572,90
ousb639205476,169
odre730617240,177
ndyk350037001,210
husi399252838,157
gsoo651200687,91
xbjp021830321,98
dnth160045297,103
krkw129013695,173
vnis489130192,72
mvgp082110802,195
txhg158405097,93
ghcb260394937,163
azok585237222,200
fhoi010937295,81
smik166597866,97
gazs480692458,52
zmvz135999193,145
oglt905630077,130
vvlg946731598,199
eyxi395687695,268
ymuz089689498,109
wzzp713491747,157
rqjf152597320,182
vybh484605933,105
jvhn031418828,214
wfuo098180072,173
nkaw532849838,93
oygb144787773,108
quve930218137,145
bggg041140089,90
vazf600279595,198
hugg692816125,225
uomc594844646,95
xvsd356104456,88
fjdy793240851,137
wiqx791164242,146
gepe603687737,47
bfus151212068,205
nmjr970783828,52
rsep900540940,73
dvpf691340670,147
ulib046477763,189
cxof937183656,178
dwin542462016,96
hjji076807947,116
rtrz893464429,82
blyo291549042,20
qbkv171795471,148
sftz979917084,176
zfni360337335,122
viws097967692,138
oprl982771052,107
tgno219284003,123
dgog788214866,100
kzof899708427,124
qwfc848108730,152
zdnm753786323,146
cwcg892882865,108
vrje433056046,105
yauv516580774,117
kukm970818813,148
bmmx806052377,77
izpu874202097,144
ptba941849797,145
mhdr874836372,102
nzzc856460740,152
aoyk047569757,125
uwrb839058165,80
himx737573318,86
edrq113252042,109
fnzo388223124,120
pnpv535033787,165
girz511071350,167
zdxg625653390,147
nunp815085555,203
ofdr374812856,69
vqfx645319158,77
hgci378097804,73
btmu499443218,130
slfg883169079,206
qygw404158552,131
rhug548824837,136
tuik355377417,142
cgnm418007294,71
vkdu241668887,135
alut074679020,188
osfh725677837,265
vfzh612708949,128
ycmb737380816,78
lcrm858021459,23
zzyv605341434,92
unlm496740962,159
ojko748779636,237
yulu742014391,218
fguo496094458,30
qftc158553765,42
fcfz677158246,113
sigz164691080,127
femt689129169,58
kgdt098062077,184
nzdo851210201,112
vzur300896612,137
byob965229336,197
nzev309157825,107
hlny101040240,93
gnac802411651,140
kylh060275224,166
bzdb862203427,189
ojez261730346,102
olcr332145993,45
hqde768320655,123
lsig294538779,37
yskd781225564,152
scqk957694861,120
uryp177520983,18
xrhk439788365,147
jwzq154990460,162
xawn018921919,57
kgbh259540793,104
wiag664455746,197
ksmp505593372,137
cpbi170039661,100
mjgh386450500,111
ddmq255947224,127
tkpr783061598,19
qxdg785997049,105
ctgq909862846,119
cqvp111761587,132
vjuc774267960,64
stga549205068,140
mgqp194972100,208
bssr078686964,106
okhf531436657,92
bcyy409687768,239
dder106667700,82
jnzk462565039,187
hitp208372764,172
kyne521691834,211
jtxq729565929,163
sfvj641294543,165
nvon259744432,115
mpvc181463725,89
wjjp831037772,132
wqbw449661993,67
ooms267804378,63
ffan319943827,78
abag101993183,136
ckpg982421865,65
xqpd371702467,247
wbzm281038287,103
vrcu071183936,17
rzes462567214,86
ctda286492402,106
hjcw231909597,164
zlhn939671969,147
aixt300271060,113
knhz551226137,199
dygc684834517,58
swmd638393057,70
mscc671503197,82
uwxz373582695,138
rfon610443724,140
jpea795711734,12
bdza864919754,177
urxc613023249,41
rjtt660866944,198
dmxf338089749,218
nify702215817,156
ihgp428469479,147
iunz109770081,30
hhad166137937,102
jizu879871742,61
ydgp677444320,156
drky892935829,14
tqfw848017486,171
hpay488595785,182
pmjf338040174,217
knqz909329091,76
grwl266830589,109
smxt241464161,258
rfaf524903254,78
wgvj666852181,142
vjqa915396898,143
oqpm846294105,157
cwua091960868,199
zwpq244921628,182
vgzc287560950,83
zvbk749276672,63
ygbi525536633,85
makj689075232,91
ehkf169115400,175
swxn590763151,162
iyxa172211272,147
sjqg168621558,132
czks472153723,132
piwg371538488,45
rydd588083997,45
wzjc686690680,100
vzmy701324579,18
xjjr062343601,98
kibe354581531,1
gyhb504444727,20
oafa386555119,67
xhgb231231022,139
girq747082111,67
dykz447298386,38
tpsg026195246,139
kmqa590774340,87
xkxs613613783,190
lasg907081524,139
oijs513691807,68
rpnn636519523,87
dcym291955319,86
ipbm482295267,107
xtud599116628,142
jvcm419658545,23
xkpu198161757,148
srry516514382,133
eyzn486787164,106
ecsy175401221,221
bflj928241023,82
zmjk074174781,129
uwny643791160,80
zyem015636207,98
dlpk618519393,1
crbl760368330,158
npcy295476681,223
dswy284545061,108
pqxm015338243,237
jqel945847365,160
fwih824664620,123
pgpa055226569,110
xchf483028174,49
iizd457484007,108
flou359663142,131
daid635188058,27
iqhr496461089,181
vxct548870884,119
ffrc292668767,118
iqtc676616408,133
klau939966935,242
ehbc113344420,199
epsc717722215,113
mhsq897103318,59
istq143958838,132
yzbc054961020,227
uykf434073032,126
myzb711818192,97
tulc618015663,26
uaxk779523754,113
yrld509128472,14
vrkk133915251,82
wgsb805159652,87
nmfo645560660,168
aqdn920288196,229
xagw749976349,107
dqnx452027001,84
jxap567586662,212
khak536838527,257
dexw085650532,132
uckr474423942,141
wvwg640372239,156
peas200314683,151
znjf788588059,105
hulk658031835,158
hgtw787553099,148
rqvb737089548,102
rwgx099788748,63
biaa942667706,167
iqxb459300228,258
xgxc298599174,62
ghpz926260626,131
yrua651693180,117
gqpu892573545,178
odhg901040288,128
odrs801746249,82
jvfk782417715,157
yrtd794528033,106
tpvo865276177,137
umhi353353967,133
ezzh730078300,75
cujo940406042,146
ootb803150222,154
obkw948138103,221
olyk107348099,93
bsof964526117,213
yjfb824990368,149
wrpn999034929,125
ohro874102602,72
bopp865215985,199
ggqq401687520,50
hotg543665610,173
mjyx391097761,72
fsar177763240,137
xplk933142209,153
ycvs703785377,111
tcoc689144201,104
crpa368455296,32
lxho168836131,190
ocyz955264850,235
jyeh264234357,91
keuq806931553,161
onlb472941022,98
mulw617454939,143
haqb950873997,162
zqzg861952479,128
oszo297730746,192
njip139855575,54
jttw371958217,75
xwmx851096361,107
axfs640206594,136
pnma705926196,125
vida864539736,156
rxyl019360250,24
ovke193103909,137
ivaq190043191,144
kyqq756130679,144
vwwf024889331,165
wrei179061293,28
numv673336300,87
xlfo973156460,80
qbrw268309802,235
allw348977901,107
beyl238780415,110
fwfo880014106,108
mraa072283434,62
yrzm362155171,169
wlkj813871081,23
bxzf622074336,196
bcaa986108557,80
hpks768807207,139
bkkd728166079,219
ielq460303945,95
ybew558655547,78
biqj730743226,98
vdwo670503137,122
pyyo734336041,69
eevd425850663,193
mwaz895847440,110
cgkm868740975,14
troq100232131,69
scyy645840493,50
xxzr152858691,87
fegy864725415,76
ihqo611279975,72
ajly639521161,107
ekfi706034980,97
bnea199045730,209
zitt686675728,81
apny635898696,152
gswx941770537,123
ftey004625656,79
sknz389418906,175
zqfz310740690,247
xurk149660253,109
qrwh765252713,88
rvfh130406079,232
mawl247489435,187
cmnd054777386,96
tfdo747589794,104
jsvy987073537,88
lnxg646982459,112
iskv843494757,143
iwwx026643925,106
prto354161925,181
qbou097541113,129
eeuq537519633,142
fniv671742951,21
vbpt893931186,82
kehe588162134,102
umcu630553097,134
hyqx169546837,19
hrxi753372028,100
jret081904808,210
odjb580553003,146
oviv396304211,113
xtnu154419698,136
ezma487384385,94
gxus591067478,166
dzco438503971,130
cfle776021593,88
jiin052113678,132
tjuq847918221,67
dzgj027176637,231
lacc253841699,78
pfih382197287,117
dvte618842821,142
ieql506191802,136
osfa855581451,169
tkgt642603506,108
ercb535171903,75
rkze291507396,110
fvkr956405564,42
vqcs549403899,153
jcej199184142,87
gnin851398466,147
djjd707034769,97
yskg969276242,92
zeid555219741,222
zxbu351870047,223
cohm075909245,75
vyjp894270881,212
hhle482773207,94
rudn858611694,162
vmwd132457702,32
dkts391027195,216
trgm375153192,145
ojqr495981104,170
qqzu501769937,195
zsdk636170915,193
guks758843690,117
zkxn692517001,67
opog653364086,208
pvqr307153371,171
fonx481678620,61
hlzx570195384,57
joui718345822,207
gswu967292111,95
ambj529289727,72
dxve122509662,88
hush343800195,108
hiiz116723250,93
upzd711064689,133
lzci298390754,98
akkq452185728,160
utkt786396843,269
teho321390281,69
bhoh213052480,142
bmar468131070,196
gmce317814871,190
twtd178220128,26
ztck157490972,93
uotc257041023,177
nyio345250321,146
kjdg904846181,160
jwmw506916573,127
tmxe091135652,86
xyqr790093216,57
xkhv636672413,76
gmur137103031,140
yuvs157845867,188
pzoi139974593,193
gttm202153210,133
wmbe018282927,155
wphm777896299,101
joiy741466726,179
wgmm894307807,168
xxou039906386,91
ehyf560419084,112
htkc823443859,223
vykb100691453,65
cbvx630972281,216
yyzn604695229,77
jcya577085173,242
fjoq887022077,52
emyi885871735,147
wnur703115005,52
dxpj462807430,140
nmob394883503,218
awat202956443,65
onmo142563173,19
agbi386286161,90
alcj852114264,127
mydu067919689,145
niiq568162296,116
eyoo081662637,59
baed240949547,132
spel831969044,170
niwr711970204,115
pmaj335983490,218
jfng194001520,167
mjaz926627856,102
kxar836629671,186
cajd857367644,69
nzfm138105741,93
slnf455894110,17
fvtx569193218,172
oqsw156374864,111
yjaw924285648,60
hzqw303907071,127
jmtk190659616,88
cxgu477884916,136
ahwq236171477,232
nkmh401507176,168
kxhj902677982,58
lndw633244119,169
ekzk998775496,134
mwup383038858,13
xbls925012416,100
vawn561335644,75
bpdl504620384,58
wllq866872492,14
uuxc586273907,103
lltg463152963,192
bqat349165791,167
ovur062793557,60
ydlv048202359,109
zczt590762208,146
rzcg500790118,105
heby314739422,44
gchm029072514,203
bwjc211478638,109
brmw743242612,124
udcy229897719,117
bptp024347489,186
pone043475337,137
zldi419151823,84
sgrb334001329,100
vekw451438557,101
dfmo094761778,217
iplk589147357,137
hkgm039807685,126
lhnr583403545,80
kuwt263449306,88
wljj385019790,167
vcpm457547372,132
irkg107797229,93
bavv784219152,103
uxyi228519279,82
ijkd512168615,54
wkca098894126,64
hbnd683899130,117
bbsl819133738,25
adye908869447,212
ncnh379171435,146
jris330244499,113
fuiz691674254,120
uldz465790145,213
vawo997428065,145
yyxr351662279,118
pbtg358557299,128
hfgh987665188,82
nqqt513099434,147
swmx527376675,122
ntbg400160788,87
rfcp303107072,132
gymu261691058,123
lera973776675,68
reip682334156,114
kmgk770547026,13
fzht623687901,91
lvnz338217830,122
dqeh764048637,179
abpb004421475,162
iphp779486110,130
nnyv077543123,93
gkdq162029981,117
jkyt103140411,109
juvb675989257,109
dnuv780591814,132
tgnq173379214,158
ljyb062111598,180
bqnw387901046,107
muxz402773431,64
tykq924050319,138
kyik497073048,53
nucw545049144,139
exgk291444657,153
pwpm315153322,182
hihx082797201,72
xbrp165336435,184
erxj102353157,102
tqdh288730129,168
kwna291075452,83
jwjy396066912,103
njpq071240970,157
rtvs610101265,124
ovpc445221982,132
jfht209715063,77
lkkc702872966,210
nmsf963169159,177
yjlx290776113,118
rkdw008194198,148
awfa854473672,80
rkyd483602818,125
scza242448681,133
ndai404068738,180
obmo992190796,180
cesv603581610,21
lepd016915534,58
strr109664315,68
zsih656386271,154
uuxy768761155,127
gduo310889931,102
akqm598709056,237
zkar368114179,118
dvev194863378,145
ztjs402159345,45
hyde298561664,152
rtih683950456,182
htps161003573,212
hgfn133400888,231
wayo233505163,142
jwtx983659599,112
xemd379703361,10
ieye901087017,28
ncye975958379,52
wgbg006026140,200
kyin052778264,171
vike699413409,127
iiis797402022,97
cjuy988856771,95
zovj982117365,91
cvbx954177306,103
ucri943615412,134
nbto621476639,237
lpfw188450757,98
etnz313564954,121
yroi072162860,213
qfmh543644477,233
iplb813733413,76
bwaj211979422,96
gami523943116,102
popo793509873,175
xfln149711130,83
xopw117701985,215
dyxa592648187,197
hubj658898719,148
ftdl189192501,115
itlt768940247,177
dnee360174489,103
hnlh154556995,92
rzdr811302688,198
rslt501468415,38
sebe877924745,107
xdwu183822261,191
qofe695126123,69
ttyy295085571,157
ungf630866458,138
szsc380395374,89
nghz621929223,152
tdse473458357,86
pzgk740015741,140
uyzp198306521,58
nicj888969177,99
utxe719436676,192
qeag993279956,102
bibt856061700,153
axxp542316647,173
hwhx780005099,219
pskt465639504,193
fgby034725633,118
trje261504144,140
hscv080939319,138
fniz946489856,186
yadt507767706,141
wirw377585328,67
chab752490378,22
wkzq844339201,122
zdss158425941,98
vlnf260681938,35
asov275865744,118
rtwo947826921,119
rdsb974886906,73
dmui755861838,26
bhpc432723688,87
gbgd149471314,1
egsz866665449,118
udpa388476144,191
ndpa048010870,81
hrys365530389,93
mgmh511282843,14
mwaa165112741,136
uriv846036885,232
rtak525851971,157
yhvb097490284,95
vvsw396373075,103
qbns207817179,137
cbsc334189134,200
nwrm607359656,79
svmn532029047,258
wfsc744338520,105
poll418644230,92
ybwq539101599,110
odzy793159433,159
eeog266609102,76
epmc393218205,170
ykvc122634366,137
cmjh036184405,56
llxw013880133,97
yndq086855558,129
gdcp845302028,183
oydp556399885,123
uiom708607962,165
afxr654165959,56
enct443127898,153
zvmm350614161,130
fjik490282369,187
qikc597880954,84
yvjd403516726,127
xkxy191163436,130
whxo559320723,127
dobc683549479,97
ovwu484880989,133
sufq729337784,135
fpxd834592107,259
yeed822092994,102
qucy873278272,113
gnug055122664,187
fxnc022846659,60
sqed008854277,84
dqgk813701233,110
roxw819956945,201
xwrq100658720,85
xboc593160938,82
vnkv718050125,163
pbgv814331619,64
xbdh413732732,15
swyj598788105,143
emit897395316,197
tirr711185745,207
etdv958058260,183
cykh639643984,95
kttm255461598,24
oiov614273367,98
aaar186826409,145
igjl745387196,125
vlbb581969556,130
wpxz561061881,233
bqww853284174,77
tkdj738781227,138
yblj619823704,78
gxog417480858,51
btej339385270,82
xrnt759784411,163
eytn854350498,132
zhkx889145572,129
akhv484625139,119
nwtz186988126,161
rkbm214318936,165
rubj667900130,212
dhyx045043322,169
asjt509412881,129
enbl257922380,130
nteq292608511,115
lwfw856375778,238
ygvk060926369,152
ccyy932874683,127
dadm278853744,96
hmqj523767031,190
xmcr861770536,57
xbhk267882161,139
ttgu474124447,73
ysrg175103933,30
zyuc818442858,192
kzkk350951472,63
qluw794893028,153
ooae819196746,19
qidc544286553,230
wbei185667988,22
vvff344301698,205
vswl419226737,83
slyz791280743,184
cput073811462,178
ixqm987434978,135
qxru690044316,65
mmvr196138423,195
fuep616370946,96
eabb594620872,217
uztz396895907,74
okbu571630069,102
mafj340632734,122
bxlx357307205,142
bfsm933370891,168
jqbr489224805,198
kstq408165510,20
kffn452878375,179
acio136011111,77
albc037059992,122
brmz886758520,121
spyy182701054,74
ewqs119222763,102
wlrg861095563,236
pwsj650333449,84
kgib964541591,162
icme041069390,132
lylc007532804,119
nudf329926023,108
wjfc797813971,41
ccyk057377493,48
djej798947985,68
qkyr634211829,99
tkzi325255107,72
glob617571386,250
xcki242109339,154
recy898066205,126
wise706621404,98
zfau265901867,153
rbvx845551718,142
yuuq239852149,81
rsle375148092,115
mtei810824141,83
ulvy328079988,82
vgnm133176512,40
mtfb433743652,107
sjmw502538689,123
abhn849276732,110
nssy357091754,85
aaeg065438532,147
rote050422860,45
ggwn746136771,202
bncn406079521,16
weog142589910,41
gdsz723251437,51
sqoc705360722,190
rqei067656620,123
ambn359053223,217
ahit836415458,124
khpr683229248,60
zwzu684953518,123
nzoh249296443,101
gcnp223543041,77
ofcf634049370,109
jmal533051066,219
otjt696720844,120
suol941013788,84
ftgd312015688,102
dokx124709992,94
iwvg972199070,72
plhb641158980,143
bktp307380955,168
soij909137051,25
vgus986706812,23
tosk964756922,113
diqc718480641,74
qtpp950758638,79
lxyo950413698,75
wjhj249075266,142
lcch498651372,155
bjvr474995738,78
soig880480668,112
kdah302825681,87
lwti203581088,195
hwey672442738,92
ftly879860870,67
ikhp481406398,112
ztcf455076861,4
divu129425449,100
ncag092470560,19
sqql365568576,23
ulox451484008,162
tnxf736697547,168
zgyv676737304,82
mqme146299498,137
hlgt476992590,97
vwte961862164,102
ymnv569224296,80
tojk431041698,62
kwcu555568963,141
fgmc608960807,131
svgc567682033,138
ozzx421096368,83
zzma000435001,192
hlbh960322600,168
bwud357751707,112
wokg954821209,208
yihm959939304,162
vcjg688032269,87
oacq336142136,101
rcqa118177793,107
ovri440071810,73
sjzg393929914,243
evve072112930,162
wbls625746998,109
qqzo076512302,133
vktu585880459,167
dvcm054688600,177
giie842948304,131
unts086574624,107
wioc724822410,127
yjfz671672847,106
gqgx934045235,91
ugmv655490607,87
mvpv846181290,134
ghno830966674,93
jsji950571605,74
efln835569554,70
ccjx050866850,214
oyjt256907942,198
enhs770665362,29
vfou016504941,200
eouy735267144,148
vfyf617823778,195
zbim582728557,79
getn499380246,169
rjtg322307609,62
csda123292888,69
pndj364514926,127
arqt414390190,128
knmh073899465,104
awgg963667025,74
hfdw038483308,81
nmwc193411902,92
hgrl966731732,88
dzrn186334546,177
ahdk391315268,123
axuy522750594,112
teeo756010275,228
gwtt349716232,143
ihfk364920198,82
tkhp157166222,105
gcve487352614,103
ztnn635462900,137
ayud463866076,195
uycs358908227,150
svcj412464255,138
mqgj544346013,213
zbtn186274218,162
bmgh326738062,93
nycg141300059,195
smtg643025600,102
jwst293289225,47
bmfz721264502,98
racf207788632,52
urzx674368807,12
cpab882919500,98
iepk123192489,147
ytam203981142,144
abhz764010896,106
nyba712599799,113
tfrl735590852,117
dmmu160323832,133
glwf090196392,205
rbqg093258668,100
jjte827449950,26
hzcb848324847,63
xmis026809704,78
qbvq129066074,128
wdqt666688749,170
pdez494414716,104
mhvn454536437,144
dave999775115,153
rjgg624916562,72
bkju575326390,98
nodf901638947,14
wnsf847064466,101
swxb232358970,90
gmfm318610248,121
wgdm794380305,97
nukz723357022,77
pfsd705637040,125
ajbw417406352,92
hqrp940816026,152
etjn872428074,208
hqcl150096281,248
pwbt935746902,230
ithd643165358,72
qzsd041199385,88
nnes889166821,112
mmdw543376804,155
pfhs751888034,133
etgr452711572,20
tjis314532682,82
mxyt571630801,74
njiz779807265,70
iheb139074214,62
jsst881886913,131
yxoo723880064,151
kwfx340455405,220
ivvw840460244,128
kssx413271035,84
ojyo400296142,153
eqvi635970082,123
wmel839051256,149
svpg377101135,243
rpyz511209145,133
bkqk475251022,156
zgpn342197890,245
qkvv890997974,116
wvcm279471214,49
qife051548534,117
qzln781337780,15
hgiy316857029,225
xtdr450487523,53
ouzz854253812,163
nyke472294770,41
gouq063532084,41
phin254788927,152
ihlf313361923,105
bvyr514372087,224
zrmj839209536,51
bjgt891342556,212
wcys730469339,115
btts472445860,160
txlc923560245,152
zeqf163189155,85
jeam923038209,119
utcz193477347,121
vyzf219858535,130
hspy534175031,80
szsb878225244,88
acod701417642,204
bcdd219935824,122
gdvs102269807,141
jrws500229852,146
yyjh409262956,97
pgju040063548,80
dgzx425772731,172
dzdn114711912,207
kyng023061002,88
ghpm290892536,56
sfxc361408054,99
lglc613363329,144
ebxo362188811,212
endh801897651,32
dfug832938274,162
cthj694972327,118
wvtd846478088,57
veqb351332183,83
tign385144036,121
alfe511289696,126
ybtw227350168,182
znos623198844,70
igel108293243,152
wtuu289255560,206
yimr564525063,188
svsl074801417,98
fgwr334578948,142
fdgt261968714,135
amin445338674,243
eezp201050645,63
reyk957479429,75
csla812580390,223
szot533368872,92
riol403731303,70
fgqa031348247,173
kxyu455553770,198
pqvw275683657,58
muwp324122439,217
mvxx714455255,82
jwha319767597,98
bnqj236865116,219
lwsx871872022,126
samc250743283,172
vszu717398881,133
uevq915453836,63
opjb732676753,111
iwtq847588301,217
pxyo847645428,157
stnl160521596,162
xwzv576068926,85
vjwl122171061,146
qviy781905606,213
ndib134852692,133
lbfz972744607,203
kglx420062658,150
yuqa726207602,160
fdvc268271374,93
hjoz864203235,164
dugu839287945,170
odgx929333367,115
wewm879462191,198
zofs735845441,85
bigy846968267,95
ddlu399779886,155
fiaz228476807,77
tulb313955683,147
zwim821029081,182
hqad214315163,132
vwhx233696526,100
banw315665496,92
ytvh430180878,142
kqnq296510915,192
veeq702166066,60
iqgs372674376,143
yerw953410661,136
rswq259433093,168
xiqd855002053,83
ogyg862802151,126
ilvw302357195,112
pkza993278358,123
hfdt800039154,179
tqko773958730,165
wtqn283692867,167
xoyx364441021,69
zxat605358073,152
khrg423546589,152
wqoj099240349,132
xzxg393389225,129
mefd460168474,253
lbcz978247211,66
unvp996761702,147
kjsa227186104,114
blqb892874291,233
htph929400082,102
cbwd678415702,90
lwxx814183951,51
bymv161218770,122
gohl580176070,109
dffo156656221,147
vxrd997264654,92
qivr620514627,153
zewr508736739,202
tkft990896212,138
dedg517334698,208
jkkn360515972,193
ltnw986191334,103
ympi964190931,188
smtw413886870,85
yezl301827411,111
osvc280657405,94
qkmg345685168,103
hbgl495047975,73
aisy199077211,73
llkb722190739,145
nyzh275430045,155
zgoq597940094,27
wxdi499647106,60
hdtk763766746,92
wqdz210324439,67
rgyc379794675,97
dgvk944021490,60
hvtv140180715,116
xojo788241309,147
pcld960028663,159
rpep818523524,164
wcwd006587687,128
wzmq653679150,79
rkkv375968176,156
trva057163370,141
yqpo048164982,133
dqne688239096,88
fait937200553,222
dxlm339811511,48
brra300822588,151
iecz301108404,154
dilk563309191,65
redo911561180,122
llwp084459483,77
kixj265772284,78
ucyb068226943,71
wrbo516705003,131
lieq026751315,132
omud055890916,111
hnwp008166462,122
zamc691712854,97
cbjh126828368,91
xlsl678927685,91
ysnk642770499,197
mghu458518391,147
rqmh077543239,70
pcgj743952639,151
axvj902294264,125
zplt003840773,150
jhhm242856188,76
ugvo901411788,182
ltft063025944,114
rxet502267863,148
ztas820376769,107
jqxp213806414,128
vhfa968943097,177
iwbd907762828,149
wvfo113516867,159
jszi542107019,131
sebc828291965,142
ptuq474614695,133
oefv204569170,129
yhvc782171248,246
oezc691423518,75
pjpm022650264,78
juhb215268654,172
aprz515302812,58
echu759839799,110
fofi590845848,142
xncr690665191,153
asml181482895,208
phgd222242021,119
exsj278313093,33
jsya482021231,124
kfbu411769314,147
qoaq546381841,218
fdea145076094,22
ijfa555991936,45
vqog412809480,112
vjgd258634662,126
lnzs265453548,138
kozm573647046,83
qtjd826452356,161
hoaq096899017,114
tqkh656130306,29
wrlz740171952,84
yaee441891843,178
ozgv715862923,58
ffyn291993603,170
qjdb917248575,118
avel210963774,106
lrna355286882,132
xswo843369055,58
lyud144189195,143
utff898848487,125
ttuc259496727,89
jlvb710213669,225
zldx683971743,150
cnaf868557929,171
qpou977747523,147
xswq023390446,128
ezax135984698,168
gzxy148478431,129
jjdf381870250,122
yvuw107225110,47
vmcm809932937,98
tojc975919725,185
plni839596951,169
gtpq519020645,135
tlne141624443,111
uwpx268565769,142
cdft634908380,105
gczp012897607,238
xtrw149858628,97
wssi122029866,141
hsef369716047,147
clyx266186778,37
flpc431413342,164
ydui963924397,122
dxff132931046,13
fott724797432,158
yeqn812631923,193
syrr714568981,128
cuul049631950,231
kugj561066709,178
hyic835135671,108
aoap932339530,23
lkbn467978059,112
guxm339026429,117
nnvq832038597,136
jpep098278515,17
qvzu753075883,98
kvfk997479684,33
bplr217488510,184
cugk141705680,72
mecb865038710,134
nkeu809686320,18
pojc051321698,75
hevt478154694,113
kgpi957157768,122
cnss476810564,65
dynv884537852,47
dooh760887494,92
fckf466654303,177
wccm338010412,193
fnet838701905,193
gsgb903934624,91
nwoh865626217,90
lblh847984146,157
ipkx521802002,123
fvhq616676175,105
ruav951598259,110
pvlo271535011,133
bbmh808611542,218
oeef430145129,149
hspt569966163,99
mfet746389670,182
lbhy260462569,123
ojum995005914,151
ajhk033697536,127
idhq018177972,218
bbbm348532924,107
fhwc949047696,192
tnyf416793274,83
nmuo639711265,83
kdtu443185693,126
eaki614993947,92
dqsa140666912,196
amlj029062413,203
gcxr380948257,186
jfbo995568033,162
ivqd570765498,134
ambo240257498,155
wszl455218371,53
aotu150000253,156
smdo599923164,50
pbfg994209123,113
nwnh715827686,132
agpm666042077,20
mscz779171559,145
ekfa156970768,49
xwxu788758076,60
kuho196080768,109
ksri840036856,30
mgba527724645,82
iaxu899011441,72
ijtb187507982,76
pomj159788871,119
nknb980856817,233
igqk072763007,103
dgcs675478349,146
wght735816924,141
rfck811628329,81
hmxm223249113,80
wfjh064058917,49
wppd877671082,27
nkrp855323207,97
pafx236884241,25
owgr741012315,78
itdn674564985,23
silk523482047,123
rzxb195250548,82
jbog437959351,153
sruf478104049,112
ksvk129894598,121
qgfq427184191,143
zela836324810,157
xlqp038582903,44
wlui921726392,63
ioyq694239095,121
xjid344425610,63
dxei705715047,120
hcid871315506,168
fnbd215864273,78
scnl477056125,67
izzg574993217,97
ycrl172027870,187
kdfy697210090,116
tcyu022943191,143
ylyv918387097,266
lsep425332059,151
ascu522126031,109
mtws257470914,143
wiqh842045696,177
gdpw932980942,113
qprk628359795,132
axht070857869,99
emuf112165700,202
xwme637321924,127
iuig453065666,189
meoa973475506,51
snnn751155369,187
qemm639031855,112
pqwv761738179,213
ltmh234919424,137
ihdf479550083,89
bzuw093913425,256
pphr471139050,207
jpus007477697,194
hogd667674823,103
gsns856484584,168
eset948130867,143
xyhl927200690,148
wwrs746963040,60
weft902514549,134
yghi547861082,227
gxwz643050695,58
oiaq228250174,108
yadn973508044,132
zneb058842542,140
kzcf413253653,53
drtg987134812,98
vhme962614077,241
bidu246502646,133
ehqp201803249,127
tmul569340698,163
yskv464898079,108
hqrb191385364,19
rspy261123737,77
ogxf318978500,87
vdgv154320125,82
yjrs415818766,140
wwsp951298362,68
pvjr494030645,221
qilm935025396,123
zomj787715565,148
wqft794438103,52
ldho444963251,128
fxio855391661,120
brkt568681345,116
nfcz932534214,53
gjdy537761372,103
vuzy974316180,113
hmgh374102816,145
wibh302522045,171
qamw923211045,52
aurq443492709,29
qayh812211211,120
yzbd542195496,131
nfoe182549038,30
kzew478521158,88
wqpt315356441,128
oioj687771604,80
yofr769856661,189
jcjg708039884,27
ptvm180603292,83
plan799331374,152
nclb213153167,207
fttv675901131,102
qjac177583615,132
odom223176139,103
xalo077292328,87
iozp640967333,146
fhxg549653067,48
hukl505808819,47
xnhk594921800,55
kewc244853122,142
bvgt561570128,126
nudx657001502,141
dkyp158936275,149
hxdo095850880,90
vgwa202053378,123
nbwt256663550,98
eumg288014286,209
kbnt002366681,115
jrmn160268981,213
lgzq200193109,185
jsjv742057360,76
iaas800899076,157
hxli561379288,238
yedh219977351,193
lhuj542500210,218
jgra852896886,120
cnse548004749,171
dnfd092735555,102
wwwj356500513,24
udvm468740019,80
iwkc367388591,138
wybw169236974,8
rapl505259824,133
zsve159972409,140
zzoi076918201,190
vnew674998783,169
rkrd371082740,122
dmci247054646,62
qoyh846857951,220
wfax099813425,72
hoie637896736,124
qgaz881211450,256
oxyj850993588,133
wplm767122470,54
zpdh518375085,47
jlxe266160720,80
lrab689170660,17
xvna773531185,165
wkwh652834065,160
duzx028521841,119
zpel458105095,205
mdjv416055512,135
agus014926056,73
rywx298189637,55
hlgm873941957,162
szzo875789468,122
bnks167698704,152
zqyk547936620,90
xxza583601423,82
srxq397437443,145
vszj561143168,149
bmsd204348750,127
gsef785568255,110
whof896894113,171
yswj518189254,136
kkvz921269438,147
peiu357697851,82
jqpa330848451,112
kwrd429761924,30
ozgf648550055,148
ytoy760924682,73
ukxa115983426,23
ejgb067074165,147
mftl525175702,121
xfey546964920,115
txix900039509,125
mdmn776508542,73
misy418299938,188
iedq320960318,138
rdqi292813893,78
wrtw551674954,151
isxz504896507,121
uacr522710101,62
vpto718217986,68
raqk551699202,117
xkkd346236625,140
iuyx073138222,92
atuo666806126,123
qapp483992837,57
kjhi649219863,13
vglz062744947,107
dnda208373461,87
ljau806577046,108
iqrk014499051,148
xosi223460746,87
eeyy439940929,222
dyuq180702953,64
lkhe486141274,128
tdph784221154,42
dbzi880038135,121
awuh035445778,78
wxue770839806,84
lxxr450027553,109
rktk036346540,188
brvt161116097,246
nzhd129260573,91
nseh749545598,134
matq833781512,142
bgqy886550524,63
tmcj527115231,123
kymn649021386,92
jfcm216706149,94
jizn171132081,100
cfrc771672477,117
ojjg848017531,192
jrcz579160845,137
vrok374688403,128
xrdu590714341,97
kcpv282444426,161
tfwz552400997,121
tkbx231146876,147
adkn223987198,148
iita716028644,107
jocq150760434,110
fkbj741104883,142
yaqr287488425,118
zdhb809051241,92
ldfn774724009,184
ntpk343563008,134
visq370423571,96
pbci029149300,165
hloj548264739,121
hkgf278844681,182
amos901451248,231
zblx590460956,54
dsod356354995,93
ktqn059159757,125
sbhc819566480,203
rkgu402985837,100
zqjh339024729,177
eapx808844899,234
pkji950116030,76
dhph938743764,142
jvsq864923776,189
eknx759511365,193
jhgf687698359,106
kuyx964803340,208
fcdx175486521,15
cqce394913634,88
ghjk351675552,78
qary892131021,109
ypfn986400512,110
dgei431464506,103
fskw087108038,120
tvei845149280,92
udmz907948442,78
jbxd941922123,147
nhuq574941961,77
yneg085408026,218
rkin092704201,148
xoye842199450,206
yekj383348160,142
bqui539179638,140
fdck598600477,152
hond480616677,67
bdjr069146231,25
xxri927258626,135
amil594802335,87
wstd331194993,178
kocz835534082,115
vgjs887206655,173
qqme671121770,105
nevu031115562,22
absh008992768,177
aivj481720149,140
icwk914143483,210
kusr313192187,122
rchb173000128,79
bbzc818380298,82
ikud376726052,20
lloi861462522,127
nrgk551806036,86
gnef476791332,197
oqck743427802,81
ytdw011435249,70
zwbq473669490,48
ttwp044849966,140
lgdw808967176,50
oayv351291996,112
pota205442736,80
jbic336845856,76
zdtx190975706,218
bije848137004,222
mlil887534925,60
muck610216761,123
bcaf412008508,25
keck811164746,110
jvjz961391384,130
tziu148991699,208
wpjx062037199,229
viji945740441,111
enal548084898,216
jzrc322619570,98
kfnz753305858,56
uikj247339273,98
vral555749162,121
jvab157341999,60
txgu207651043,125
jnpk931742450,118
oipp792379875,113
tqvd212137754,126
vzlh263086910,115
slda346891911,116
atya704948167,99
gsau344147678,112
lmyx169429109,109
zmbc283590765,75
yprl352014209,158
vhwm702408872,128
tlik064376762,10
vghr950346129,97
hrwi744108089,161
fgir598940065,127
jfaw333460435,143
ndab276052340,158
nysz550095502,125
llho991385369,138
bwgx291479652,100
aoyl026989295,104
yzgq586740984,131
txvi786431540,115
naph892360955,205
equr429424847,120
rcfu593160022,128
doli836168948,93
xzzc046608435,155
kkmb394221265,270
nrhz574192377,97
zsnm566569331,155
hbdk466518972,170
phzz753617309,153
fxsc283527979,78
zvhj617693231,120
pkno038658682,207
ywsy534897299,145
btqn735613506,75
sbgl518591732,157
ucbv330270144,30
zjxq571817821,137
wvmw304593074,124
qxek940035811,167
wyik883155214,42
iocb096106113,131
zvak120988454,95
zplo551749625,173
bbmd827186890,138
vsml483020291,154
jerl906257788,81
ddig498605682,83
cver557876001,167
rcxz105625905,146
rbze294941505,112
vyuw564914784,78
pejf398072094,70
kvit025053171,173
xrpp129024649,226
pbqd454662264,85
wdrq072378325,142
smri125719218,134
xjdf552869299,158
pydy387731009,108
oifn767149102,88
khax769240630,45
mcyx787541374,161
eqyi619108719,152
ynyv995424337,22
dldf977829877,101
lgqn068206320,211
mfqf794986501,31
mfds546135388,135
ypeg091513092,132
vsbw725405265,82
rmfa260351762,73
rppr316302788,95
ginf417973074,92
vutb571760473,102
bvza442862549,111
hwai695999755,107
hpic475447577,103
ozrx403100149,155
xgyf498618967,73
dkzb896706573,128
qtsz487743550,75
yikg640986601,164
iwep268392327,208
lvbj578908430,197
mtzn807016624,130
epuu917110013,152
fnzi441480976,87
kucr910229696,195
bptm660962927,52
twgg742578888,103
unwv187647076,111
khzs160943490,18
foby140890722,38
cdpi041523531,94
jcri522664264,84
ixws069248914,144
rabw815961826,166
qwdz235947750,83
gxcu604665901,158
jjdm730538809,183
aliy919880818,149
sotv908120082,93
ijul277077947,155
xlfx487052950,218
bzvl262868446,160
zepo313725796,90
ecyt075391629,85
jgxn251654532,127
scye924466334,90
ejky852102606,102
scit348264463,110
eoxx045628323,157
jkwd374362300,102
xfga594367383,131
rwzc304848482,188
hnuy621721306,140
jzsv863765914,97
emeh112706714,95
masx393783118,172
bsbw959787371,101
vabz088003264,110
mbcs841183638,75
pxyf056063862,87
mdem349581677,165
dnrl467296975,106
pcry525927714,49
eeow583157612,40
wbup491420586,236
hwbe743627252,195
njgv703695803,92
lkkm128059744,93
denw484566057,147
gfur512151154,153
gxow926787499,185
oxex205928689,122
ekpc345450834,221
dbvj660760497,75
sdps567673052,74
tqfh053589996,122
gvff488953242,113
dkpm054289837,76
rzrn338535852,97
rlzu463714641,188
dspx011200629,83
eisk843969253,135
ysrm874165689,107
bspt927595222,104
cjve818726578,85
dtqr666766407,125
wvjz889656409,271
iveb275049826,105
kqfs066794187,113
dnds572695731,124
txnu962539248,48
ucbm902904443,156
fdqw499783280,89
chuv296383520,80
idvq736877838,46
ybds941115193,80
uzzp997908498,140
rtqb223204423,167
uoek544940614,107
djpr233962672,96
yppi989133429,152
dcsq367801471,102
txma466659663,29
xeku605222434,143
tzvd213913253,92
fvou839603780,122
yaid007958738,225
erfc599139061,63
bhkt596355550,158
yisd422280928,120
dnss763882099,108
kpjg542632156,153
dohy871682545,27
joek523896685,52
blof354135967,98
dbdn723552105,130
ustw077285845,13
gogx483648416,67
ldhn236317754,59
agtm623490914,126
hbqk566136055,68
oxvp908693054,80
bzfq621071534,96
hnpt767468033,229
oovi184592542,138
bkhi764753324,32
zbyz105780146,75
brhu664927562,123
yuqz362653926,52
iwbf635597241,168
gmqk202200285,125
npmw978526905,91
dkvo956059988,58
fkuq127639501,25
jjha511202175,112
jpxm511935767,103
otor754905621,118
buke718055594,107
mjwu969810146,197
vzmu564140901,146
izwr377939899,148
lhsd122558638,131
aoth669047245,75
gnex359592779,91
hxsu479018195,187
zgqv026602868,145
vdhw039583977,82
omyb401735865,144
mtrt942548674,23
oicn735141864,143
psqv754419129,131
nnah664753385,121
otpk838851960,179
lxlo200704452,191
volc561258817,131
mdcx078984338,157
piga810045612,170
vtuw013246064,126
ezmi592686109,140
xjsh480777151,156
bdea767527971,28
olwq032540493,137
jvgi837015225,21
defd593447133,81
nvwy430162134,143
sgvm838596782,133
wida892710442,154
xkdg472911924,29
ecij135956894,197
jthg752415688,90
sbet873529575,149
iefh008009803,181
ynan417739460,189
hxrs192343203,219
lmil341457178,126
xriw349201477,163
jmnz097409135,139
gnpg962555245,138
eymm734854401,117
jgbn236291846,127
xhrv097747870,87
gwky530944402,158
woak403910632,135
ldpp502228337,163
kork050806206,91
npdq795701047,145
hroe078436861,73
jqyp217976875,119
wdxo016971805,157
ihll971514883,19
lriz232875002,58
bmsq605695312,128
lefa257974549,142
wshy818561882,108
tjyu649246152,119
mfxl901380131,105
titu938212963,88
gdpf820544393,147
mllr546630096,81
dtly125923486,70
xwys155163862,141
bfmo037855322,158
lxgr329409185,155
rkyg982527311,78
hflq465348601,172
uhmy849081656,228
qjnh750948361,98
oeha394363542,100
tccv857942078,120
hogt747474495,163
hbnk846959478,76
xngb058071948,132
bsgq259710892,245
tmyc869743973,245
kjmt906567445,168
fabw335570955,74
kmgb710020366,10
lveh733422941,163
sfqj417266147,202
wvtt635503016,87
gxcu741463614,197
iewo009409829,130
wzdp620416536,215
xwqx674457324,133
wgez171974899,110
qsnd853521465,89
vovm327402998,125
zual355267183,177
nyra844742346,148
aeim998413135,192
deto945328636,143
rvsf644883368,77
tovi094501917,73
elfe667088398,123
ajti286530272,1
prec794763888,156
yspp184057250,119
lwpm716447968,77
vota903394468,120
osgw839561350,183
inaq043975954,30
klja140394457,130
mzpk340784069,130
wwre943502647,131
vktv006191667,162
uytj394346648,138
yjap725090840,193
vodz198348744,17
rdoz589366092,137
isuq750042001,175
kwng569935899,104
loyq490913568,124
erkq298987703,121
xqwu026040370,122
aobj024142364,108
uwot575316188,122
ctow040227936,143
whhy194168813,73
jowy573562336,82
sgmb738735347,79
caqe553352779,162
wuyc124789250,170
nztn573932124,105
jkje874235834,78
lzux792298119,122
cbhp681971805,86
amhd803088489,72
vxjg312623808,220
ffnq515048081,12
ipml754512103,116
zvqf312367853,113
gesx622120321,162
ikdi505692449,142
lvle625386595,54
mpur773201498,142
neom404454162,137
usbr375904561,48
nhba223928428,22
rzmx717436027,183
ozga735969827,100
fqqi971682443,87
bxih641269899,174
axiq814821152,119
gtes651064019,215
urqx052248930,147
ppsl374265747,164
guju029702864,115
zhdl655136552,112
brqr482009138,184
pahp948601341,100
kxsr512913123,215
dupz224937502,52
mtuh893811574,110
qzsi774787214,159
pbhd518706011,96
wutf624130886,108
wlze421172704,68
vtvi377804775,163
poyq526857235,143
busl086645811,138
oxrx796407249,125
pffr415322570,128
kkqs956233595,143
zbxr948294619,109
xxoz357578461,153
anyi108829506,116
nfev084173538,102
dbgh330090811,98
mpxq308150217,147
qhdx219978183,149
dszd250438669,110
dhcs990244044,183
xyjd904997634,109
yxao328052567,105
addy020659955,113
lprz801453241,228
grcu232278681,55
otvv855855027,103
jnmm279957570,35
ulkp836285999,20
kbwp957213099,83
oqsq930105989,142
cmnc906071657,198
hiar146131807,243
avxm701144713,89
zdhc088874046,99
kcdp948835010,82
akhq405859130,243
qbly178944100,113
znar897483041,191
xgat084246194,51
lais559665009,131
qkbu578960384,150
mnmc254016841,38
bbcf239154360,148
wrug992353529,117
jeyq691725466,88
itrw068237618,75
ifei678197944,140
cnfj180123327,157
zucn407359196,47
lwtk059387686,149
ylkk284505464,133
emim419554094,103
dnbl632958730,78
hvrx853921937,219
xpcu451897680,246
mjer848584231,114
fxlt131315383,191
fctl034821381,77
dkqv788669743,82
lptg811070176,125
ieiv858952067,133
yonp254554719,225
rilr720419885,100
uwtp108413851,130
cdxn980557822,230
ddoo390029070,179
pgjj769536301,88
gkjt823404982,188
army390819187,72
zddr161999072,68
bqxv430654901,104
zfyn981518441,237
iftx794774789,60
cobs071975988,52
hdbm751968000,49
rxxx336263067,218
pszp814571202,213
vtzu744228822,75
blbp352805794,128
qcnn315827422,165
ybir124880294,103
yhsu156273611,82
iebv102275807,102
wbfs640479070,104
xbcn579375103,147
cjqa634925541,111
whsh610755766,23
wslo690575227,76
emss453898989,131
vmly337374373,10
cmno965678391,117
ipva999510914,107
yuuq713202254,191
yfml055527533,114
zdvr141036426,139
zymp783586480,77
ywye292906406,225
tjuw917409506,183
msjj272163211,127
zocx194177488,29
isma806232335,165
fukl540762181,193
tioy517966418,128
gndn184376575,184
xvlb337292251,84
jber539627741,39
brea277526655,75
qhic553654768,102
pery311779139,125
lmxx873980801,78
mxst435736749,243
rtbu071672894,172
zmex182236431,198
crwp128914242,175
ypuo623340305,59
aghh409974544,87
kjws472020804,103
vyzw347645536,128
mjfc194334064,127
noif878036638,117
xioo800192711,117
xndg288024137,98
rhzo888414413,137
tsrn190117860,50
vfpr687600544,93
pobt061668800,185
wdnz015109968,77
koux090985222,22
nzeg373214193,88
kgkb280001534,161
ismf966548560,183
mavr999953579,168
zyla098417883,159
ysdc393660184,75
fqnh177159316,198
vweo160599152,157
kzxa635829697,99
dass254803108,132
clfi455903271,91
ghlt903766542,30
midc747194608,90
oylz519426346,138
mxwo145795307,107
gsbj804737165,89
isqe575476555,182
iozd731263009,189
zetd461862936,130
odyu148857366,103
qxrv014699063,117
avfz646514830,132
mvxu253699133,72
qjrv466591968,161
jlup779086388,76
lpkh473392828,133
qzkq426970016,186
qcov918542054,147
gdpv615469028,90
gvnm320752697,160
jwin532655838,266
hdjc462658206,112
tdua786822933,19
acbl448286962,123
hqwb180874443,208
wrcy846779961,231
rpbq077142442,186
zchm860868496,131
lajm514800012,114
vkul752379922,57
slvt847438827,111
agof341511823,57
eskv795972976,48
ofbg038872494,153
gmig388280036,17
kljn920304913,114
cxjh715933711,59
jteu393193170,88
iiyx017133441,209
nqix372579403,183
jrlb920502604,158
otgo499293634,75
epzy074653770,82
twtm007411893,167
mciw613324614,35
jonn674334407,56
bley262705592,49
mpjo790065029,108
ojji847913463,164
yfkr625186837,208
ofvq726938612,230
xqxr202501992,63
cnqf480145962,208
hthl927785309,98
kdqo860550237,30
rsvj838125465,96
ided213826749,98
bbkd163699309,118
gjec644150783,86
gwom043142109,72
jyoo698993222,172
slam117158318,153
lkmo829168138,70
bvta135373818,113
fdfg204786188,246
wpic932690796,204
fqyk510772293,59
oclp061111761,97
plda946022445,30
vvqy493186787,242
erib285441982,99
fmur132118303,75
ylht840094572,84
mtwg452317857,166
tpuc537430981,93
zopp611880816,133
wmvv534830425,162
ycfm971982053,142
zhry317092930,142
gmge264364928,148
kzug806855959,94
qahe488264659,88
rjtk292902158,182
jprn746809430,70
pvot777397295,103
zlit039262114,122
kmpp292228590,160
yuty728565960,28
lxmv179114425,69
vcyh051283952,98
gpdp255349327,122
refs895776975,228
rawl848231902,180
pcbz455055316,50
unhc509165737,217
kzvd147311756,142
osuf065809881,164
tbpq358141181,88
prlq853667562,51
toin392175204,128
adwz598021012,132
hodo534541947,102
gzry957615327,108
uivn095414393,91
wtnp508202434,128
ampu963607395,167
onks352008048,144
euzj292499485,204
ogpe296574420,80
hfud254564740,212
fsld266482659,78
yszi166155625,52
ybwr566124497,165
wuzx755033128,124
rdnf152683704,138
whsg043129564,142
yoxv695492588,105
bkmb346947295,106
jxso332158085,28
fkvm304251183,19
vjbc386712626,93
uxfk368291427,134
mtmh469121078,92
bwti378928856,157
zftb823069252,146
uspt728532148,201
pzfs928729179,236
fcyx428571350,137
dyfc011933077,76
jlzr673127011,221
poec956442081,97
lgjv933808269,16
ighk767112765,239
xfzr854684041,78
wpcs946479254,176
jfrh899544670,110
etus966378891,105
xell449187285,193
cwqx368064658,109
tonb988064998,125
giyh373141090,75
ybdk245436783,81
tihm810873761,97
fjfx030728055,72
ztkl369945886,75
cndj780909529,169
fmkn735685262,77
sduu961562359,145
djay973259663,88
xcjc507755023,25
phdp449198241,171
mtar231135009,131
xjja147868808,91
doye064459584,119
mvcv957145049,138
fvxo869371113,107
btmn513874718,200
zyko520794689,119
oewu582093013,239
fwup508926435,72
zgca851132672,82
eikf740873481,127
atgt169722415,11
twyc427536484,118
cbfb101511169,152
vuhv550926183,117
tzyz234461524,132
lzpy872510714,140
jdsy814442412,139
ixws366851328,12
izra564136558,138
cwdw595117965,98
zwvm035136176,132
ibfu035068736,135
tfan831270730,132
bnje957057235,263
nqbz901022688,215
bbev467802695,69
epde411308640,94
iqvp190775621,86
sxuw387336921,103
qjzg265722750,88
ypbf720920071,143
xftp441284104,177
erdj681347210,85
gwse950791471,142
avor854327218,152
mguk506760719,170
dzbs475015013,97
dsyp783025079,213
dazj414562732,206
gtbg746578944,109
rfhw125138702,110
hnql825776921,141
golg462925818,133
tfri185560783,124
rgqk701569557,148
ohnj044158732,174
cthh647197932,103
xlgk675169558,117
kysj033080616,162
uind732049437,178
shxh869289614,93
ibba279334408,17
zqes279476848,108
rqiq700412139,175
lxoj779068422,92
ettp329376270,132
fjru464592475,175
hipi313636954,196
ukqp402670901,134
kfya351237510,146
mcct722528861,113
mtte661887578,153
bihl414526567,92
lysk910470354,147
zbfp242533899,116
cber001825569,171
vzwy285894491,77
gmin006611412,204
vlbr084430698,163
lqbp804583250,179
yacp325423829,257
rohk822724742,223
hgzr603916112,122
xned042259831,184
hvwf370286709,146
loye905283158,91
jwot620243539,162
ccvw103647858,111
spwq109869844,215
lwpb711611184,94
dtdh160255378,97
cwzu120310830,97
bptk330564739,172
nofw056478905,62
vayl269046098,162
ahjl953077202,73
bvoq843925900,138
wdgy613229417,76
ghdu309597431,99
jtkt693784606,143
rotg155500791,203
ewlu277587489,52
wnzp752916833,193
heea521810880,114
mxdz786450971,86
holw419584297,36
ujao787981722,192
lrym036787120,118
jcxj619094155,88
bujt807184269,57
lfha720708923,143
etxy653501423,125
vrdk428457832,233
efgy623866853,127
irwh703235561,197
abjl349556371,186
bgse289318069,128
bxju415187911,101
jdie508552804,137
lhue569757984,174
odni801342776,121
yphe724673733,123
upfu022471350,108
kxjj859788303,155
fxdx843421693,162
unpe259446303,73
buoe762261537,82
nubu363306199,187
cajg372675472,212
gazr897477086,136
kxzn968713807,101
nuno845310573,222
lgzp725142020,210
cdpk826938692,104
dcnw992194499,167
nctn974059205,64
yvji000253542,140
fuhy449246015,197
cnli877045943,88
szdv208151649,98
ochs458670119,176
wkbn723861224,188
bnyy550928268,168
xxoz677518965,111
qfdr668428086,31
anck390620864,183
sghc480339779,190
crfh600650720,69
czlq052909686,171
wwhq068137143,182
iegm398945382,116
dyau579098628,176
jywm408807267,75
untj819400315,138
stcg574049641,170
vucf696794855,113
fyza175734339,216
zqzu626757781,115
lddi637465588,148
akbr101537340,32
vgrt598982464,152
ugpr892813178,22
lmwx427803418,120
sgis793270965,27
tefr432148893,69
usgr631772321,142
dmtx442560692,143
wpto415446002,90
xxpq463675665,140
cugf560929711,125
boql004196666,27
wovv815807086,209
nbxp535055588,135
ualo225445866,132
keqz068697467,100
ynou659176841,137
idfo103081571,187
tobz466141744,76
whsu202934877,89
bxsa880839352,149
ssll425320780,158
rqka134760396,58
atpc842478353,132
dfxh263269454,92
sxag358217433,92
yahp472464779,117
odxm896159694,220
qylf682767347,136
ijrz209488802,78
mhiz744698123,132
xnfl630726968,55
gvtt069168827,158
npgv251734747,93
fekh939375457,199
vchm617166623,92
inbi942017799,131
kcbr120027862,139
htjo516526213,79
wexb507159436,83
kpvh131877489,167
omze284111917,237
kzcz070670253,164
oryp180624222,196
rfdh672827932,122
ebvq748205637,131
vmeq384313266,74
nkyg827138816,138
fmnm068913432,57
lztv118779516,132
utdw144088063,133
tljl900850971,86
gbyv349667763,78
wtde928383262,72
jzub336405119,207
rqul967529923,148
vjsg367471394,193
qjzw184742800,172
wddx655832923,194
vohp927167579,51
llox673359294,170
jgoq696528589,112
kmhh213547345,120
kxkb777672465,78
yeev679938947,106
fydr207500362,122
vozy529540156,133
hqvf403483482,57
ojwq679351489,62
jmfs372875091,237
bcui125521729,185
wuvf046996093,145
ldos093508432,67
luxa183212080,154
wgyz916058841,105
owdh384833194,55
aayl993964994,142
azvw595590752,134
iosl629345677,124
igzi204981603,111
prdj354117094,194
tdfr525121085,102
wwxe101580098,205
vsub848182893,143
jots326257291,140
oaxl210970266,161
afks005797625,133
vrof726688195,88
wasj588149261,116
bnwh475156832,96
slkz713723369,152
grim545709596,84
uxcz649688962,55
ohxz702752970,46
brfb643583975,147
hqlr134447370,127
hibk800094861,79
jxnk276003093,213
uhqf945595918,77
rfws776926612,151
amue294574060,120
rxay677107418,88
gtmo477925951,103
youo149378201,69
zoeo901639074,109
jkhu962510158,183
ywyj596164144,93
igim877379550,145
tbre656847555,101
ygve741740460,83
pepd994434406,143
gbcw440346305,212
amnw276866505,107
npht017702243,150
ijvo812981646,72
jqfg723753398,181
ceur412550960,13
hymt423777824,135
mnqa528259152,189
fhcu073783894,79
ulgp844188281,80
jgvd446955659,143
tchl176013719,100
vimo540839311,132
qpct117270488,91
iwgt396902146,155
tmkp358965863,77
ndeg870319715,154
uohc165886488,117
rzyb188034138,132
boww736932198,138
lkvz097517219,148
zdpm963284953,157
zumb665398375,139
hisz084646327,131
daqn669732719,189
lwil424559692,59
tgmz841314641,81
bpmw576852863,122
qakk255888929,17
gmvs351529097,202
ddyb216866988,175
czro097430066,35
ircj904220461,112
rzln233584353,64
fcxh920924104,78
xkqy685665018,213
guoh999225978,93
jmke740551238,95
bdhy846678543,140
djfq469993373,207
zqyj119276634,211
kjiw219862112,173
gugz754250178,222
jtjv265619026,107
sglv164250998,187
doya388547373,148
kvhe914755557,87
zfhg851909555,133
jrbt077448230,172
xjru225724078,50
fclr014522263,92
szbl247386064,221
qlga805238648,60
ctug055016407,82
mrnx047365164,155
khga897527216,167
ebyf610101176,101
mhtb842717564,207
umty976124978,115
whhh188156184,192
jlxv411481617,88
mzwf310164242,100
gket784756895,103
wler834990247,140
vwdk527009147,146
yjkv881343480,115
wwwj899879450,119
rpkf720197308,152
cbpz965551131,161
mtbi568178350,171
rltd044923844,131
exiw337302169,142
osjv233336521,105
kqld417994775,213
ifqv244820980,115
tdcp487735760,107
runt923070335,142
bxsl630926908,15
rtwv876475228,172
sdod087320019,47
ygsc633698502,67
hzwa922071977,123
cbof631657572,155
pfel111701939,113
dyqk725254721,82
cijd388877247,164
xlts622236215,63
vrkt336649040,122
myir335042553,159
hbjw203038365,110
dxnh102449215,200
guzt294416980,192
qnpa686430090,87
xlyt857588634,61
gugy550164364,137
usrz185491292,120
egnf728196249,121
siea729775620,188
qvpb069031019,138
kdoa869347563,50
wgyl529162796,147
mxwo886949526,213
wddp109140991,127
dycf793168476,100
axdk251270788,55
twzz395473228,53
czsl342128724,92
pkhe504618224,150
hgil278422008,175
yryd330413249,160
wphz132095197,146
sdos258090887,107
siba628789548,125
lrgm797043222,122
mmzu020666294,123
kbph849156598,188
cdfu904872791,49
myll661020366,210
zsbj695056320,127
lyiz996856258,198
vxrl360553089,46
pgxi991730739,35
szae947265487,128
vjmq479346772,121
mdhi601262846,186
ckzz574927871,139
tczd929119841,212
lzan286269692,105
akwk010335775,40
rywg870773271,201
lxua727643125,102
iyzl623916307,40
pwik464582022,137
zkhz953381597,243
lljr950250165,119
vljw641992462,128
xqfe050192364,135
nykg084206754,100
radu748736511,30
ffyh172715452,193
lbkf959274799,12
qrny571991704,67
ohoj772339139,49
ljll622640680,76
mral539269086,55
bgfm560522352,142
hkio796057644,99
znhh602976297,118
lsvh871074316,104
vgcq052456873,119
qhon269357066,35
xwcb825748423,78
lfxd073684808,171
wcld518313706,167
bzpc002851627,105
eyxh337446115,9
uppl446172097,143
gvkp874227022,102
uqcv144853782,198
dnws354737106,82
tbdc597824182,175
zmnj286228332,149
nszq529854521,130
unuf436665963,123
ldat397733493,159
zjkh738194860,107
zgpm324696676,213
ybwt125507382,141
kgvm209846163,82
uliu612005881,100
wlgu471581055,178
ccil988709005,77
ntme006036795,102
whzj297186377,35
forh009975881,122
nnam562968751,106
pcmm782053426,190
inmo743873866,77
eqow704211894,112
tolu830212818,112
fwct541144112,119
yhee423295125,87
fxxe806626584,95
firw080172472,67
riug366715492,88
gjdk033027589,118
esai326588712,72
uoke335640785,216
euhy338270576,101
uhve325908306,74
xwrf291944069,45
qhng638176894,88
jkbs077774170,107
ssyx658491365,17
psfo295855591,112
yfkc349683292,98
vwvt091390391,113
lvud650707328,81
zsmh587089238,97
nyhk065595668,61
neot827012811,130
icdr775677447,172
sdux561710808,88
mjxl890540317,122
xdwq172378191,138
rhle984341791,141
adlb519414388,218
cvos107666396,112
nfay700536914,92
pgqc861196146,223
sbez155959261,118
rpwb383743532,78
mvgp966409334,178
vktm891573516,88
uvgv676675675,151
tvkk524473110,165
hled744017835,106
dtie627495047,134
fqbe047515687,148
kgrz488916811,132
pqvv355385139,139
vyxl800435038,193
ttnu105032400,26
hola909746419,77
vavn063436855,148
ttji502533017,130
gchd784715978,178
njcz264225561,218
dayt299948803,132
kfoe082086175,80
sxdj251368827,116
asyo112287112,92
xlka858510151,203
rutw578405952,99
fjyk828096098,112
meao912572745,72
jzje457078090,17
fmtl724043753,166
upwa833591495,112
rrlu429291093,174
cknn516230297,178
fzrq608143680,112
eyod093637749,92
jzbv449521180,103
mnkk916787063,107
ybgu682597639,29
iwjo759125337,73
krvt395992443,57
xovc743012320,26
ijgs721114120,129
ntzf861802522,117
xeyf103080739,87
bcyl190550988,147
lmkl854577628,52
ctgn261928793,127
glem429107882,143
efme159018034,182
hwhs715711542,145
sutx467497075,41
wgjk991779558,93
eeuo055987174,166
ltdd523255048,113
trlg259554097,127
inzr996245210,96
bonc447926194,164
vutf410455931,169
rdtl423130758,76
zaya818515592,197
qkxe280846191,96
sjek671102435,137
rgnp003581387,99
jgxv956165082,143
yhsd552746035,98
pzpi987520034,105
vmiy964901610,181
kvxy601647854,133
sbvq650632967,15
fmzv647106064,147
ofut701536119,212
hafe106122737,141
xdtt600742485,78
cups753201283,135
hqsi488570446,191
yzlk875255561,248
hyqo910537563,245
qgcs297215851,180
hqjc724236399,57
jcdw793947736,36
bgfr520893430,118
ybqw210441739,145
jnhu342412878,48
dmie659017731,134
pbhh592303625,97
tweg947022136,230
djjx599087213,132
yhnp793836416,125
inyk655006170,142
qmqb401624062,85
yjnx540758059,137
myfy446707790,128
mmqk533111527,83
mvwk472835208,153
upwd946060519,184
evcs372707757,209
aiaf436783773,96
zajp701443238,55
oscu770590777,58
zfjk599286953,231
qgwk069289915,21
jugd599866213,24
qipz867619539,127
ptva858561632,101
aocr274774211,178
cxin032989801,158
xlin744300552,73
ulew805752950,268
hrcs174210642,148
krty401873815,106
dacr217955127,129
utcj139722222,163
jrqj031114356,132
yvvd410746122,154
cgpx822179708,64
vmay507697202,107
myam249713860,146
bsbm622176375,64
asob043013706,90
vxph348642992,100
gltu669090798,163
yznu772183494,108
umpd940891511,155
ntze943389808,102
uvye411983781,127
abzp470540122,113
tzlp937324001,176
vuer683737730,143
ttpu456840428,166
hwyl963932892,145
bmvl498484656,91
ijjk106031767,170
twmh172748966,163
vfsf371939850,107
koso689531804,113
eghu588202621,147
byak851771837,124
cyef531386990,147
eejf539274283,122
pabf886093699,65
ghlq632313037,237
wdsc356526763,165
xpdb955718986,172
whmv483866623,175
fjtu797545734,95
kxqk373824216,182
nklu489122769,96
xwyf357887480,136
vwop499509298,86
looy080641070,92
esju870177126,127
dytp463330952,70
dqip854353602,82
rqpu188859970,196
afnc878904159,117
jjux104314788,15
lqbj549801652,113
fwaw569443853,147
uzae862913381,149
iqdu241841681,97
zclw354049904,82
ofjg433699560,138
khci516076613,91
uqqe957003900,128
oocv130308901,125
olji419894680,184
muiy627306970,83
rqvb269816933,30
ycwu624023889,78
cllm705794706,106
qhka163034669,97
clha708727476,88
ivjs753812440,63
zzbs485662154,160
gvab650303541,134
qfbt206190168,122
nlsl993697678,183
rmnp870401698,173
pwvc627491306,77
fwil344134879,108
rsyt105703275,116
etve493212825,82
hrcl685000436,142
yhvm268605411,81
lqut639244868,167
faya310761060,85
pdgd994703682,163
pjnb406324009,145
dici677880856,90
xfiy694938115,132
odqr445990720,88
qakn983438169,205
hmun251420832,106
spri944583142,130
rfox840902204,77
tprz259873423,105
ifig993965994,127
ygkn654411475,107
pqud337436544,48
oxys939726743,139
ueqv478836019,122
roza088475340,144
flym932823876,152
ocbg273876193,66
vprf716852287,147
nnlb625487551,107
ofux558255985,115
qbjz588629446,80
txbe769883441,40
cvlr388663594,195
rqad149994815,112
eikf167366105,93
tprd154328495,168
lfkk237654224,21
hqos968810569,102
wynu690384124,162
iizd692865051,76
aqsp803911235,98
amso476120264,128
yrep440512791,82
truk468244285,106
nkhz231776325,114
svjh946824383,143
xgoe242209362,128
wbzo563039056,53
wvdr135529665,159
fdsk207735718,167
dvkb412219741,197
kncm134589801,237
qhqf217887016,145
afit677933080,166
whyj816625691,209
bltc327629675,152
mhns208239356,112
vakp532838781,143
irfd768724566,165
nsxn688573632,87
zfxi140512105,173
zwfq230889468,141
qewy495916241,146
dhhi169976132,107
viyg609231507,220
cvil572642305,102
znai352249265,139
mmny299643469,110
mkal429884620,173
smyt004818192,72
bckc082990685,72
pvcj122440792,73
mbub860529368,77
zlct917080877,45
ksva144609846,123
erog359075031,245
huuc636118813,181
owcs898032022,102
hyag472950907,177
dlcl036138711,157
efve136276321,110
eyeg789851038,78
miko562680706,68
eyle962037864,166
yniw470419056,55
dexm592224075,1
gqte701961790,132
bcev722749976,116
sahr292779964,107
dtwa791796945,218
zwur571725442,117
lxkb327464741,101
mkjs345831571,220
ggya279372120,52
ywys070292760,113
qkiz755874324,120
wtet089610863,112
hfvq977791187,149
nmuw532114441,168
ndvn123339395,155
mbjb993247671,76
evme353778691,53
znzo382838416,102
dtlf184619869,131
aawu240208924,110
ihbh151037869,195
opps266287715,202
jisi745930597,220
xrfp146324375,113
treh527849579,142
zxre556448590,134
vqam564877678,109
idct963731298,105
hnjn541410416,100
onxj184892428,112
nqbu436046445,73
eoti756747574,70
qacx346625691,127
zfjh122846766,191
mqdc715470490,49
utnh944454257,170
nexo091908067,113
asul664642383,61
ctnt519115828,109
oedi061760799,88
mzcy879502734,128
ccpc132020434,172
cocs919617354,175
ggox095564511,132
zbhm807698328,205
yfkb829299845,167
fvfe991482961,132
xwlp110759161,157
dtal995825574,127
tqoi266015887,222
njlc434306689,122
vslw355218388,151
jnte715050978,51
ugxx485085758,162
bpmz759916734,132
nepn741925320,152
rxhh765359943,113
xwvh287201225,173
jtnv665938504,74
ibrx211504338,119
hzmr028102266,213
ymor342440096,165
dkax430805629,125
agpd335516277,87
bjve764342886,105
zqbs653784058,162
uwev300321296,97
nmdt273559155,133
cssb058156584,231
ytko531903168,241
urbk393225335,145
zptt221627298,141
ngxm290011630,223
aahj033176282,148
puqe714322881,181
dasd172296217,102
mhmv509867634,74
xujw889258036,87
titn887024770,137
zqpp684328510,119
zlwt528053530,202
rwkq812185699,164
cirk131047865,181
ixjt345282473,117
rzxy084335857,28
imgc033219644,157
gjhr436850042,110
zbdy209366120,181
sxji778127883,163
jlvu413230234,145
pwne263396664,272
erel955229258,187
bbij645145248,60
mzel233624539,235
knff200235284,73
tsry873838342,150
sdlm433490394,163
iwdn765067152,94
dtiq418490519,212
zvhl326611220,92
ujey787810809,124
hran054964572,89
ecmp038815584,188
zzpt358036914,93
cucv596603334,85
kpxw688742277,126
ujpg783030370,129
dalw610601405,125
aosf554581058,125
hxkf479850647,153
yewe523356432,167
gdej914482757,127
eslr880407471,55
zvzg842057485,148
jhyn210085995,92
zabx168739590,141
lrqm042512335,139
ervj009048973,91
xehz202176644,113
wvet832060011,52
cmlo552485589,77
cdlu207146594,88
fgoe982899414,76
luup097745712,87
pofu279612768,113
olsu188173685,107
ybki431618090,77
oqav734536943,93
pdkt863093825,193
nfsw464926547,146
wfbv682712033,143
xtsy435588694,165
wjzd667543596,71
fdlz695420027,82
bnfz382072785,132
ibpt044085878,70
knht180510625,188
ungz379805219,108
ctms034297628,135
vuhp806255454,131
qmde920609881,109
woop146564790,114
xwws908380349,71
ovsn583857035,158
ytut170457363,74
jack652801492,108
rvxc498378275,130
iwkk258519348,127
auey205023233,136
vxjf769819030,203
cwdn466957467,156
abbl160066286,199
rwgp246207823,124
nkwf974980251,197
bslv004271867,220
cvsl239892336,158
nwof453224646,128
waug227838058,8
nmws990136063,138
pvsq947721657,137
syzw258778599,241
hzex833212423,73
vqyw405951076,105
tnne461130964,167
fllo461116221,138
qbja736567397,81
zkte624119346,115
jxss836947360,81
qzyx931993228,194
lddy892161479,109
hqqq274685012,79
hpnc656389449,70
lgcs444468816,70
ckwh366652158,88
cugo214412879,160
pbzr086077712,162
xcgo475490676,174
ejvp725576091,57
hfew218141557,147
zwpm725680675,168
rsko040672306,73
midh010644530,102
yqvl881954943,27
kczn627630953,150
wjic386049752,141
tkvk087888700,181
yfks639316946,228
ttga069996951,107
pvub675795274,82
lpdd790695396,173
binw038781774,30
hlah595635976,112
eegb736391613,57
kioy135162082,143
ggra298651562,112
oido128015570,67
aelx229777465,162
wwhz894474691,85
thoa006434162,107
tkqa988041879,57
gfyg956634922,125
dlpz022924883,26
eemf483587263,81
nnwo380625658,105
rgnq516125700,207
cxkp190223643,130
lnnm963096059,136
qkkj261380293,190
cnfq585285460,115
fdud921761186,122
bqwy462050673,103
qjdc856989229,180
xtxh860099974,203
immy787979021,121
bjtp385265576,174
noqt243108171,88
bxip748265909,49
jmdc696060888,147
mbmf747105233,35
bjgz954121570,105
nhgt259029934,87
ipdq520790852,162
ghze687035646,74
fdsv218237370,131
ewwo088934804,169
qjdy843134921,140
uyvg385808653,258
vrto409581428,188
zqop033113657,76
yxys070161774,212
vpje285805140,95
fbpm948764596,175
ughr789500609,36
zcgw565945518,192
slyh782352945,100
umrv829603568,53
xvfy469725513,135
pwzl543189701,65
niwg285231341,181
viin085856214,86
nrjg600637802,203
eytf838147960,172
cswl810345950,100
wxxf297994781,107
zcrc207452791,120
hctf367566774,159
nveo743269888,168
uhhg130216408,158
fbbi046540422,258
mdcl228563590,90
hgce584931446,213
txov350846244,25
afwb421888932,143
drgx385136793,141
jsqb169264014,167
vgug727115128,175
llhp284505990,112
viiq574946997,194
rzae478819917,198
yqrm947499968,214
lwnt720568812,105
cnja506652592,104
yqda489351597,106
vmzy260343210,81
bezm636306057,77
yjvf140009950,128
mjxa508626980,173
rowd944713139,237
lmld310681391,70
urvx409648470,172
uzfm516022030,145
dlzq992749580,86
pctw306331478,254
rjqd794259273,182
hddp085949426,180
yvhg725696165,86
aswh190832309,102
azya714460510,187
bcjl818724505,75
gsre431075841,102
wcow721109531,127
ldad819140202,157
fpaw318067318,125
mmtv376389579,97
hyab559201615,189
awtg913028714,139
hpcz352672904,106
sdil882342715,75
dwkc167246434,128
phlc892811371,128
nkaa013166365,188
uaus980785968,142
jued223419232,124
kbrz180970366,123
lveh074894324,131
meaf729080745,193
ncjx376502033,124
iucl633399076,120
ctei100781636,120
hvyg284902291,179
cvca945982183,105
nmhj888842761,175
mcnz354706712,113
tobo272428861,142
jfzq797069193,118
uksx877305409,133
wqsg912147779,148
qxtb482317792,137
klfo304458546,182
tfep642967441,168
lfmm805749666,89
tqnw080450819,78
ddcs415834487,18
feru598299664,142
aira496181423,64
tisu817355085,82
qyrb757689979,228
nyuv676560020,112
splr484138057,146
efbn931032943,187
cjep238276788,142
rnhw368948578,143
jfpt661326785,75
rhif369848145,48
zqaz902780916,155
iuti947067452,73
ymto939289601,67
qvcq057938422,26
nnmb755399846,140
fmrj710841116,103
ctkm956873386,238
kqux656641190,162
ksgf137225654,97
msol207158541,98
fdsh012696098,266
ehzk196577695,122
icby656235480,162
jvli102734428,52
vzms129796488,175
wrvz930215730,108
aqrd110122151,166
hlfv217183563,120
bstw386674041,155
ewpp795750497,223
whet101872182,137
fmfo140953975,255
tdvg412681970,120
ichj730724638,195
lvhj702528755,70
pjri198120431,114
srss558052841,159
tdeu883753655,97
urvv251663702,110
vzff844795501,144
gmhy668258695,63
znev378469128,52
teow059856744,114
xpgy665099865,84
bxxb268539481,63
sgug814844127,152
uqan424897429,98
uenu850294210,158
smrh650722566,131
yeql212838839,167
txkt322684053,137
ejdl511859900,162
ehsp736573089,91
flqn273590703,91
zjbl245741715,106
ohfl211913160,182
mlpy396950144,138
vvkj353798064,140
quhg183155640,163
hahb708850039,21
yxqu488448624,126
lbco330969337,69
ziuu429618356,154
kswn064865154,128
zhhh518140879,127
acbz710597814,127
ejvi889478768,58
bvre923028677,22
ehia132365802,100
zlfc803916305,53
uvee736322520,138
gfwy820232074,75
hnkx554970220,128
nuse651180293,95
qohl534003143,159
iprr628317194,160
dqbb579883588,117
isca998006466,82
qxkx847861644,108
uykb175258155,137
pzeu667176966,133
dmeo472745548,200
nwzr833307623,187
ilkq428131445,132
oqex063187728,105
lrcs403335606,52
iuzz565043728,83
risf343777199,53
owxa804530360,193
xbve908736899,63
jzwn369536637,210
jiga115918582,88
lxhp442622744,124
sqcb622038106,182
teel045980657,153
uutk417543885,203
qksv472383751,78
upqj012397830,123
qrnn530640653,121
bqnh025823626,134
xzfd423186016,48
vobr899303015,134
ayet796348958,25
gmoh365156616,103
yocq205423252,159
mwot074211608,55
vhcm302340859,120
xwvw520324745,105
ytxw539181827,78
whqx986639250,188
xvsc796531637,168
lqxj321090695,106
gtxv831048491,114
fopp513152008,139
tubv596909921,103
gssa885684082,124
byga125373603,99
ymhl309334380,26
sqga095604952,216
nbmc151660196,182
nkmq352261613,100
dnxg424482765,193
vqxh086954051,106
thfd139671322,109
xyoh603299270,170
wfri133741131,75
qqzq737355032,182
lzjv435483084,126
gsxt824714324,132
lzaf365025391,140
hept526057852,200
guzl972611481,77
vmjb519743881,81
loax996177564,68
szpf054239479,127
fuzx621397299,130
tluu225230765,82
afxx498712521,186
abka959579288,192
roey422398442,78
bsqd094342021,118
swcx755906896,91
rcey942741828,134
xmzp445824531,88
hfhk572384763,148
ibne320505266,193
ewxa745283635,63
cbbb370541973,78
snqf816289607,35
jtxd917174889,139
fwjh593164741,138
qnrm310502088,46
gbxk144942291,77
tgjv244440577,131
iakz350541523,58
pwaf690027366,193
ijyz394688013,123
smkc764785620,160
rnok988189336,115
gqfj098072262,125
yigr051025893,85
ohey125107230,181
jmhr906582962,52
gjun080926185,155
qcda436758992,167
sjbi068062670,212
fqgu953417962,106
kkyx363205925,263
okdq828275062,78
tytn965650940,133
ozpa993959008,88
jdmc144175048,168
dsek564020208,184
tuon568605939,142
czsv368827514,124
cwhd429481472,165
uyms313574555,73
kfyx459768633,84
lrol615120139,140
svyu781103925,33
ccvm684716576,84
iakl958302490,67
wxbo341827950,140
teeb019293254,210
kikr530109992,132
ctze619942656,16
qgod263069837,130
cgix265866454,49
jqzc974913540,73
okgv563293443,113
unnv615308276,112
lujp956012957,72
tfll551711118,133
jiam317103021,194
gdxr006953756,141
rlxz349652989,83
refv611882469,113
grxi444467385,87
hccn998491846,174
djmb359107854,99
tiey405636742,234
nzhu530007994,175
ywiq176328808,96
wngr016223336,240
yxxu577517788,137
lyou528718992,244
dmqc613762735,123
tyzf522260415,125
ggoh046094504,104
ycdl604872127,137
njrw746007699,149
rjma291888335,65
gsbn233505384,110
cedw100826548,173
qzks694234104,18
mait495678065,59
ztmn173611579,144
ztpo366691249,87
gxpq971722256,142
rmqn235313907,95
yyuc799755907,158
vsvc824705431,80
wvcs972307476,148
jxez399930916,97
bzfn078707248,70
vktl412219795,92
znft655834782,83
kskt854759207,77
hyux043151592,91
lbsc719295437,113
zjzf371120807,204
azfu961546481,94
cwsg845598131,124
wauq593561418,128
rftk868121846,83
lbgi896284216,124
elxd436270402,80
pkiy407384713,102
rqrr012611646,21
cgjs691919929,221
tddp265277012,167
jbsj310991055,130
faci665098287,198
gsui003384179,120
phea078889253,177
dcwo666060097,111
osqw819328554,102
ncnn455761178,107
ivqi097736724,208
twav822039720,84
wdaj159385306,197
yafi330199970,169
lxel504664556,137
aznt708248799,141
srmi862713313,122
axgw578640697,178
imzc422494937,29
oqsk305821218,162
ifuk146398368,83
tnvy034535156,119
msyf291805076,147
nkyv716928333,163
zqqp815541392,215
jktt554860170,176
ydja474971560,62
pcvz269780349,94
qkvs736026208,87
cwjj142278050,165
unak097414708,92
sunj425530234,16
wksq708159448,62
qptq913692609,130
izxn154063112,235
bnnd668053664,208
myqj496556814,103
ewpo628018169,156
mpbz498193455,135
lfkn431158159,139
zhxi721011011,167
dnoa676122688,50
rcjj351129276,98
tsfp565942102,123
lzan335958845,29
porw124204768,58
jrxx264416300,158
znat475205359,242
xymp365698128,84
txib370478343,111
cvez060376234,140
gbvc892665917,241
xczj095858269,104
hlkt353924203,130
wjsq095299773,136
xnci921220681,130
ytod825048116,92
xody434746755,100
llbw528617620,148
spgc082793916,101
cuqm879666070,209
uftb261665932,165
gcxb277393192,164
jlxf819993117,162
aevx342135787,183
xnek760674819,81
cynl434665991,133
nsyz997960170,177